component_id,category_name,subcategory_name,name,display_name,description,region,climate_zone,spectrum_position,sort_order,base_cost_per_sqft_inr,installation_cost_per_sqft_inr,cost_confidence,cost_last_updated,cost_source_notes,expected_lifespan_years,replacement_cost_factor,major_maintenance_cycle_years,major_maintenance_cost_factor,annual_minor_maint_factor,maintenance_complexity,lifecycle_source_notes,thermal_resistance_score,acoustic_score,durability_score,moisture_resistance,fire_rating,energy_impact_modifier,accessibility_score,thermal_source_notes,max_floors_supported,min_floors_required,max_span_supported_m,incompatible_with,compatible_with,requires_component,climate_restrictions,hard_block_rule,advisory_rule,advisory_message,advisory_severity,constraint_source_notes,ai_advisory_notes,pros,cons,tooltip_detail,status,verify_flags,data_filled_by
ENV-ROOF-001,Envelope,Roofing Material,gi_sheet,Galvanized Iron (GI) Sheet,Basic corrugated zinc-coated steel roofing sheet for low-cost construction.,South India,Warm-Humid;Hot-Dry,Basic,1,35,15,High,2023-04-01 00:00:00,CPWD DSR 2023 Item 13.1 GI sheet roofing; max_span confirmed per IS 875 Part 3 wind load purlin design,15,1,10,0.4,0.02,Low,ASTM E833 definitions; BRE coastal degradation factors.,2,2,4,High,Class A,-0.15,High,ECBC 2017 high U-factor without insulation.,1,1,1.2,Coastal zones without protective coatings,Steel truss; Timber truss,Under-deck insulation; Acoustic dampener,Not recommended for high salinity coastal zones within 5km of sea.,None,Avoid in high salinity environments without secondary coatings.,Highly susceptible to galvanic corrosion in coastal humidity.,Warning,IS 875 Part 3 wind uplift limits.,Listen if you are on a strict budget GI sheets seem like a steal but you will pay for it in comfort. In coastal areas like Chennai or Kerala the salt in the air will eat through these sheets in less than a decade leaving you with a rusted leaking mess. You absolutely must pair this with a false ceiling and glass wool insulation otherwise your house will be an oven in May and a drum kit during the monsoon. The biggest mistake I see is guys using cheap nails instead of J-hooks with proper bitumen washers which guarantees roof leaks within a year. Spend a little more for pre-coated Galvalume if you can stretch the budget.,Lowest initial cost;Lightweight and fast to install;Does not require heavy structural support,Poor thermal insulation;Highly susceptible to rust in coastal areas;Very noisy during monsoon rains,Basic corrugated zinc-coated steel sheet suitable for temporary or low-budget structures.,Active,None,Domain Expert
ENV-ROOF-002,Envelope,Roofing Material,clay_tile,Mangalore Clay Tile,Traditional kiln-fired terracotta interlocking roofing tile.,South India,Warm-Humid;Temperate,Intermediate,2,25,11,High,2023-04-01 00:00:00,CPWD DSR 2023 Item 12.3; annual maintenance factor corrected to 1% per BRE Digest 345 clay tile performance data,60,1,15,0.2,0.01,Medium,BRE Digest 345 lifespan benchmarks.,6,7,7,Medium,Class A,0.1,Medium,ECBC 2017 compliant natural thermal lag.,1,1,0.4,Flat roof architectures,Timber batten; Steel batten,Waterproof underlayment; Steep pitch truss,Requires minimum 20 degree slope for monsoon runoff.,Pitch must exceed 20 degrees.,Ensure high-quality treated timber or steel for battens to prevent sagging.,Timber batten decay causes tile slippage.,Moderate,NBC 2016 load requirements.,Mangalore tiles are what our grandfathers used and honestly for Kerala and coastal Karnataka they are still the best for keeping a house naturally cool. The air gap under the tiles drops indoor temperatures by a good 4 to 5 degrees compared to concrete. But here is the catch local carpenters often use unseasoned wood for the battens which sags and rots from moisture causing the tiles to slip. Always pair these with a sturdy steel truss or treated hardwood and make sure the pitch is steep enough so monsoon water does not back up. While cheaper than RCC upfront remember you will need someone to go up there every few years to clean off the moss and replace cracked tiles.,Excellent natural cooling;Long lifespan of 60+ years;Aesthetically pleasing vernacular design,Heavy dead weight requires strong frame;Requires regular moss cleaning;Brittle and can break under impact,Traditional extruded terracotta tiles offering excellent thermal lag and rain protection.,Active,None,Domain Expert
ENV-ROOF-003,Envelope,Roofing Material,rcc_slab,Concrete RCC Slab,125mm thick M20 grade reinforced cement concrete slab.,South India,Warm-Humid;Hot-Dry;Temperate,Heavy-Standard,3,160,83,High,2023-04-01 00:00:00,Aggregated from CPWD DSR 2023 Items 5.2.2 5.9.3 and 5.22.6.,75,1.2,15,0.3,0.01,Medium,BRE concrete carbonation models.,3,8,10,High,Class A,-0.2,High,ECBC 2017 Table 4.4 requires over-deck insulation.,100,1,4.5,Lightweight load-bearing walls,Cool roof tiles; Brick bat coba,Weathering course; Over-deck insulation,None,None,Mandatory weathering course required in Hot-Dry zones.,Extreme thermal mass requires mitigation.,Critical,IS 456 span-to-depth ratio constraints.,Everybody wants a flat concrete slab because it feels solid and lets you build another floor later but it comes with hidden costs. A bare 5-inch RCC slab is going to soak up the sun all day and radiate heat into your bedroom all night. You absolutely must factor in the cost of a proper weathering course or cool roof tiles on top to survive the summer. The most common disaster I fix is poor shuttering and insufficient water curing by hurried masons which leads to micro-cracks and damp patches that ruin your interior paint. It is the most durable option but only if you do not cut corners on the steel or the waterproofing.,Ultimate structural durability;Allows for future vertical expansion;Highest fire and wind resistance,Retains massive amounts of heat;High capital and installation cost;Extremely heavy dead load,Standard 125mm cast-in-situ reinforced concrete slab providing maximum structural integrity.,Active,None,Domain Expert
ENV-ROOF-004,Envelope,Roofing Material,precoated_metal,Pre-coated Metal Sheet,Galvalume steel sheet with PVDF reflective coating.,South India,Hot-Dry;Warm-Humid,Performance,4,45,16,High,2023-04-01 00:00:00,Derived from CPWD DSR 2023 Item 12.50 minus 10% South India index.,25,1,10,0.1,0.01,Low,ASTM E833 EUL for PVDF coatings.,4,3,6,High,Class A,0.05,High,ECBC 2017 compliant as cool roof if high SRI.,1,1,1.5,None,Steel purlins; Insulation boards,Self-drilling screws with EPDM washers,None,None,Ensure cuts are treated with anti-corrosion paint.,Raw cut edges will corrode in humidity.,Moderate,IS 875 wind load capabilities.,If you want a modern clean look without the massive weight of concrete pre-coated Galvalume is a fantastic middle-ground. The factory paint job especially if you pick a light color acts as a heat reflector which is a lifesaver in places like Andhra and inland Tamil Nadu. However contractors often ruin these sheets by cutting them with abrasive grinders that destroy the zinc edge leading to edge-rust in humid weather. You need to ensure they use proper self-drilling screws with EPDM rubber washers not cheap local screws that perish in the sun. It costs more than bare GI but the fact that you will not replace it for 25 years makes it worth the upgrade.,Excellent corrosion resistance;Light colors act as an energy-saving cool roof;Low maintenance requirements,More expensive than basic GI sheets;Can still transmit noise during heavy rain;Requires precise sealing at joints,High-grade aluminum-zinc alloy coated steel with a factory-applied weather resistant finish.,Active,None,Domain Expert
ENV-ROOF-005,Envelope,Roofing Material,green_roof,Extensive Green Roof,Engineered lightweight soil and vegetation over waterproofing.,South India,Temperate;Warm-Humid,High-Performance,5,250,100,Medium,2023-04-01 00:00:00,Market rate green roof installers Bangalore/Chennai 2024; ₹100/sqft validated: drainage cell 25 + growing medium 35 + sedum planting 20 + labour 20,40,0.8,1,0.05,0.15,High,Extends membrane life but requires high biological upkeep.,9,9,8,High,Class A,0.25,Low,ECBC 2017 superior thermal resistance.,100,1,5,Weak structural spans; Sloped roofs > 20 degrees,RCC Slab; Automated drip irrigation,Root barrier membrane; Drainage mat,Requires high ambient moisture or dedicated irrigation.,Must sit on RCC or heavy structural deck.,Verify structural dead load capacity before installation.,Saturated soil creates massive dead load.,Critical,IS 456 dead load calculations.,A green roof is the ultimate luxury and eco-friendly choice transforming your unused terrace into a garden that acts as a massive thermal blanket. However it is not for the faint of heart and you absolutely must start with a heavily reinforced RCC slab designed to take the immense dead weight of wet soil. The biggest mistake is treating the waterproofing and root barrier as an afterthought once the soil is down finding a leak is a nightmare that will cost you lakhs to excavate and fix. It pairs beautifully with automated drip irrigation systems but you must be prepared for the ongoing maintenance costs to keep the plants alive and the drainage mats clear. Only go for this if you have the budget to do it perfectly from day one.,Superior thermal insulation and cooling;Extends lifespan of underlying roof membrane;Reduces urban heat island effect,Extremely high installation and maintenance cost;Adds massive dead weight to the structure;Requires highly skilled waterproofing,A multi-layered ecosystem installed on top of a flat roof to provide exceptional insulation.,Active,None,Domain Expert
WS-004,Envelope,Wall System,hollow_concrete_block,Hollow Concrete Block,Vibro-compacted cementitious block with large voids. High structural capacity but poor thermal resistance.,South India,All,Basic,40,85,140,High,2023-04,CPWD DSR 2023 Item 4.8.1; adjusted -10% for TN/KA.,100,1.3,50,0.25,0.01,Low,ASTM E833; highly durable cementitious matrix.,2,5,9,8,120,0.6,8,ECBC 2017. High k-value (1.396 W/m.K); massive thermal bridge.,4,1,5,Uninsulated Habitable Spaces,RCC Frame;Load Bearing,Cement Mortar,None,None,Avoid as primary envelope without insulation,High thermal conductivity will cause severe heat gain in summer.,Medium,ECBC 2017 Opaque Wall rules.,I usually recommend hollow concrete blocks for compound walls or commercial godowns rather than your primary residence. They are cheap fast to build with and structurally very strong but they trap heat like an oven in the summer. If you do use them for a house we absolutely must fill the cavities with insulation or use a heavy exterior cladding to stop the heat transfer. Make sure the block manufacturer uses good quality stone aggregate not just quarry dust or the blocks will be brittle and break during transit.,Highly structural;Cost effective;Rapid construction,Extremely poor insulation;Heavy dead load;Can be brittle if poorly made,Robust utilitarian block excellent for load-bearing walls but requires secondary thermal insulation.,Active,None,UBIE_EXPERT
WS-005,Envelope,Wall System,fly_ash_brick,Fly Ash Brick,Eco-friendly block made from thermal power plant waste. High density low mortar usage cost-effective.,South India,All,Basic,50,75,130,High,2023-04,CPWD DSR 2023; high availability near TN/AP thermal plants.,80,1.2,50,0.2,0.01,Low,Highly uniform minimal plaster degradation over time.,4,6,8,7,120,0.9,9,ECBC 2017. Moderate k-value (0.856 W/m.K).,3,1,4,None,RCC Frame;Load Bearing,Cement Mortar,None,None,None,Good budget option ensure proper curing.,Low,IS 1905.,Fly ash bricks are the budget-friendly workhorse of modern construction utilizing waste from our local thermal power plants. They are uniformly shaped which saves you a lot of money on plastering thickness and they absorb much less water than the cheap local table-molded red bricks. However they do not keep the heat out as well as AAC or Porotherm blocks so your AC bills might be slightly higher. If you are building a straightforward rental property or a budget home they offer the best value without compromising structural safety.,Very cost effective;Uniform dimensions save mortar;Utilizes industrial waste,Heavy dead load;Moderate thermal insulation;Aesthetic is purely utilitarian,Dense economical brick made from recycled power plant ash offering high strength and low water absorption.,Active,None,UBIE_EXPERT
WS-001,Envelope,Wall System,wire_cut_brick,Wire-cut Red Brick,Extruded high-temperature fired solid clay brick offering high compressive strength and traditional aesthetics.,South India,All,Basic,10,120,190,High,2023-04,CPWD DSR 2023 with -12% regional modifier for South India.,150,1.5,70,0.3,0.01,Low,BRE Digest 345; ASTM E833.,3,7,9,7,240,0.8,8,ECBC 2017 Table 4.5. High thermal conductivity (0.81 W/m.K).,3,1,4.5,None,RCC Frame;Load Bearing,Cement Mortar,None,None,Needs exterior plaster in coastal zones,Ensure high-quality exterior plaster to prevent moisture ingress.,Medium,IS 1905,You can't go wrong with the classic wire-cut red brick; it is what our grandfathers built with and is practically indestructible. However the quality of local clay in South India varies and these bricks absorb a lot of water during the monsoons. We need to ensure top-notch external plastering and waterproofing especially in coastal Kerala or Chennai. It takes longer to build and requires much more mortar pushing up your labor costs compared to using large blocks.,Extremely durable;High fire rating;Traditional aesthetic,High labor cost;Poor thermal insulation;High embodied energy,Classic fired clay brick with excellent structural strength but poor thermal resistance.,Active,None,UBIE_EXPERT
WS-002,Envelope,Wall System,aac_block,Solid Block (AAC),Autoclaved Aerated Concrete block. Highly lightweight excellent thermal insulation ideal for RCC frame infill.,South India,All,Standard,20,100,160,High,2023-04,CPWD DSR 2023 Item 6.38; Bangalore labor matrix.,80,1.2,40,0.2,0.02,Low,Manufacturer data; sensitive to early-stage shrinkage cracking.,9,6,6,4,240,1.4,9,ECBC 2017 Table 4.5. Superior k-value (0.184 W/m.K).,1,1,3.5,Load Bearing > G+1,RCC Frame,Polymer Jointing Adhesive,None,MAX_FLOORS_LOAD_BEARING=1,Do not use standard cement mortar,Use dedicated polymer block adhesive to prevent severe shrinkage cracking.,High,NBC 2016; Manufacturer limits.,Look AAC blocks are fantastic for keeping the house cool during those brutal Chennai or Hyderabad summers and they speed up the work immensely. But please do not let your mason use regular cement mortar to join them or you will see terrible shrinkage cracks within a year. You absolutely must use the dedicated polymer-modified block joining adhesive and thin joints. Also they are lighter which saves on foundation steel but you cannot hang heavy kitchen cabinets directly without special toggle bolts.,Excellent thermal insulation;Lightweight saves steel;Fast execution,Prone to hairline cracks;Requires special wall anchors;High water absorption,Lightweight cellular concrete block offering superior insulation and reduced structural dead load.,Active,None,UBIE_EXPERT
WS-007,Envelope,Wall System,cseb,CSEB (Earth Block),Sustainable pressed earth blocks stabilized with minor cement content ideal for ecological construction.,South India,Hot-Dry;Temperate,Standard,70,90,160,Medium,2023-04,Auroville Earth Institute CSEB cost data 2023; major maintenance factor corrected to 12% per 20yr cycle (repointing + stabiliser surface coat),80,1.5,40,0.12,0.03,High,Susceptible to rain erosion if overhangs are insufficient.,5,7,6,4,120,1,4,Auroville parameters. Thermal mass dominant.,2,1,3,High Rainfall Coastal Zones,Mud Mortar;Lime Mortar,Onsite Soil Testing,Avoid Heavy Monsoon Zones,None,Requires 28-day curing,Ensure blocks are fully cured on site before load is applied.,High,Auroville Earth Institute manuals.,Compressed earth blocks are a brilliant eco-friendly choice especially popular in sustainable projects around Auroville and Pondicherry. They are cheaper to produce than fired bricks and use much less energy but the key is getting the soil mix exactly right directly on your site. If your contractor doesn't cure them with water for a full four weeks they will be weak and crumble under load. I suggest pairing them with a traditional Madras terrace roof and lime mortar for the ultimate sustainable climate-responsive home.,Ultra-low embodied energy;Can be made on site;Good thermal mass,Strict curing requirements;Quality relies on local soil;Not for heavy rain zones,Sustainable pressed earth blocks stabilized with minor cement content ideal for ecological construction.,Active,None,UBIE_EXPERT
WS-003,Envelope,Wall System,porotherm_block,Porotherm (Hollow Clay),Horizontally or vertically perforated extruded clay block. Excellent thermal and acoustic properties.,South India,All,High-Performance,30,115,175,Medium,2023-04,Wienerberger India Porotherm technical data 2023; Karnataka PWD SOR 2024-25; major maintenance factor corrected to 10% per 20yr cycle,100,1.4,60,0.10,0.01,Medium,BRE Digest 345. Requires specialized fixing hardware long-term.,8,8,7,6,120,1.3,7,Manufacturer data. Micro-pores and voids reduce conduction.,3,1,4,Heavy Chasing,RCC Frame;Specialized Load Bearing,Specialized Wall Plugs,None,None,Avoid in heavy plumbing walls,Do not use for bathroom walls where heavy concealed plumbing requires deep chasing.,High,Field observations; IS 1905.,These hollow clay blocks are excellent for Bangalore's temperate climate giving you natural thermal insulation and a very cool interior. But a word of warning: I have seen many plumbers completely ruin the structural integrity of these walls by aggressively hammering chases for pipes. You need to plan your electrical and plumbing lines meticulously preferably running them outside or through dedicated service shafts. They are slightly more expensive than AAC but provide a superior acoustic barrier and a much longer lifespan without cracking.,High thermal performance;Excellent acoustic barrier;Eco-friendly clay,Difficult to chase for plumbing;Brittle during transport;Requires special fasteners,Advanced hollow clay blocks providing natural insulation and soundproofing through cellular air cavities.,Active,None,UBIE_EXPERT
WS-006,Envelope,Wall System,rammed_earth,Stabilized Rammed Earth,Monolithic earth walls compacted in layers with 5-9% cement stabilization. High thermal mass high aesthetic value.,South India,Hot-Dry;Temperate,High-Performance,60,250,450,Estimate,2023-04,CRATerre rammed earth maintenance guidelines; South India stabilised RE field data; annual factor corrected to 2% (surface resealing + lime wash),100,2,5,0.15,0.02,High,Tech-Dry specifications; requires surface sealant cycle every 3-5 years.,7,9,6,3,120,1.2,3,High thermal mass delays heat transfer; not absolute resistance.,2,1,3.5,High Rainfall Coastal Zones,Timber Roof;Madras Terrace,Formwork,Avoid Heavy Monsoon Zones,None,Requires massive roof overhangs,Must design with 'hat and boots' to protect from rain erosion.,High,Tech-Dry maintenance protocols.,I only recommend rammed earth if you have a large plot a dedicated architect and plenty of patience for the process. It gives a beautiful natural look and keeps the house incredibly cool due to the thick thermal mass but you have to protect it from our heavy monsoons. You must design the house with wide roof overhangs—what we call a good hat and boots—to prevent the rain from eroding the walls over time. The initial cost is surprisingly high because it is so labor-intensive and you will need to reapply a surface sealer every three to five years.,Beautiful monolithic aesthetic;Incredible thermal mass;Low embodied carbon,Very expensive labor;Requires regular sealing;Vulnerable to driving rain,Architectural earthen wall system compacted on site offering supreme thermal mass and natural aesthetics.,Active,None,UBIE_EXPERT
WS-008,Envelope,Wall System,cavity_wall,Double-Wythe Cavity Wall,Two parallel masonry wythes separated by a continuous air space. Superior moisture barrier and insulation.,South India,All,High-Performance,80,200,320,Medium,2023-04,CPWD DSR 2023 Item 6.6; significant labor overhead.,150,1.6,70,0.3,0.01,Medium,BRE Digest 345; requires weep hole maintenance.,9,9,9,9,240,1.5,5,ECBC 2017 envelope trade-off. Continuous air gap prevents conduction.,2,1,4,Thin Foundations,RCC Frame;Face Brick,Steel Wall Ties,None,None,Ensure cavity remains clear of mortar droppings,Mortar bridging the cavity will cause localized dampness on the inner wall.,High,IS 1905; CPWD specifications.,If you have the budget and want the ultimate protection against heavy rains and heat a cavity wall is the absolute gold standard. It takes significantly more time and skilled labor to build two separate walls and tie them together properly with metal wall ties. You will lose some valuable carpet area because the finished wall is much thicker usually around 10 to 12 inches. However the continuous air gap completely stops water penetration and provides incredible natural insulation for coastal places like Kochi or Mangalore.,Ultimate moisture barrier;Superior thermal insulation;Excellent acoustics,Very high cost;Reduces interior carpet area;Slow construction speed,Premium dual-wall assembly providing absolute resistance to capillary moisture and excellent thermal performance.,Active,None,UBIE_EXPERT
FND-TYP-001,Foundation,Foundation Type,Strip Foundation,Strip Footing,Continuous shallow foundation supporting load-bearing masonry walls.,India-South,"Hot-Humid, Composite, Temperate",Basic,1,180,120,High,2024-Q1,"CPWD DSR 2023, adjusted -12% South India market",80,1.2,20,0.1,0.01,Low,"BRE Digest 345, IS 1905",6,5,6,Medium,4hr,0.02,2,ECBC 2017 Mass Wall baseline,2,1,4,Black Cotton Soil|Marine Clay,Load Bearing Brick|Laterite Block,PCC Leveling Bed,None,Prohibited in expansive soils without stabilization.,If soil is expansive; switch to plinth beam or pile.,Strip foundations will crack significantly in expansive soils.,IS 1905; NBC 2016,"For a basic load-bearing structure in inland areas like rural Karnataka, a strip foundation is your cheapest option. However, never use this in black cotton soils. Ensure the trench is excavated to hard soil and the PCC bed is perfectly leveled. A common mistake is inadequate curing of the continuous concrete strip, leading to shrinkage cracks before the walls even go up.",Low cost|Simple excavation|Requires less steel,Prone to differential settlement|Limited to low-rise|Cannot handle point loads,Standard continuous footing for masonry walls. Highly economical but restricted to firm soils and max G+1 structures.,,Approved,,Expert-01
FND-TYP-002,Foundation,Foundation Type,Isolated Footing,Isolated Column Footing,Independent reinforced concrete pads supporting individual structural columns.,India-South,"Hot-Humid, Composite, Temperate",Basic,2,220,130,High,2024-Q1,"CPWD DSR 2023, adjusted -10% South India market",100,1.5,0,0,0.01,Low,"BRE Digest 345, ASTM E833",5,5,7,Medium,4hr,0.02,2,ECBC 2017 Mass Wall baseline,4,1,6,Black Cotton Soil|Marine Clay,RCC Framed Structure|Plinth Beams,PCC Leveling Bed|RCC Column,None,SBC must exceed 150 kN/m2.,Tie columns with plinth beams in seismic zones.,Isolated footings provide no defense against differential settlement unless tied.,IS 456; NBC 2016,"For a standard G+1 or G+2 house in inland Tamil Nadu or Karnataka, an isolated footing is your most economical choice assuming the soil is firm red earth or gravel. Never skip the PCC leveling course, as it protects your steel from direct soil moisture, which is a common mistake made by inexperienced crews. Ensure the excavation is backfilled and compacted properly to avoid water logging around the column base during the monsoon. While it's cheaper than a raft, it offers no protection against differential settlement if your soil has varying densities.",Economical for RCC frames|Fast execution|Standardized design,Vulnerable to differential settlement|Requires firm soil|Excavation volume is high,Individual concrete pads for columns. The industry standard for low to mid-rise residential construction on firm inland soils.,annual_minor_maint_factor,Approved,,Expert-01
FND-TYP-003,Foundation,Foundation Type,Plinth Beam + Isolated,Tied Isolated Footing,Isolated footings strictly tied together with heavy reinforced plinth beams to resist seismic and settlement forces.,India-South,"Hot-Humid, Composite, Temperate",Balanced,3,260,150,High,2024-Q1,"CPWD DSR 2023, adjusted -10% South India market",100,1.5,0,0,0.01,Low,BRE Digest 345,5,5,8,Medium,4hr,0.02,2,ECBC 2017 Mass Wall baseline,5,1,7,Marine Clay,RCC Framed Structure,PCC Leveling Bed|RCC Column|Plinth Beam,None,SBC must exceed 130 kN/m2.,Recommended over standard isolated footings for any structure > G+2.,Plinth beams are crucial to prevent wall cracks due to minor soil movement.,IS 456; IS 1893,"This is the ideal balanced choice for any serious residential project in South India. By tying the isolated footings together with a plinth beam, you prevent the columns from spreading during minor seismic events or uneven soil settlement. The cost is about 15-20% higher than plain isolated footings due to the extra steel and formwork for the beams. Make sure the plinth beam rests on firm compacted earth or a brick soling layer, otherwise it will sag over time.",Resists differential settlement|Better seismic performance|Supports heavy ground floor walls,More expensive than basic isolated|Requires more steel|Complicates under-floor plumbing,Enhanced isolated foundation system tied with grade beams. Essential for multi-story residential structures to maintain structural integrity.,,Approved,,Expert-01
FND-TYP-004,Foundation,Foundation Type,Raft Foundation,Mat / Raft Foundation,Continuous massive reinforced concrete slab covering the entire footprint to distribute heavy loads over weak soils.,India-South,"Hot-Humid, Composite, Temperate",High-Performance,4,380,180,High,2024-Q1,"CPWD DSR 2023, adjusted -10% South India market",120,2.5,25,0.15,0.02,Medium,"BRE Digest 345, ACI 360R",8,6,9,High,4hr,0.08,3,"ECBC 2017 Table 4.2, High thermal mass",8,1,8,None,Basement Construction|High-Rise RCC,Waterproofing Membrane|Perimeter Insulation,None,None,Mandatory for soils with SBC < 100 kN/m2.,Massive concrete pours require strict temperature control to prevent thermal cracking.,High volume concrete requires RMC and boom pumps.,IS 456; NBC 2016,"If you are building in the coastal belts of Kerala or on the black cotton soils of Andhra Pradesh, a raft foundation is non-negotiable to prevent catastrophic structural cracking. It works by floating the entire house like a boat, distributing the heavy loads over a massive surface area. The cost is significantly higher than isolated footings due to the immense volume of steel and M25/M30 concrete required. First-time owners often try to cut costs here, but failing to provide a continuous slab will lead to differential settlement and thousands of rupees in later wall repairs. Always use continuous perimeter insulation if building a basement to meet ECBC norms.",Excellent for weak soils|Prevents differential settlement|Acts as a ground floor slab,Very high CapEx|Requires massive concrete volume|Complex steel detailing,"A massive continuous slab foundation. Required for loose coastal sands, expansive clays, or high-rise structures. major_maintenance_cost_factor",Approved,,Expert-01
FND-TYP-005,Foundation,Foundation Type,Pile Foundation,Bored Cast-in-Situ Pile,Deep foundation system using bored vertical concrete pillars to transfer loads to deep hard strata.,India-South,"Hot-Humid, Composite, Temperate",High-Performance,5,2800,1200,High,2024-Q1,"CPWD DSR 2023, Rate per running meter, -10% South India",100,3,0,0,0.01,High,"NBC 2016, FHWA standards",5,5,9,High,4hr,0,1,Negligible thermal impact,20,2,10,Hard Rock (shallow),Pile Cap|Grade Beam,Rotary Drilling Rig|Pile Cap,None,Requires specialized heavy machinery access.,Must be capped with RCC pile caps and tied with grade beams.,Pile load testing is mandatory before commencing superstructure work.,IS 2911; NBC 2016,"Pile foundations are the ultimate solution for waterlogged coastal areas like Kochi or Chennai where surface soil has zero bearing capacity. We use rotary rigs to drill down 10 to 30 meters until we hit hard rock, then cast the RCC pile. This is not for a standard budget home due to the massive mobilization cost of the rigs and the specialized labor required. A common mistake is improper flushing of the borehole before pouring concrete, which weakens the pile tip. Always use sulfate-resisting cement (SRC) or PPC in coastal areas to prevent seawater from corroding the deep reinforcement cages.",Reaches deep stable strata|Highest load capacity|Impervious to surface soil changes,Extreme CapEx|Requires heavy drilling rigs|Cannot be visually inspected post-pour,Deep foundation system utilizing vertical concrete columns drilled deep into the earth. Essential for skyscrapers or heavily waterlogged coastal zones.,,Verified,,Expert-01
INS-001,Envelope,Insulation,No_Insulation,Baseline (No Insulation),"A standard uninsulated building envelope. Relies solely on thermal mass, offering extremely poor thermal resistance against solar radiation.",South India,"Warm-Humid, Hot-Dry, Temperate",Baseline,1,0,0,High,2023-04-01 00:00:00,Baseline default,50,0,0,0,0,Low,N/A,0,0,0,Low,N/A,1,10,ECBC Baseline Models,99,0,99,None,All Envelope Types,None,None,None,Highly discouraged for occupied spaces under ECBC 2017.,Lack of insulation will result in severe thermal gain and massive HVAC operational costs.,High,ECBC 2017,"As a contractor here in Chennai for 20 years, I see folks skip insulation completely to save money upfront. It is the biggest mistake you can make in South India. The summer sun bakes concrete slabs up to 60 degrees Celsius, and all that heat radiates straight into the bedrooms at night. You will spend three times your savings on AC bills within five years. If budget is tight, at least throw down a layer of reflective foil.",Zero upfront cost|Zero installation time|No material degradation,Massive thermal heat gain|Exorbitant electricity bills|Poor occupant comfort,"An uninsulated envelope offering minimal thermal resistance, resulting in high AC loads.",Active,,UBIE AI Data Agent
INS-002,Envelope,Insulation,Bubble_Foil_8mm,Bubble Foil Reflective (8mm),Radiant barrier insulation of polyethylene bubbles and reflective aluminum foil. Reflects up to 97% of radiant heat with an adjacent airspace.,South India,"Warm-Humid, Hot-Dry, Temperate",Economy,2,12,8,Medium,2023-04-01 00:00:00,"South India insulation market rate 2024; bubble foil 8mm: ₹10-14/sqft supply (Thermoheat/Superlon), ₹6-8/sqft install; values within validated range",20,1.2,20,1,0.01,Low,Manufacturer data,4,1,5,High,Class B (Combustible),0.35,9,Manufacturer Datasheets,99,0,99,Direct contact with hot flues,"Pitched metal roofs, clay tile roofs, false ceilings",Requires minimum 25mm air gap to function,None,Do not install without an adjacent air gap.,Tape all seams with aluminum foil tape to maintain vapor barrier integrity.,Failing to tape seams or leaving no air gap nullifies the radiant reflective properties of the foil.,Medium,General Building Physics,"Over the years, I've retrofitted hundreds of hot metal sheet roofs in Kerala and Andhra with this bubble foil. It is incredibly cheap and works miracles against direct radiant heat. But here is the catch: it only works if there is an air gap. The biggest rookie mistake is sticking it completely flat against a hot surface, which ruins its reflective power. Always use aluminum tape on the seams to stop moisture from sneaking through.",Highly cost-effective|Excellent radiant heat barrier|Acts as a moisture vapor barrier,Poor conductive thermal resistance|Requires air gap to function|Lower lifespan than rigid boards,Cost-effective radiant barrier ideal for pitched roofs to reflect solar heat.,Active,None,UBIE AI Data Agent
INS-003,Envelope,Insulation,EPS_Board_50mm,EPS Board (50mm),"Expanded Polystyrene rigid foam board. A lightweight, cost-effective insulation offering good conductive thermal resistance.",South India,"Warm-Humid, Hot-Dry, Temperate",Standard,3,27,10,High,2023-04-01 00:00:00,DSR 2023 12.36.1 (-10% South India),50,1.5,50,0.5,0.02,Medium,BRE Digest 345,6,2,7,Medium,Class F (Self-Extinguishing),0.25,9,IS 4671-1984 / ECBC 2017,99,0,99,"Hot asphalt roofing, solvents","Masonry walls, concrete roofs (below membrane)",Gypsum drywall or thermal barrier for fire safety,Requires care in heavy monsoon zones (Kerala),Must not be exposed directly to interior spaces due to fire hazard.,Protect from direct UV exposure and solvent-based adhesives.,EPS degrades rapidly under direct sunlight and melts on contact with certain chemical solvents.,High,IS 1641 / NBC 2016,"EPS is your standard, bread-and-butter insulation for budget projects across Tamil Nadu and Karnataka. It gives you a great R-value for the price. However, my advice is never to use it for inverted roofs where water can reach it, because over time it absorbs a tiny bit of moisture and loses its thermal power. Also, ensure your crew doesn't leave the boards sitting out in the blazing sun for days before installation, as UV rays destroy the surface.",Good thermal resistance per Rupee|Lightweight and easy to cut|Decent compressive strength,Slightly moisture absorbent|Combustible and produces toxic smoke|Degrades under UV light,Cost-effective rigid foam board offering standard conductive heat resistance.,Active,,UBIE AI Data Agent
INS-004,Envelope,Insulation,Glasswool_Roll_50mm,Glasswool Roll (50mm),Flexible blanket insulation spun from recycled glass. Offers excellent thermal and acoustic properties but requires strict moisture protection.,South India,"Warm-Humid, Hot-Dry, Temperate",Standard,4,18,10,High,2023-04-01 00:00:00,DSR 2023 7274 (-10% South India),50,1.3,50,0.2,0.01,Low,BRE Digest 345,6,8,5,Low,Class A1 (Non-combustible),0.25,8,IS 8183 / Saint-Gobain Datasheet,99,0,99,"Damp basements, open humid areas","Drywall partitions, false ceilings, HVAC ducting",Vapor barrier membrane (Polyethylene),Avoid in unsealed Warm-Humid coastal applications,Never compress the material tightly into cavities.,Mandatory vapor barrier installation on the warm side of the envelope.,"Without a vapor barrier, glasswool will absorb moisture from the humid air, destroying its R-value and fostering mold.",High,Saint-Gobain Technical Guidelines,"If you are doing interior partitions or false ceilings in an AC office in Bangalore, glasswool is fantastic because it's cheap and stops noise from traveling between rooms. But be extremely careful if you are building in humid coastal Kerala. The worst mistake you can make is installing this without a thick plastic vapor barrier. If humid air gets inside and hits the cold AC wall, the fiberglass acts like a sponge, gets soaked, and turns completely useless.",Non-combustible fire rating|Good acoustic soundproofing|Flexible and easy to stuff in gaps,Loses all R-value if wet|Requires protective gear to install (itchy fibers)|Compressing it destroys efficiency,Flexible fiberglass blanket excellent for dry cavities and acoustic partitions.,Active,,UBIE AI Data Agent
INS-005,Envelope,Insulation,Rockwool_Slab_50mm,Rockwool Slab (50mm),Dense mineral wool slab from spun basalt rock. Provides exceptional acoustic attenuation and supreme non-combustible fire resistance.,South India,"Warm-Humid, Hot-Dry, Temperate",Performance,5,10,12,Medium,2023-04-01 00:00:00,"Rockwool India distributor price 2024; 50mm 48kg/m3: ₹10/sqft supply, ₹12/sqft install — within market range; acoustic slab variants higher but 48kg/m3 validated",50,1.2,50,0.1,0.01,Low,BRE Digest 345,7,10,8,Low,Class A1 (Non-combustible),0.2,7,IS 8183 / Rockwool Technical Data,99,0,99,Unsealed high-moisture subterranean zones,"Acoustic partitions, fire-rated walls, curtain walls",Vapor barrier in humid climates,Careful detailing required in Warm-Humid zones,Do not place directly against wet exterior masonry.,Must be paired with a vapor barrier to prevent interstitial condensation.,"While superior to glasswool, continuous exposure to moisture will still degrade the binder and thermal performance.",Medium,IS 1641 / NBC 2016,"Rockwool is the heavyweight champion for commercial builds or home theaters. It blocks out street noise better than anything else, and it simply does not burn. The CPWD DSR rate shows it very cheap, but finding high-density acoustic slabs locally can sometimes cost you a bit more. The installation crew hates it because it is heavy and itchy, but it is incredibly durable. Just make sure the wall cavity is watertight before you seal it up.",Supreme fire resistance (A1)|Unbeatable acoustic soundproofing|Does not shrink or degrade over time,Heavier and harder to handle|Requires PPE during installation|Moisture can degrade performance without barriers,High-density mineral slab offering elite fire protection and acoustic dampening.,Active,None,UBIE AI Data Agent
INS-006,Envelope,Insulation,XPS_Board_50mm,XPS Board (50mm),"Extruded Polystyrene rigid board. A premium, fully closed-cell insulation with immense compressive strength and moisture impermeability.",South India,"Warm-Humid, Hot-Dry, Temperate",Premium,6,51,15,High,2023-04-01 00:00:00,DSR 2023 8561 (-15% South India),50,1.8,50,0.5,0.01,Medium,BRE Digest 345,9,3,10,High,Class F (Self-Extinguishing),0.15,8,ECBC 2017 / Dow Building Solutions,99,0,99,Hot asphalt adhesives,"Inverted flat roofs, subterranean walls, heavy load floors",Waterproofing membrane (for inverted roofs),None,Must be covered by a fire-rated thermal barrier in interior occupied spaces.,Ideal for Inverted Roof Membrane Assembly (IRMA) on concrete slabs.,Ensure boards are tightly butted and weighted down with gravel or pavers to prevent wind uplift in IRMA setups.,Low,NBC 2016,"Over my 20 years building high-end homes in Chennai and Hyderabad, I always push clients toward XPS for their concrete flat roofs. It is more expensive than EPS, but it is a one-time investment. Because it is totally waterproof, you can put it right on top of your waterproofing membrane to protect the membrane from the brutal sun. The biggest mistake rookies make is leaving gaps between the boards; always use shiplap edges or seal the joints tightly.",Highest thermal resistance per inch|Completely waterproof and moisture resistant|High compressive strength for foot traffic,Highest upfront material cost|Combustible without thermal barriers|Low acoustic soundproofing value,Premium closed-cell rigid board providing elite thermal and moisture resistance.,Active,,UBIE AI Data Agent
INS-007,Envelope,Insulation,PUF_Board_50mm,PUF Board (50mm),"Polyurethane foam rigid board. Offers the highest R-value per inch available, commonly used in sandwich panels and cold storage.",South India,"Warm-Humid, Hot-Dry, Temperate",Premium,7,45,15,Medium,2023-04-01 00:00:00,"Kirby/Lloyd PUF panel India distributor 2024; 50mm PUF board ₹40-55/sqft supply, ₹12-18/sqft install; ₹60 total within validated range",40,1.5,40,0.5,0.01,Medium,BRE Digest 345,10,4,8,High,Class F (Self-Extinguishing),0.12,8,ECBC 2017,99,0,99,Unprotected UV exposure,"Industrial sandwich panels, cold storage",Thermal barrier for interior use,None,Must be covered by a fire-rated thermal barrier in interior spaces.,Ensure proper joint sealing to prevent thermal bridging between panels.,Improper sealing at joints will cause significant energy loss despite the high R-value of the panel itself.,Low,NBC 2016,"If you are building a commercial cold storage or an industrial shed in Andhra, PUF is the way to go. It gives you the maximum thermal resistance you can possibly get for a 50mm thickness. However, the cost trade-off is high, and it must be installed perfectly. A common mistake is poorly sealing the panel joints, which completely defeats the purpose of buying premium insulation. Make sure you use a compatible foam sealant on every single edge.",Maximum R-value per inch|Lightweight and highly rigid|Inherently moisture resistant,High upfront cost|Slight R-value degradation over decades|Combustible without fire barriers,Premium high-efficiency polyurethane board ideal for space-constrained high R-value applications.,Active,None,UBIE AI Data Agent
INS-008,Envelope,Insulation,Glasswool_Board_50mm,Glasswool Board (50mm),Rigid fiberglass board offering stable thermal resistance and excellent acoustic properties for HVAC and false ceiling applications.,South India,"Warm-Humid, Hot-Dry, Temperate",Standard,8,22,12,Medium,2023-04-01 00:00:00,"Saint-Gobain India glasswool price list 2024; 50mm 16kg/m3: ₹20-24/sqft supply, ₹10-12/sqft install; ₹34 total within validated range",50,1.3,50,0.2,0.01,Low,BRE Digest 345,6,8,6,Low,Class A1 (Non-combustible),0.25,8,IS 8183 / Saint-Gobain Datasheet,99,0,99,"Damp basements, open humid areas","False ceilings, HVAC ducting",Vapor barrier membrane (Polyethylene),Avoid in unsealed coastal applications,Mandatory vapor barrier installation on the warm side of the envelope.,Use foil-faced rigid boards to provide an inherent vapor barrier.,Using unfaced boards in humid areas will lead to interstitial condensation and mold growth.,High,Saint-Gobain Technical Guidelines,"For commercial false ceilings in Chennai, glasswool rigid boards are much easier to work with than the rolls. They do not sag over time and they look cleaner during installation. The climate caveat remains the same: humidity is its worst enemy. Always pair this with a foil facing to act as a vapor barrier. The slight bump in cost over a standard roll saves you hours of frustrating labor trying to keep flexible batts suspended overhead.",Non-combustible fire rating|Excellent acoustic soundproofing|Rigid shape prevents sagging over time,Loses all R-value if wet|Requires protective gear to install|More expensive than rolled fiberglass,Rigid fiberglass board excellent for false ceilings and HVAC acoustic insulation.,Active,None,UBIE AI Data Agent
UB-STR-001,Structure,Structural System,Load Bearing Masonry (Clay),Load Bearing Brick Masonry,Traditional structural system transferring live and dead loads through thick continuous solid clay brick walls down to the strip foundation.,South India (TN/KA/KL/AP),Warm-Humid/Hot-Dry/Composite,Basic,1,650,400,High,2024-10-01 00:00:00,CPWD PAR 2023 adjusted -12% for South India parity,86,1.2,15,0.15,0.015,Low,BRE Digest 345 / ASTM E833,7.5,8.5,8,Medium,240,0.95,5,ECBC 2017 Table 4.2 / High HC,3,1,4,Open Ground Storey (Stilt Parking),Traditional Wood Roof|RCC Slab,Continuous Strip Footing Foundation,Requires damp proofing in coastal/heavy rainfall areas,Max 3 floors per IS 1905,Unsuitable for highly seismic zones or open parking layouts.,Load bearing walls cannot be altered or removed after construction.,Warning,NBC 2016|IS 1905,"As a contractor who's built homes in Chennai and Mysore for 20 years, I can tell you load-bearing brick is perfect for a simple ground-plus-one house if you want excellent natural cooling and heavy soundproofing. Pair it with a traditional sloped roof or a simple RCC slab, but do not plan on knocking down walls later for modern open renovations. The absolute biggest mistake homeowners make is using poorly fired local bricks or skipping the continuous plinth beam, which leads to massive structural wall cracks when the black cotton clay soil shifts during our monsoons. It is much cheaper upfront than an RCC frame, but you forever sacrifice the flexibility to add multiple floors or open up the floor plan later.",High thermal mass naturally cools interiors|Excellent acoustic isolation (STC 60)|Lowest initial structural materials cost,Zero architectural flexibility post-construction|Strict structural limit of 3 floors|Thick load-bearing walls consume valuable interior carpet area,Traditional system relying on thick continuous walls. Excellent for natural climate control but severely restricts future design modifications.,Active,None,AI
UB-STR-002,Structure,Structural System,Load Bearing Masonry (AAC),Load Bearing AAC Block Masonry,Lightweight structural masonry utilizing Autoclaved Aerated Concrete blocks to reduce foundation loads while maintaining thermal insulation.,South India (TN/KA/KL/AP),Warm-Humid/Hot-Dry/Composite,Balanced,2,700,350,High,2024-10-01 00:00:00,CPWD DAR Vol 1 adjusted -12% for South India parity,86,1.2,15,0.15,0.015,Low,BRE Digest 345,8.5,5.5,7,High,240,0.85,5,ECBC 2017 Table 4.2 / Low U-Value,2,1,4,Open Ground Storey (Stilt Parking),Lightweight Steel Roof|RCC Slab,Polymer-Modified Thin-Bed Adhesive Mortar,None,Max 2 floors due to lower compressive strength,Requires strict 3mm-4mm thin bed mortar joints.,Improper traditional thick mortar leads to immediate shear cracking.,Warning,IS 1905|Manufacturer Datasheets,"If you are building a quick two-storey home in the hot interiors of Andhra or Karnataka, using AAC blocks for load-bearing walls will save you massive amounts of money on electricity because they trap the AC cooling perfectly. You must pair them with specialized thin-bed polymer adhesive; the most common and disastrous mistake local masons make is using thick traditional cement mortar, which dries unevenly and cracks every single block on the wall. They build 30% faster than red bricks and keep the house much cooler, but be aware they don't block heavy street noise nearly as well as dense clay bricks. It's a great mid-range option if you have a tight budget but want excellent thermal performance.",Extremely low thermal U-value saves energy|Lightweight reduces foundation construction costs|Rapid masonry assembly speed,Lower acoustic STC rating permits street noise|Highly sensitive to improper mortar application|Strict limit of 2 floors for load-bearing applications,Modern lightweight cellular blocks offering superior thermal insulation and construction speed but lower acoustic density than clay.,Active,None,AI
UB-STR-003,Structure,Structural System,RCC Frame (M25),Standard RCC Frame (M25 Grade),Monolithic structural framework of M25 concrete columns and beams carrying all building loads completely independent of the exterior infill walls.,South India (TN/KA/KL/AP),Warm-Humid/Hot-Dry/Composite,Standard,3,850,470,High,2024-10-01 00:00:00,CPWD PAR 2023 adjusted -12% for South India parity,81,1,20,0.2,0.02,Medium,BRE Digest 345 / ASTM E833,4,6,9,High,240,1.1,5,ECBC 2017 / Thermal bridging present,20,1,6,None,AAC Block Infill|Solid Brick Infill,Isolated Footing Foundation,Requires meticulous water curing during extreme summer heat (AP/TN),Requires minimum 20mm slab and 40mm column clear concrete cover,Strict water-cement ratio control required on site during manual mixing.,Info,IS 456|NBC 2016,In my 20 years pouring concrete across South India,"standard M25 RCC framed structures are the absolute undisputed standard for anything above two floors, giving you complete freedom for open layouts. Pair the heavy concrete frame with lightweight AAC blocks for the infill walls to drastically reduce the dead load on the foundation and keep the home cooler during our harsh summers. A very common and fatal mistake I see on local sites is laborers adding too much water to the mix for easy pouring, and then skipping the 28-day water curing in the peak heat, which permanently ruins the concrete's strength. While it costs 15-20% more than load-bearing walls initially, the long-term durability and flexibility to add extra rental floors make it the smartest investment for growing families.",High structural strength capable of 20+ storeys|Completely flexible open architectural floor plans|Excellent 4-hour fire resistance,Higher initial cost and slower wet-construction timeline|High embodied carbon footprint|Requires rigorous on-site quality control for curing,Standard heavy-duty concrete framework for multi-story buildings. Allows walls to act merely as non-structural partitions.,Active,None,AI
UB-STR-004,Structure,Structural System,RCC Frame (M30+),High-Performance RCC Frame (Coastal),High-strength M30+ concrete framework utilizing low-permeability matrices to prevent chloride ingress in aggressive coastal environments.,South India (TN/KL/AP Coastal),Warm-Humid/Composite,High-Performance,4,1050,470,High,2024-10-01 00:00:00,RMC Market Rates adjusted against CPWD DSR,81,1,30,0.25,0.02,High,BRE Digest 345,4,6.5,9.5,Very High,240,1.1,5,ECBC 2017 / Infill Dependent,40,1,8,None,AAC Block Infill|Anti-Carbonation Paint,Ready-Mix Concrete (RMC) Plant Access,Mandatory for coastal zones within 5km of the sea,Requires specialized pressure-relief admixtures to prevent fire spalling,Plant-mixed concrete only; manual site mixing prohibited for this grade.,Warning,IS 456|IS 1641,If you are building a villa anywhere near the coast in Chennai,"Kochi, or Vizag, you absolutely cannot use standard concrete; you must upgrade to an M30 Ready-Mix concrete frame. The salty, humid ocean air will invisibly penetrate standard concrete within a decade, rusting the steel rebars inside and causing the pillars to violently crack and fall apart—a process we call spalling. Pair this high-grade frame with anti-carbonation exterior paints for maximum lifespan. It will cost you roughly Rs 1, 300 more per cubic meter upfront compared to standard concrete, but it completely saves you from catastrophic, multi-lakh structural repair bills 15 years down the line.",Impervious to coastal chloride rust attacks|Supports higher loads and longer structural spans|Significantly extends major maintenance cycles,Highest wet-construction material cost|Requires heavy truck access for Ready-Mix delivery|Extremely dense concrete risks explosive spalling in sudden fires,Specialized high-density concrete frame explicitly engineered to survive aggressive salt-laden coastal environments without rusting.,Active,None,AI
UB-STR-005,Structure,Structural System,Steel Frame (LGSF),Light Gauge Steel Frame (LGSF),Cold-formed high-tensile galvanized steel framework offering ultra-rapid mechanical assembly and an exceptional strength-to-weight structural ratio.,South India (TN/KA/KL/AP),Warm-Humid/Hot-Dry/Composite,Premium,5,950,250,Medium,2024-10-01 00:00:00,Tata BlueScope market rates / DSR parity,83,1.1,12,0.1,0.01,Low,BRE Digest 345,3.5,4,8.5,Low,120,1.2,5,ECBC 2017 / High thermal bridging,4,1,8,Heavy Masonry Infill walls,Fiber Cement Boards|Acoustic Mineral Wool,Raft Foundation or Light Strip Footing,Requires high-grade hot-dip galvanization in coastal areas,Must be coated in humid/coastal zones to prevent rapid oxidation,High risk of hidden corrosion if exposed to coastal air without proper joint sealing.,Warning,IS 800|NBC 2016,I've been working with new construction tech across Bangalore and Hyderabad,"and LGSF is unmatched if you need your house built in literally half the normal time. You must pair this bare steel frame with high-density acoustic mineral wool and thick fiber cement boards; otherwise, the interior walls will sound hollow like a drum and transfer extreme exterior heat inside. In our humid coastal areas like Kerala, failing to use high-grade galvanized steel or failing to paint cut joints will lead to invisible, catastrophic corrosion inside your walls. It is definitely more expensive than standard RCC, but you save massive amounts of money on labor timelines and deep foundation costs because the structure is 40% lighter.",Extremely rapid construction timeline slashes labor costs|High strength-to-weight ratio saves massive foundation costs|Highly recyclable sustainable material,Requires specialized trained mechanical labor|Low acoustic mass causes hollow sound transmission|Severe hidden corrosion risk in coastal areas if untreated,Modern rapid-construction system using galvanized steel profiles. Ideal for fast deployment but requires strict acoustic and thermal insulation.,Active,,AI
UB-STR-006,Structure,Structural System,Prefab Concrete,Precast Concrete Panels,Factory-manufactured structural concrete sandwich panels transported and hoisted into place by heavy cranes for ultimate precision and span.,South India (TN/KA/KL/AP),Warm-Humid/Hot-Dry/Composite,High-Performance,6,1150,300,Medium,2024-10-01 00:00:00,DSR 2023 precast parity adjusted -12% for South India,81,1,25,0.25,0.02,High,BRE Digest 345,9,8.5,9.5,High,240,0.8,5,ECBC 2017 / Sandwich Panel R-Value,20,1,10,Irregular custom curved floor plans,Standardized Modular Layout Grids,Heavy Mobile Crane Site Access,Elastomeric joint sealants must withstand heavy continuous monsoons,Requires strict adherence to IS 15916 1M modular tolerances,Elastomeric joint failure or tolerance misalignment leads to severe water ingress during monsoons.,Critical,IS 15916|NBC 2016,Over the last two decades,"I've seen precast concrete evolve into a fantastic premium option that guarantees a flawless factory-level finish and absolutely zero honeycombing in the concrete. It pairs perfectly with minimalist, modern architectural designs requiring massive, column-free open spans. The most catastrophic mistake contractors make on site is poor elastomeric joint sealing and millimeter misalignment during crane installation, which guarantees massive water leakage straight into your living room during our heavy monsoon downpours. It requires a much higher initial budget and wide road access for the heavy cranes compared to site-mixed RCC, but the zero-maintenance smooth finish and 80-year lifespan are exceptional.",Exceptional factory-finish quality and density|Ultra-rapid on-site assembly completely eliminates formwork|High durability and acoustic density (STC 55+),Highest initial capital and logistics cost|Requires wide road access for heavy mobile cranes|Highly inflexible for future architectural modifications,Advanced factory-produced structural system ensuring maximum quality control and massive open spans. Highly dependent on perfect joint sealing.,Active,,AI
UB-STR-007,Structure,Structural System,Hybrid (Steel+RCC),Hybrid Composite (Steel Columns + RCC Slab),Premium combination of structural steel support columns with conventional reinforced concrete floor slabs to maximize span and acoustic mass.,South India (TN/KA/KL/AP),Warm-Humid/Hot-Dry/Composite,High-Performance,7,1100,350,Estimate,2024-10-01 00:00:00,Mixed DSR 2023 rates adjusted -12% for South India,83,1.15,20,0.2,0.015,Very High,BRE Digest 345,4.5,6.5,9,Medium,180,1.1,5,Engineering estimates / Mixed mass,10,1,12,None,AAC Block Exterior Walls,Specialized Welded Shear Studs,Requires intumescent fire protection for exposed steel members,Strict composite connection detailing required between steel and concrete via shear studs,Differential thermal expansion between steel and concrete can cause structural joint cracking.,Warning,NBC 2016,For high-end luxury residential projects,"combining structural steel columns with conventional RCC concrete slabs gives you the ultimate mix of massive open spaces and rock-solid flooring. Pair this system with AAC blocks for the exterior walls to maintain traditional thermal mass against the intense South Indian heat. A frequent and dangerous installation mistake is poor welding detailing at the connection joints between the steel beams and the concrete slab, which causes dangerous thermal movement cracks over time as the steel expands in the summer heat. This is the most expensive and logistically complex option on the spectrum, but it completely solves the bouncy vibration issues of purely steel buildings while building much faster than pure concrete.",Massive unsupported open architectural spans (12m+)|Concrete completely eliminates floor vibration common in steel buildings|Faster vertical construction progression than pure RCC,Highest overall spectrum structural cost|Extremely complex detailing required at composite joints|Requires simultaneous mobilization of mixed specialized labor trades,Premium structural combination maximizing open spatial spans via steel while maintaining strict floor solidity via concrete.,Active,,AI
FLR-001,Finishes,Flooring,cement_screed,Cement Screed,25mm plain cement mortar screed over structural slab. Basic utilitarian finish for service areas and garages.,South India,Warm-Humid|Hot-Dry|Temperate|Composite,Basic,1,22,18,High,2024-Q1,CPWD DSR 2023 Item 11.1; -12% South India,20,0.9,8,0.15,0.02,Low,BRE Digest 345,2,3,5,Medium,Non-Rated,1.0,9,High conductivity concrete. ECBC 2017.,20,1,N/A,None,All structural systems,PCC sub-base,None,None,Not suitable as finished floor for living areas without sealer,Cement screed will dust and develop hairline cracks within 3 years without a sealer or hardener.,Warning,IS 2571,Cement screed is what you use when you want to keep costs absolutely minimal or when you plan to add tiles later. Do not leave it as finished floor in any living area - without a sealer it will dust and crack within 2-3 monsoon seasons. Best in utility rooms and garages. If doing it in bedrooms apply a floor hardener like Fosroc Cemeprotect before occupation.,Lowest cost option|Fast to lay|Good base for future tile work,Dusty and cracks without sealer|Poor aesthetics|Slippery when wet,Basic cement mortar finish. Best as sub-floor base or in utility areas. Requires sealing for habitable spaces.,Active,None,AI
FLR-002,Finishes,Flooring,ceramic_tile,Ceramic Tile,Kiln-fired glazed clay tile 600x600mm. Entry-level finish for wet areas and budget housing.,South India,Warm-Humid|Hot-Dry|Temperate|Composite,Basic,2,48,28,High,2024-Q1,CPWD DSR 2023; Bangalore/Chennai market rate,25,0.8,10,0.10,0.01,Low,BRE Digest 345; Asian Granito data,3,4,6,High,Non-Rated,1.0,8,Slightly lower density than vitrified. ECBC 2017.,20,1,N/A,None,All structural systems,Cement mortar bedding,None,None,Avoid on large spans without expansion joints,No expansion joints over 8m will cause lippage and cracking.,Info,IS 13630,Ceramic tile is fine for bathrooms and utility areas but I would not use it in living rooms - vitrified tiles are only 20-30% more and last longer. Use polymer-modified adhesive for first floor and above - straight cement mortar causes hollow spots that crack within 5 years. Buy 10% extra from the same batch as shade matching from different batches is nearly impossible.,Low cost|Good for wet areas|Wide design variety,Lower strength than vitrified|Grout stains over time|Batch shade variation,Standard glazed ceramic tile. Ideal for bathrooms and kitchens. Use polymer adhesive on upper floors.,Active,None,AI
FLR-003,Finishes,Flooring,vitrified_tile,Vitrified Tile,Double-charged or full-body vitrified tile less than 0.5% water absorption. Dominant floor finish in South India. 600x600mm to 1200x1200mm formats.,South India,Warm-Humid|Hot-Dry|Temperate|Composite,Standard,3,75,32,High,2024-Q1,CPWD DSR 2023; Kajaria/Somany/RAK market rate,30,0.75,15,0.08,0.005,Low,Manufacturer warranty; BRE Digest 345,3,4,8,Very High,Non-Rated,1.0,9,Dense vitreous body; stays cool in summer. ECBC 2017.,20,1,N/A,None,All structural systems,Polymer tile adhesive,None,None,Use anti-skid variant in bathrooms and staircases,Polished vitrified tile is extremely slippery when wet. Anti-skid mandatory in bathrooms and staircases.,Warning,IS 15622; NBC 2016,"Vitrified tile is my standard recommendation for 90% of South India homes - hard, near-zero water absorption and easy to clean. Always specify anti-skid for bathrooms and outdoor areas. For large format tiles above 800x800mm use polymer adhesive and back-butter the tile. Buy 12% extra from the same lot as shades vary between production batches.",Extremely durable and stain resistant|Low maintenance|Wide size and design range,Cold underfoot in winter|Slippery when polished and wet|Grout needs periodic resealing,"Dominant flooring in South India. Near-zero water absorption, high durability, easy cleaning. Available up to 1200x1200mm.",Active,None,AI
FLR-004,Finishes,Flooring,kotah_stone,Kotah Stone,"Natural blue-grey limestone from Kota, Rajasthan. 20-25mm thick slabs. Traditional premium natural stone popular in Karnataka and TN.",South India,Warm-Humid|Hot-Dry|Temperate|Composite,Standard,4,58,38,High,2024-Q1,CPWD DSR 2023; Kotah stone Bangalore market,60,0.6,20,0.05,0.01,Low,BRE Digest 345; natural stone benchmarks,4,5,9,Medium,Non-Rated,0.95,7,Natural limestone; moderate thermal mass. Cool in summer. ECBC 2017.,20,1,N/A,None,All structural systems,White cement bedding|Stone sealer,None,None,Seal annually in high-humidity zones,Kotah stone is porous and stains from cooking oil if not sealed. Apply penetrating sealer every 2 years.,Info,IS 1130,Kotah stone is a fantastic traditional choice that gets better with age. Apply penetrating stone sealer immediately after laying and again every 2 years especially in kitchens. Natural variation in hand-split thickness needs a skilled mason - machine-cut Kotah is more uniform but costs more.,60-year lifespan|Natural cool feel in summer|Unique aesthetic that improves with age,Porous - requires annual sealing|Irregular thickness needs skilled mason|Heavy dead load,"Traditional natural limestone. Cool underfoot, develops character with age. Requires sealing to prevent staining.",Active,None,AI
FLR-005,Finishes,Flooring,polished_granite,Polished Granite,18-20mm natural granite slab polished to mirror finish. Abundant local quarries in Karnataka and AP. Extremely durable premium natural stone.,South India,Warm-Humid|Hot-Dry|Temperate|Composite,Performance,5,110,52,High,2024-Q1,CPWD DSR 2023; Bangalore granite market (local KA quarry),60,0.55,25,0.04,0.008,Low,BRE Digest 345; natural stone industry,3,5,10,High,Non-Rated,0.95,7,Very dense crystalline rock; excellent thermal mass. ECBC 2017.,20,1,N/A,None,All structural systems,White cement bedding,None,None,Anti-skid treatment mandatory in bathrooms and staircase landings,Polished granite is extremely slippery when wet. Anti-skid treatment or honed finish mandatory in wet areas.,Warning,IS 1130; NBC 2016,"South India is one of the best places in the world to use granite - we have some of the finest quarries right here in Karnataka and Andhra with Black Galaxy, Tan Brown and Steel Grey internationally exported at excellent local prices. Granite is essentially indestructible and the only maintenance is re-polishing every 15-20 years. Always use white cement bedding on light-coloured granites - grey cement bleeds through joints permanently.",Virtually indestructible 60-year lifespan|Locally available at good prices|Scratch and stain resistant,Cold and hard underfoot|Heavy structural dead load|Slippery when polished - needs anti-skid,Local South India natural stone. Near-indestructible 60-year lifespan. Abundant and affordable from Karnataka and AP quarries.,Active,None,AI
FLR-006,Finishes,Flooring,indian_marble,Indian Marble,"Polished natural marble (Makrana White, Ambaji, Indian Green) 18mm thickness. Premium natural stone for living rooms and master bedrooms.",South India,Warm-Humid|Temperate|Composite,Premium,6,185,65,High,2024-Q1,Market rate Bangalore stone market; CPWD DSR 2023,50,0.65,10,0.10,0.02,Medium,BRE Digest 345; natural stone trade,4,5,7,Medium,Non-Rated,0.95,7,Crystalline stone; moderate thermal mass. Cool in summer. ECBC 2017.,20,1,N/A,None,All structural systems,White cement bedding|Marble polish|Penetrating sealer,Avoid in high-humidity kitchens without sealing,None,Seal before occupation; prohibit acidic cleaners,"Marble etches permanently from lemon juice, vinegar and acid-based bathroom cleaners.",Warning,IS 1130,"Marble gives your home a timeless prestige no tile can replicate. The number one complaint is etching - acid from lemon, tamarind or bathroom cleaners leaves dull marks permanently. Apply premium penetrating sealer before occupation and give strict instructions - no acidic cleaners ever. Avoid in South India kitchens where masala cooking will stain it constantly. Use white cement bedding - grey cement shows through white marble.",Timeless premium aesthetics|Cool and pleasant underfoot|Increases property value,Etches from acidic cleaners|Requires annual sealing|Slippery when polished and wet,Premium natural crystalline stone for living rooms and bedrooms. Avoid in kitchens. Requires acid-free cleaners and annual sealing.,Active,None,AI
FLR-007,Finishes,Flooring,engineered_wood,Engineered Wood / Laminate,Multi-layer HDF core with real wood veneer or laminate surface. Warm underfoot. Moisture-sensitive - use with caution in humid South India.,South India,Temperate|Composite,Premium,7,155,25,Medium,2024-Q1,"South India engineered wood market 2024; Greenply/Unilin 8mm AC3: ₹140-160/sqft supply, ₹22-28/sqft install; ₹180 total validated at mid-market",15,0.9,8,0.20,0.02,Medium,Manufacturer warranty; BRE Digest 345,7,6,5,Low,Non-Rated,1.05,8,Wood fibre layers provide moderate insulation. Warmer underfoot than stone. ECBC 2017.,20,1,N/A,High humidity rooms|Bathrooms|Ground floor without DPC,RCC Frame|LGSF,Moisture barrier underlay|Expansion gap perimeter,Avoid in Warm-Humid coastal zones without dehumidification,BLOCK_IN_WET_AREAS,Never install in bathrooms kitchens or flood-prone ground floors,Engineered wood swells and delaminates from sustained moisture. Confirm damp-proofing before laying.,Strong-Warning,Manufacturer installation guides,"I am always cautious recommending wood flooring in South India because our climate is the enemy of wood. In Bangalore and Coorg it works beautifully in bedrooms and studies. But in Chennai, Kochi or coastal Andhra the humidity will cause boards to expand and buckle within 2 monsoon seasons unless you have a well-sealed air-conditioned room. Always insist on a 5mm perimeter expansion gap and 2mm foam moisture barrier underlay. Never install on ground floor without proven damp-proof course.",Warm and comfortable underfoot|Fast click-lock installation|Acoustic dampening,Swells in humidity - not for coastal zones|Short 12-15yr lifespan|Cannot get wet,Wood-look flooring with HDF core. Warm underfoot. Not suitable for humid coastal zones or wet areas.,Active,None,AI
HVAC-001,Systems,HVAC,natural_ventilation,Natural Ventilation Only,"Passive cooling through building orientation, cross-ventilation and thermal mass. Zero mechanical cooling. Viable only in temperate zones.",South India,Temperate|Composite,Baseline,1,0,0,High,2024-Q1,No capital cost,60,0,0,0,0,Low,No mechanical components; lifespan equals building lifespan,2,2,10,Low,Non-Rated,0.0,10,Dependent on building form and orientation. ECBC 2017 passive design.,20,1,N/A,Dense urban plots with no prevailing breeze,All structural systems,Cross-ventilation openings in design,Not viable in Hot-Dry or Warm-Humid zones above 34C,BLOCK_IN_HOT_DRY_ABOVE_34C,Must be validated by passive design analysis,"Natural ventilation only is not viable in Chennai, Hyderabad or coastal AP summers.",Strong-Warning,ECBC 2017 passive design; NBC 2016,"Natural ventilation only works in Bangalore, Coorg and the South India hill stations where temperatures rarely cross 32 degrees. In Chennai, Hyderabad, Tirupati or coastal Kerala do not design a home without mechanical cooling - your family will suffer every summer. Orient the long axis east-west, ensure cross-ventilation with openings on opposite walls and maximise thermal mass in walls and roof.",Zero energy cost|Zero maintenance|Environmentally optimal,Not viable in hot-humid or hot-dry climates|Depends on plot orientation|No humidity control,Zero-cost passive cooling. Only viable in temperate zones like Bangalore highlands. Not suitable for hot coastal cities.,Active,None,AI
HVAC-002,Systems,HVAC,ceiling_fans,Ceiling Fans + Natural Ventilation,BLDC or standard ceiling fans in all rooms. Baseline mechanical comfort. Essential in all South India residential construction.,South India,Warm-Humid|Hot-Dry|Temperate|Composite,Economy,2,10,3,High,2024-Q1,Market rate Havells/Orient BLDC; 1 fan per 150sqft,12,0.95,5,0.15,0.03,Low,Manufacturer warranty 2-5 years; replacement cycle 10-15 years,1,1,7,Low,Non-Rated,0.3,10,No thermal conditioning. Air movement only. ECBC 2017.,20,1,N/A,None,All structural systems,Fan hook sleeve cast in slab|Single-phase wiring,Insufficient sole cooling in Hot-Dry zones above 38C,None,Provision fan hook sleeves during slab casting,Fan hook sleeves must be cast into the RCC slab. Retrofitting costs 10x more and weakens the slab.,Warning,IS 374; NBC 2016 electrical,"Every South India home must have ceiling fans regardless of what other cooling system is installed. Even with AC, fans reduce the cooling load dramatically and let you run AC at a higher thermostat setting saving electricity. The biggest mistake I see is builders not casting fan hook sleeves into the RCC slab - retrofitting through finished slabs costs ten times more. BLDC fans use 30-35 watts versus 70-80 watts for standard fans and the savings pay back the price difference in 2-3 years.",Extremely low cost|Very low energy|Universal availability for repair,Only moves air - no real cooling above 38C|Cheap bearings get noisy after 3 years|No humidity control,Essential baseline for all South India homes. BLDC variants save significant electricity. Cast fan hook sleeves during slab work.,Active,None,AI
HVAC-003,Systems,HVAC,split_ac_3star,Split AC — 3-Star (Per Room),1.5 Ton 3-star non-inverter split AC per room. Standard room-by-room cooling for mid-range residential.,South India,Warm-Humid|Hot-Dry|Composite,Standard,3,90,20,High,2024-Q1,Market rate Daikin/Voltas/LG; 1 unit per 180sqft incl copper piping,12,0.9,5,0.20,0.05,Medium,BEE star data; 5yr compressor warranty,8,5,6,Medium,Non-Rated,2.8,8,Active refrigerant cooling; COP 2.8-3.0. ECBC 2017 Section 4.,20,1,N/A,None,All structural systems,Dedicated 15A circuit per unit|Outdoor unit mounting provisions,None,None,Plan outdoor unit location and copper pipe sleeves during construction,AC pipe sleeves through walls must be planned during construction. Retrofitting through finished walls is expensive and ugly.,Warning,BEE standards; IS 1391,The 3-star split AC is what most clients install because upfront cost is lower even though it costs more to run. My strong recommendation is to spend the extra 15-20% on a 5-star inverter model - in South India where ACs run 8-10 months a year the savings are Rs 4000-6000 per unit per year. During construction cast the copper pipe sleeves through the wall and plan a dedicated 15-amp circuit for each AC from the DB board.,Effective full cooling and dehumidification|Room-by-room control|Widely serviceable,High electricity consumption|Outdoor units need wall space|Annual servicing essential,Standard room-by-room split AC. Most common in South India. Plan piping sleeves and outdoor unit brackets during construction.,Active,None,AI
HVAC-004,Systems,HVAC,split_ac_5star,Split AC — 5-Star Inverter (Per Room),1.5 Ton 5-star inverter split AC per room. Variable speed compressor. 30-40% lower running cost than 3-star.,South India,Warm-Humid|Hot-Dry|Composite,Performance,4,115,22,High,2024-Q1,Market rate Daikin/Mitsubishi/Hitachi 5-star inverter incl installation,15,0.85,6,0.18,0.04,Medium,BEE data; 10yr compressor warranty Daikin/Mitsubishi,9,6,7,Medium,Non-Rated,2.2,8,Variable refrigerant inverter; COP 4.0-5.0 at part load. ECBC 2017 Section 4.,20,1,N/A,None,All structural systems,Dedicated 15A circuit per unit|Outdoor unit mounting,None,None,Match AC capacity precisely to room load - oversizing reduces efficiency,Oversized inverter AC short-cycles and fails to dehumidify properly. Do a room heat load calculation.,Info,BEE 5-star standards; IS 1391,The 5-star inverter AC is what I recommend for every client planning to live long-term in the house. Yes it costs Rs 8000-12000 more per unit upfront but in South India where ACs run from March to November the savings of Rs 4000-6000 per year per unit means payback in under 3 years. It also maintains temperature far more precisely - the room stays at exactly 24 degrees without the on-off cycling that wakes you at night.,30-40% lower electricity vs 3-star|Quieter variable speed operation|Longer compressor life,Higher upfront cost|Complex electronics higher repair cost|Requires proper load calculation,Energy-efficient inverter AC. Higher upfront cost recovered in 2-3 years via electricity savings.,Active,None,AI
HVAC-005,Systems,HVAC,centralised_ducted_ac,Centralised Ducted AC,Single central AHU with insulated ductwork to all rooms concealed in false ceiling. For homes above 2500 sqft.,South India,Warm-Humid|Hot-Dry|Composite,Premium,5,290,60,Medium,2024-Q1,"Daikin/Carrier South India dealer quotes 2024; ducted VRF system ₹280-320/sqft supply, ₹55-65/sqft install per sqft conditioned area; ₹350 total validated",20,0.8,5,0.25,0.06,High,ASHRAE 90.1; manufacturer data,10,8,7,Medium,Non-Rated,3.2,9,Central refrigerant plant; COP 3.0-4.5. ECBC 2017 Section 4.,3,1,N/A,Low false ceiling height below 9ft|Narrow corridor homes,RCC Frame|LGSF,False ceiling min 9in depth|Condensate drain line|3-phase power supply,None,REQUIRES_FALSE_CEILING_DEPTH_9IN,Must be designed before false ceiling and electrical layout are finalised,Ducted AC must be coordinated with false ceiling and electrical during design. Cannot be retrofitted easily.,Strong-Warning,ASHRAE 62.1; NBC 2016,"Centralised ducted AC makes a home feel truly premium - no visible outdoor units, no individual remotes, just clean grilles in the false ceiling. But it requires careful planning before construction because ductwork, condensate drain lines and electrical feeds must be coordinated with structural beams and false ceiling design. The biggest mistake is clients deciding to add ducted AC after the false ceiling is done - very expensive and disruptive. Annual duct cleaning is mandatory in South India because our dusty humid conditions breed mould inside ducts.",Uniform cooling across all rooms|No outdoor units on every facade|Quiet invisible system,Very high upfront cost|Requires 9in+ false ceiling depth|Complex duct cleaning maintenance,Central air handling with concealed ductwork. Premium invisible cooling for large homes. Must be designed before construction begins.,Active,None,AI
GLZ-001,Envelope,Glazing,single_clear_glass,Single Clear Float Glass,4-6mm clear annealed float glass in aluminium frame. Minimum code-compliant glazing. Very poor thermal and solar performance.,South India,Warm-Humid|Hot-Dry|Temperate|Composite,Basic,1,65,35,High,2024-Q1,CPWD DSR 2023; Saint-Gobain/Modi Glass market rate,20,0.9,8,0.10,0.02,Low,BRE Digest 345; glass industry standards,2,3,6,High,Non-Rated,1.8,10,U-value 5.8 W/m2K; SHGC 0.86. Very poor thermal barrier. ECBC 2017 Table 4.6.,20,1,N/A,West-facing large windows in Hot-Dry zones,Aluminium frame|Timber frame|uPVC frame,Aluminium or uPVC frame,Not recommended for west-facing elevations in Hot-Dry zones,None,Must have external shading on west and south elevations,Single clear glass on west elevation will cause severe solar heat gain in South India. External shading mandatory.,Strong-Warning,ECBC 2017 Section 4; NBC 2016,Single clear glass is the absolute minimum and I do not recommend it for new construction in South India. The U-value of 5.8 means it conducts heat almost as fast as no glass. On a west-facing room in Chennai or Hyderabad it will make the room unbearable from 2pm to 7pm even with AC running continuously. If budget is very tight at minimum use tinted or reflective glass which cuts solar heat gain by 40-50% for a small additional cost.,Lowest cost glazing|Universally available|Easy to replace,Very poor thermal insulation|High solar heat gain|No acoustic benefit,Basic single-layer clear glass. Very poor thermal performance. West-facing windows will severely overload AC.,Active,None,AI
GLZ-002,Envelope,Glazing,tinted_reflective_glass,Tinted / Reflective Glass,"4-6mm tinted (bronze, grey, blue) or solar reflective coated glass. Reduces solar heat gain by 40-60% vs clear glass.",South India,Warm-Humid|Hot-Dry|Composite,Standard,2,90,35,High,2024-Q1,CPWD DSR 2023; Saint-Gobain Cool-Lite market rate,20,0.85,10,0.08,0.02,Low,Manufacturer data Saint-Gobain; BRE Digest 345,3,4,6,High,Non-Rated,1.3,10,U-value 5.7 W/m2K; SHGC 0.35-0.55. ECBC 2017 Table 4.6.,20,1,N/A,None,Aluminium frame|uPVC frame,Aluminium or uPVC frame,None,None,Reflective glass reduces natural light - balance with larger window area,Dark tinted glass makes interiors gloomy. Balance solar control with daylight adequacy.,Info,ECBC 2017 Section 4.5,Tinted or solar reflective glass is a very cost-effective upgrade and I recommend it as the minimum standard for any window above 2 sqft on west and south elevations. Saint-Gobain Cool-Lite cuts solar heat gain by 40-60% directly reducing AC load and electricity bill. The main thing to watch is daylight - very dark tints make rooms feel cave-like so I usually specify medium tints that balance solar control with natural light.,40-60% reduction in solar heat gain|Moderate cost upgrade|Reduces AC load significantly,Reduces natural daylight|Reflective exterior can disturb neighbours|No improvement in U-value,Solar control glass cutting heat gain by 40-60%. Good value upgrade for west and south-facing windows.,Active,None,AI
GLZ-003,Envelope,Glazing,dgu_clear,Double Glazed Unit (DGU),6mm clear + 12mm air gap + 6mm clear insulating glass unit in thermally broken frame. Better thermal and acoustic performance.,South India,Warm-Humid|Hot-Dry|Temperate|Composite,Performance,3,295,65,Medium,2024-Q1,"Saint-Gobain India DGU price list 2024; 5+12+5mm clear DGU ₹280-310/sqft supply, ₹60-70/sqft install; ₹360 total validated",25,0.75,12,0.10,0.02,Medium,BS EN 1279; manufacturer data,7,7,7,High,Non-Rated,1.2,9,U-value 2.8 W/m2K; SHGC 0.70. Double thermal resistance of single glazing. ECBC 2017.,20,1,N/A,None,Thermally broken aluminium frame|uPVC frame,Thermally broken frame - mandatory,None,REQUIRES_THERMALLY_BROKEN_FRAME,Thermally broken frame mandatory - standard aluminium negates DGU thermal benefit,DGU in standard non-thermally-broken aluminium frame loses most of its thermal benefit through the metal frame.,Strong-Warning,ECBC 2017; BS EN 14351,Double glazing reduces both heat gain and outside noise significantly - a massive quality of life improvement near busy roads. The critical thing most people do not realise is you MUST specify a thermally broken aluminium or uPVC frame - putting DGU into a standard aluminium frame loses almost all the thermal benefit because heat conducts straight through the metal. Cheap locally fabricated DGUs from small shops fail within 5-7 years when the seal breaks and the cavity fogs up.,Much better acoustic insulation|Lower U-value than single glazing|Eliminates condensation,High cost - 4x single glass|Thermally broken frame mandatory|Heavy - needs strong frames,Two panes with sealed air gap. Better thermal and acoustic insulation. Thermally broken frame is mandatory to realise full benefit.,Active,None,AI
GLZ-004,Envelope,Glazing,dgu_low_e,Double Glazed Low-E (Solar Control),6mm Low-E coated + 12mm Argon + 6mm clear DGU. Low emissivity coating reflects infrared while admitting visible light. Best thermal and solar performance.,South India,Warm-Humid|Hot-Dry|Composite,High-Performance,4,420,75,Medium,2024-Q1,"Pilkington/Saint-Gobain Low-E DGU India price 2024; Low-E 5+12+5mm ₹400-450/sqft supply, ₹70-80/sqft install; ₹495 total validated",25,0.7,12,0.08,0.02,Medium,BS EN 1279; Saint-Gobain technical data,9,8,7,High,Non-Rated,0.9,9,U-value 1.6 W/m2K; SHGC 0.35. Argon fill + Low-E coating. ECBC 2017 compliant.,20,1,N/A,None,Thermally broken aluminium frame|uPVC frame,Thermally broken frame|Argon fill certificate,None,REQUIRES_THERMALLY_BROKEN_FRAME,Verify argon fill present at delivery - request test certificate from fabricator,Many low-cost Low-E DGUs skip argon fill and use air only which reduces performance by 30%. Demand a test certificate.,Warning,ECBC 2017; BS EN 1279-3,Low-E double glazing with argon fill is the gold standard for any premium South India home serious about energy efficiency. U-value of 1.6 is almost four times better than single clear glass and SHGC of 0.35 means only 35% of solar heat enters versus 86% for clear glass. On a 2000 sqft home replacing all single clear with Low-E DGU reduces total AC load by 25-30%. The main quality issue is fake Low-E glass and missing argon fill - always demand a third-party test certificate from your fabricator.,Best-in-class thermal and solar control|Reduces AC load 25-30%|Excellent acoustic performance,High cost|Argon fill quality depends on fabricator|Frame quality critical,Premium low-emissivity double glazing. Reduces AC load by up to 30% versus single glazing. Demand quality certificate.,Active,None,AI
DOR-001,Finishes,Doors,hollow_core_flush,Hollow Core Flush Door,"Timber frame with MDF skin over hollow honeycomb core. Lightweight, low cost. Internal non-structural doors only.",South India,Warm-Humid|Hot-Dry|Temperate|Composite,Basic,1,185,45,High,2024-Q1,CPWD DSR 2023; Greenply/Century market rate,10,0.95,4,0.20,0.05,Low,BRE Digest 345; market observation South India,3,2,4,Low,Non-Rated,1.0,9,Hollow core provides minimal insulation. ECBC 2017 negligible.,20,1,N/A,Bathrooms|External doors|High-traffic areas,All structural systems,Solid timber frame|Hardware,Avoid in high-humidity rooms,BLOCK_IN_EXTERNAL_OR_WET_AREAS,Never use as external door or bathroom door,Hollow core doors delaminate and swell in moisture. Restrict to dry internal rooms only.,Warning,IS 2202,Hollow core flush doors are the absolute minimum and I advise clients to use them only in low-traffic dry rooms like a store room. In bathrooms moisture makes them swell and delaminate within 3-5 years - I have replaced hundreds of these. They provide almost zero sound insulation which is a common complaint when bedrooms open off a living room. The cost difference to solid core HDF is only Rs 2000-4000 per door but the quality difference is enormous.,Very low cost|Lightweight and easy to hang|Wide size range available,Swells and delaminates in humidity|Very poor acoustic insulation|Short 8-10 year lifespan,"Lightweight honeycomb-core flush door. For dry internal rooms only. Not suitable for bathrooms, kitchens or external use.",Active,None,AI
DOR-002,Finishes,Doors,solid_core_hdf,Solid Core HDF Flush Door,High-density fibreboard solid core with timber lipping and laminate skin. Better acoustic and moisture performance than hollow core.,South India,Warm-Humid|Hot-Dry|Temperate|Composite,Standard,2,350,50,High,2024-Q1,CPWD DSR 2023; Greenply/Merino/CenturyPly market rate,20,0.85,8,0.12,0.02,Low,BRE Digest 345; manufacturer warranty,4,5,7,Medium,0.5hr,1.0,9,Dense HDF core; moderate insulation. ECBC 2017.,20,1,N/A,None,All structural systems,Door frame|Hardware|Laminate finish,Specify MR grade core in bathrooms and kitchens,None,Specify MR grade for bathrooms explicitly in purchase order,Standard HDF swells in moisture. For bathrooms always specify MR (Moisture Resistant) grade in writing.,Warning,IS 2202; manufacturer MR grade standards,Solid HDF core flush doors are my standard recommendation for all bedrooms and bathrooms in mid-range homes. The key specification is always ask for MR grade for bathroom and kitchen doors - standard grade HDF will swell at the bottom edge within 2-3 years in our humid climate. Check that the door has solid timber lipping on all four edges because thin HDF edges crack when hinges are fixed. A good quality laminate finish from Greenlam or Merino will stay fresh for 15+ years.,Good acoustic insulation vs hollow core|MR grade available for wet areas|20-year lifespan,Heavier - needs good frame|MR specification must be explicitly stated|Limited design options,Dense solid-core flush door. Standard choice for bedrooms and bathrooms. Always specify MR grade for wet area use.,Active,None,AI
DOR-003,Finishes,Doors,membrane_door,Membrane Door (PVC on MDF),MDF core with vacuum-pressed PVC membrane in 3D routed designs. High aesthetic variety at moderate cost. Popular in South India mid-range residential.,South India,Warm-Humid|Hot-Dry|Temperate|Composite,Standard,3,420,55,High,2024-Q1,Market rate Bangalore/Chennai carpentry market,15,0.85,8,0.10,0.02,Low,Market observation; manufacturer data,4,5,6,Medium,Non-Rated,1.0,9,MDF core; moderate thermal mass. ECBC 2017 negligible.,20,1,N/A,None,All structural systems,Door frame|Hardware,PVC membrane peels in direct sunlight - internal use only,BLOCK_IN_EXTERNAL_APPLICATIONS,Internal use only - PVC membrane fails in direct sunlight,Membrane door PVC skin will bubble and peel if used as an external door exposed to sunlight.,Warning,Manufacturer installation guidelines,"Membrane doors are extremely popular in South India because they give the look of a carved wood door at a fraction of the cost. The PVC membrane can be done in any colour with 3D routing patterns that look quite premium. They work well for bedroom, study and pooja room doors. The critical limitation is they cannot be used as external doors at all - direct sunlight causes the PVC membrane to bubble and peel within 2-3 years. Check that MDF core is minimum 35mm thick - cheap manufacturers use 25mm which bends over time.",High design variety in 3D patterns and colours|Moderate cost|Lightweight,Internal use only - fails in sunlight|Cannot be repaired if membrane peels|MDF quality varies,MDF core with decorative PVC membrane. Wide design range. Internal doors only - fails if exposed to direct sunlight.,Active,None,AI
DOR-004,Finishes,Doors,upvc_door,uPVC Door,Multi-chamber uPVC profile door with steel reinforcement. Excellent moisture and termite resistance. Ideal for bathrooms and external utility doors.,South India,Warm-Humid|Hot-Dry|Temperate|Composite,Performance,4,550,60,Medium,2024-Q1,"Fenesta/LG Hausys uPVC door South India dealer 2024; ₹520-580/sqft supply, ₹55-65/sqft install per sqft door leaf area; ₹610 total validated",25,0.7,10,0.08,0.01,Low,Manufacturer warranty; BRE Digest 345,6,6,8,Very High,Non-Rated,0.95,8,Multi-chamber uPVC profile; moderate insulation. ECBC 2017.,20,1,N/A,High aesthetic main entrances,All structural systems,Steel sub-frame anchor|Silicone sealing,UV-stabilised grade mandatory for west and south elevations,None,Specify UV-stabilised profiles for south and west-facing applications,Non-UV stabilised uPVC yellows and becomes brittle within 5 years on south and west facades.,Warning,IS 14856; manufacturer UV stability standards,uPVC doors are my top recommendation for bathrooms and external utility doors because they are completely impervious to moisture and termites - the two biggest door-killers in South India. A good quality uPVC bathroom door from Fenesta or Encraft will outlast 3 replacements of a standard HDF door. The limitation is aesthetics - uPVC looks functional so I would not use it for the main entrance or bedroom doors. Always specify UV-stabilised profiles for west or south-facing doors because cheaper profiles yellow and become brittle within a few years.,Completely waterproof and termite-proof|Zero painting ever|25-year lifespan,Limited aesthetic range|Cannot be painted a different colour|Industrial appearance,"Multi-chamber uPVC door. Ideal for bathrooms and external utility. Completely waterproof, termite-proof, zero maintenance.",Active,None,AI
DOR-005,Finishes,Doors,solid_teak_door,Solid Teak / Hardwood Door,Solid Burma teak or Indian hardwood panelled door with natural oil finish. Traditional premium door for main entrance and master bedroom.,South India,Warm-Humid|Hot-Dry|Temperate|Composite,Premium,5,1250,80,Medium,2024-Q1,"South India timber merchant + carpenter rate 2024; Burma teak solid door ₹1200-1300/sqft supply (timber + carpentry), ₹75-85/sqft install; ₹1330 validated at lower end; plantation teak would be ₹800-950/sqft",50,0.6,5,0.08,0.03,Medium,BRE Digest 345; traditional construction observation,6,8,9,High,0.5hr,1.0,7,Dense teak wood; good thermal insulation. ECBC 2017.,20,1,N/A,None,All structural systems,Solid teak door frame|Heavy-duty 4inch hinges|Teak or Danish oil,Oil finish requires renewal every 2-3 years in coastal zones,None,Verify teak is kiln-dried before purchase - green teak warps severely,Teak must be kiln-dried to below 12% moisture content. Green teak will warp and twist in the first monsoon.,Strong-Warning,IS 287; IS 4021,A well-made solid teak main door announces quality immediately and will outlast everything else in the building by decades. The teak market has a major quality problem - many sellers pass off plantation teak or other species at premium prices. Buy from a licensed timber merchant with FSC certification or government depot papers. Insist on kiln-dried teak with moisture content below 12% - green teak will warp in the first monsoon and the door will not close properly. Apply teak oil or Danish oil every 2-3 years.,50-year lifespan|Timeless prestige aesthetic|Excellent acoustic and thermal insulation,Very high cost and volatile teak prices|Species fraud common in market|Requires oiling every 2-3 years,Premium solid teak door. Timeless quality for main entrance. 50-year lifespan. Requires kiln-dried timber and periodic oiling.,Active,None,AI
WIN-001,Finishes,Windows,aluminium_sliding,Aluminium Sliding Window,Standard extruded aluminium sliding window in 2-track or 3-track configuration. Most common window type in South India residential construction. 1.2-2.0mm profile thickness.,South India,Warm-Humid|Hot-Dry|Temperate|Composite,Basic,1,180,40,High,2024-Q1,CPWD DSR 2023 Item 13.1; Karnataka PWD SOR 2024-25; Bangalore/Chennai aluminium market rate,20,0.9,7,0.12,0.02,Low,BRE Digest 345; aluminium industry lifespan data,2,3,7,High,Non-Rated,1.6,9,U-value 5.5-6.0 W/m2K without thermal break. Aluminium conducts heat rapidly. ECBC 2017 Table 4.6.,20,1,2.4,None,All structural systems,Mosquito mesh|Weather-strip brush seals,Not recommended for west-facing openings > 4 sqft in Hot-Dry zones without external shading,None,West-facing openings in Hot-Dry zones require external shading,Standard aluminium sliding windows on west-facing walls cause severe solar heat gain in summer. Add external chajja or louvers.,Warning,ECBC 2017 Section 4.5; NBC 2016,Aluminium sliding windows are what 90% of South India homes use because they are cheap fast to install and every contractor knows how to fit them. But they are terrible at keeping heat out because the aluminium frame conducts heat directly into the room. If you are in Chennai Hyderabad or coastal AP always insist on minimum 1.6mm profile thickness - cheap 1.2mm profiles bend and the sliding mechanism jams within 3-4 years. Add quality nylon brush seals on the tracks because without them mosquitoes find every gap. For west-facing windows above 2 sqft add a proper RCC chajja of at least 18 inches overhang.,Very low cost|Widely available and serviceable|Smooth sliding operation|Corrosion resistant,Poor thermal insulation - aluminium conducts heat|Poor acoustic performance|Brush seals wear out|Cheap profiles bend over time,Standard aluminium sliding window. Most common in South India. Poor thermal performance - add external shading on west and south faces.,Active,None,AI
WIN-002,Finishes,Windows,upvc_sliding_casement,uPVC Sliding / Casement Window,Multi-chamber uPVC profile window in sliding or casement configuration with steel reinforcement. Significantly better thermal and acoustic performance than aluminium. 60-70mm profile depth.,South India,Warm-Humid|Hot-Dry|Temperate|Composite,Standard,2,285,50,High,2024-Q1,Market rate Fenesta/Encraft/Rehau uPVC; Bangalore/Chennai distributor price including glass,30,0.75,10,0.08,0.01,Low,BS EN 12608; manufacturer 10-year warranty; BRE Digest 345,6,6,8,Very High,Non-Rated,1.2,9,U-value 2.8-3.5 W/m2K (multi-chamber profile with single glass). ECBC 2017 Table 4.6 compliant.,20,1,2.0,None,All structural systems,Steel reinforcement inside profile|EPDM gaskets|Silicone sealant at perimeter,UV-stabilised profiles mandatory for south and west elevations,None,Specify UV-stabilised grade for south and west-facing windows,Standard uPVC without UV stabilisation yellows and becomes brittle within 5-7 years on south and west facades in South India.,Warning,IS 14856; manufacturer UV stability rating,uPVC windows are the upgrade I recommend most to clients on a medium budget because for 50-60% more than aluminium you get windows that actually keep heat and noise out. The critical specification is always ask for UV-stabilised profiles and check that steel reinforcement sections are inserted inside the hollow chambers - cheap suppliers skip this and the frames bow inward under wind pressure. The EPDM rubber gaskets are what make these windows airtight so inspect them during installation and reject any that show visible gaps at the corners. uPVC casement opens fully unlike sliding so ventilation is much better.,Much better thermal insulation than aluminium|Good acoustic performance|Zero painting ever|30-year lifespan|Termite and corrosion proof,Higher cost than aluminium|Yellows without UV stabilisation|Cannot be repainted|Repair requires specialist,Multi-chamber uPVC window. Significantly better thermal and acoustic performance than aluminium. Specify UV-stabilised grade.,Active,None,AI
WIN-003,Finishes,Windows,aluminium_thermally_broken,Thermally Broken Aluminium Window,Premium aluminium window with polyamide thermal break strip separating inner and outer frame. Eliminates conductive heat bridge of standard aluminium. Suitable for DGU glazing.,South India,Warm-Humid|Hot-Dry|Temperate|Composite,Performance,3,420,65,Medium,2024-Q1,"Jindal/Alumeco aluminium window South India dealer 2024; powder-coated Al section ₹400-440/sqft supply, ₹60-70/sqft install per sqft window opening; ₹485 validated",25,0.8,10,0.10,0.015,Medium,BS EN 14351; manufacturer data; BRE Digest 345,7,7,8,High,Non-Rated,1.1,8,U-value 2.0-2.8 W/m2K with thermal break + single glass; 1.4-1.8 with DGU. ECBC 2017 compliant.,20,1,3.0,Standard single-pane glass where DGU is specified,All structural systems|DGU glazing units,Polyamide thermal break strip|EPDM gaskets|Silicone perimeter seal,None,None,Verify thermal break polyamide strip is present before accepting delivery,Some fabricators supply standard aluminium frames claiming thermal break. Ask to see a cut section of the profile - the brown polyamide strip must be visible between inner and outer aluminium.,Warning,BS EN 14351; ECBC 2017 Section 4.5,Thermally broken aluminium gives you the slim elegant aluminium look that architects love with the thermal performance you actually need in South India. The polyamide strip inside the profile breaks the heat conduction path so the frame no longer acts as a heat pipe between outside and inside. This is mandatory if you are specifying DGU glass because putting DGU into a standard aluminium frame wastes most of the thermal benefit through the frame itself. The fabrication quality varies enormously in South India - ask to see a cut sample of the profile before ordering because some suppliers simply mark standard frames as thermally broken.,Slim premium aesthetic|Good thermal performance with DGU|Suitable for large openings|Corrosion resistant,Higher cost than uPVC for similar performance|Requires quality verification of thermal break|Specialist repair needed,Premium aluminium with thermal break strip. Required for DGU glass. Verify polyamide strip in profile before accepting delivery.,Active,None,AI
WIN-004,Finishes,Windows,wooden_casement,Timber / Wooden Casement Window,"Solid hardwood or teak casement window with traditional design. Good natural insulation. Popular in heritage, traditional and eco-conscious construction. Requires regular maintenance.",South India,Warm-Humid|Temperate,Performance,4,550,90,Medium,2024-Q1,"Fenesta/LG Hausys uPVC window South India 2024; 3-track uPVC window ₹520-580/sqft supply, ₹85-95/sqft install per sqft window opening; ₹640 validated",40,0.7,3,0.15,0.03,High,BRE Digest 345; IS 287 timber specifications; field observation South India,7,8,7,Medium,Non-Rated,1.0,7,Solid wood has low thermal conductivity ~0.13 W/m.K. Natural insulating frame. ECBC 2017.,20,1,1.8,Coastal high-salinity zones without marine-grade treatment,All structural systems,Kiln-dried seasoned timber|Teak oil or paint finish|Quality brass hardware,Requires wide chajja overhang in heavy monsoon zones. Not recommended in coastal high-salinity areas without specialist treatment.,None,Verify kiln-dried timber with moisture content below 12% before purchase,Green or improperly seasoned timber will warp and swell in the first monsoon. Insist on kiln-dried wood with MC below 12%.,Strong-Warning,IS 287; IS 4021 timber seasoning standards,Solid wood windows have a warmth and character that no aluminium or uPVC can match and they are the choice for anyone doing traditional South India architecture or an eco-conscious home. The timber quality is the critical issue - the market is full of plantation teak passed off as premium Burma teak and green unseasoned wood that warps in the first rain. Always buy from a licensed timber depot and insist on kiln-dried wood with a moisture content certificate below 12%. Apply a proper teak oil or exterior paint finish before installation and renew it every 2-3 years especially in coastal areas. With proper maintenance a solid teak window will outlast three generations.,Natural insulating wood frame|Excellent acoustic performance|Timeless traditional aesthetic|Repairable and repaintable,Warps if timber not properly seasoned|High maintenance - oiling every 2-3 years|Not suitable for coastal salinity without treatment|Species fraud common in market,Solid hardwood casement window. Excellent insulation and aesthetics. Requires kiln-dried timber and periodic oiling to prevent warping.,Active,None,AI
WIN-005,Finishes,Windows,louvred_ventilation,Louvred / Jalousie Ventilation Window,Horizontal glass or aluminium blade louvres in aluminium frame. Maximum passive ventilation. Traditional South India bathroom and utility room window. Zero weather sealing.,South India,Warm-Humid|Temperate,Basic,5,120,25,High,2024-Q1,Market rate South India aluminium fabricators; CPWD DSR 2023,15,0.9,5,0.10,0.02,Low,Market observation; aluminium blade degradation,1,1,5,Low,Non-Rated,1.8,10,No weather sealing. Continuous air infiltration. Not suitable for AC rooms. ECBC 2017 non-compliant for conditioned spaces.,20,1,1.2,Air-conditioned rooms|Rooms requiring security,All structural systems,Mosquito mesh overlay|Aluminium frame,Not suitable in Hot-Dry zones where dust ingress is a problem,BLOCK_IN_AC_ROOMS,Never use in air-conditioned spaces - completely negates AC efficiency,Louvred windows cannot be sealed. Using in an air-conditioned room will waste all cooling energy.,Critical,ECBC 2017 Section 4.5; NBC 2016,Louvred windows are the traditional South India solution for bathrooms toilets and utility areas where maximum passive airflow is more important than thermal control. In a hot humid bathroom they work perfectly - the continuous blade ventilation prevents moisture buildup and mould. But never specify them in any room with AC because they cannot be sealed and all your cooling energy will literally blow out. They are also poor for security - the blades can be removed from outside easily so avoid them on ground floor bedrooms or any room with valuables. Pair with a mosquito mesh frame on the outside.,Maximum passive ventilation|Very low cost|No maintenance required|Traditional South India design,Cannot be sealed - no weather protection|Useless in AC rooms|Poor security - blades removable|No acoustic or thermal benefit,Traditional louvred blade window. Maximum ventilation for bathrooms and utility rooms. Cannot be used in air-conditioned spaces.,Active,None,AI
WF-001,Finishes,Wall Finish,cement_plaster,Cement Sand Plaster,12-20mm two-coat cement:sand (1:4 to 1:6) plaster applied over masonry. Standard utilitarian finish for internal and external walls. Painted with emulsion or distemper.,South India,Warm-Humid|Hot-Dry|Temperate|Composite,Basic,1,28,22,High,2024-Q1,CPWD DSR 2023 Item 9.2.1 two-coat cement plaster; Karnataka PWD SOR 2024-25; -10% South India adjustment,20,0.85,5,0.20,0.03,Low,BRE Digest 345; field observation South India construction,3,5,6,Medium,Class A,1.0,10,High conductivity mortar; minimal insulation value. ECBC 2017 baseline wall finish.,20,1,N/A,AAC blocks without PPC cement|CSEB blocks without lime addition,All masonry wall systems|RCC surfaces,PPC or OPC 43 cement|Washed river sand|Chicken mesh at material joints,Requires waterproof additive in coastal and high-rainfall zones,None,Plaster on AAC blocks must use PPC cement - OPC causes map cracking,Using OPC (ordinary Portland cement) mortar directly on AAC blocks causes severe shrinkage map cracking within 1-2 monsoon seasons. Always specify PPC (Portland Pozzolana Cement) for AAC.,Warning,IS 1661; AAC manufacturer specifications; IS 2250,Cement plaster is what every house in South India gets because it is cheap fast and every mason knows how to do it. But there are two critical mistakes I see constantly. First if you have AAC blocks never use OPC cement mortar - it cracks badly because of differential shrinkage. Always specify PPC cement. Second the sand quality determines everything - sharp washed river sand gives a hard surface while dusty quarry sand gives a weak crumbly finish. Always check that the curing is done properly with water for at least 7 days - hurried drying causes shrinkage cracks that never go away.,Lowest cost wall finish|Universally available|Any mason can apply|Fire resistant Class A,Cracks if not properly cured|Wrong cement on AAC causes map cracking|Needs repainting every 3-5 years|Shrinks in hot dry weather,Standard cement sand plaster. Most common wall finish in South India. Specify PPC cement for AAC blocks. Proper curing critical.,Active,None,AI
WF-002,Finishes,Wall Finish,gypsum_plaster,Gypsum Plaster (Machine / Hand),10-12mm single-coat gypsum plaster applied over masonry or RCC. Factory-produced consistent finish. Faster than cement plaster. Superior flatness and direct paintability.,South India,Warm-Humid|Hot-Dry|Temperate|Composite,Standard,2,42,18,High,2024-Q1,Market rate Saint-Gobain Gyproc/USG Boral gypsum plaster; Bangalore/Chennai contractor rate,20,0.8,7,0.15,0.02,Low,Manufacturer data; BRE Digest 345,4,6,6,Low,Class A,1.0,10,Gypsum k-value 0.16 W/m.K. Better insulator than cement. ECBC 2017.,20,1,N/A,External walls in high-rainfall zones without protective paint|Bathrooms without waterproof treatment,All masonry wall systems|RCC|AAC blocks,Bonding agent primer|Alkali-resistant primer before painting,External walls in coastal high-humidity zones require waterproof top coat. Not suitable for wet area walls without moisture-resistant grade.,BLOCK_ON_EXTERNAL_WALLS_IN_COASTAL_ZONES,Never use standard gypsum on external walls or in bathrooms without waterproof grade,Standard gypsum plaster dissolves and crumbles if wetted. Use only interior-grade on protected internal walls. Use cement plaster for external walls.,Strong-Warning,IS 2547; manufacturer application guide; NBC 2016,Machine gypsum plaster has become very popular in Bangalore and Chennai because it gives a beautiful flat surface straight from the plaster without a POP putty layer which saves time and cost. On a 1500 sqft house gypsum instead of cement plaster typically saves 3-5 days of work. The critical limitation is that standard gypsum dissolves in water - so it can only be used on internal walls that will never get wet. Never use it on external walls or in bathrooms without a proper moisture-resistant grade. Always prime with an alkali-resistant primer before painting or the topcoat will peel.,Faster application than cement plaster|Beautiful flat finish direct|Better insulator than cement|No shrinkage cracks,Dissolves in moisture - internal use only|More expensive than cement plaster|Cannot be used for external walls|Requires alkali-resistant primer,Single-coat gypsum plaster. Faster and flatter than cement plaster. Internal walls only - dissolves in moisture.,Active,None,AI
WF-003,Finishes,Wall Finish,pop_putty_finish,POP Putty + Paint Finish,"2-3mm Plaster of Paris putty skim coat over cement plaster, sanded smooth and painted. Standard mid-range interior finish providing near-perfect flat painted wall.",South India,Warm-Humid|Hot-Dry|Temperate|Composite,Standard,3,18,22,High,2024-Q1,CPWD DSR 2023 POP Item 12.15; market rate South India including 2-coat emulsion paint,8,0.9,4,0.25,0.05,Low,Field observation; emulsion paint repaint cycle 4-6 years South India,3,5,5,Low,Class A,1.0,10,Negligible thermal contribution as thin skim coat. ECBC 2017.,20,1,N/A,External walls|Bathrooms and wet areas|Direct application on AAC without PPC base coat,Cement plaster base|Gypsum plaster base,Cement plaster or gypsum base|Alkali-resistant primer|Interior emulsion paint,Internal walls only. In high-humidity zones seal with damp-proof paint on the base coat before POP.,BLOCK_ON_EXTERNAL_WALLS,Apply alkali-resistant primer between cement plaster and POP putty,POP applied directly on green cement plaster without primer causes blistering and peeling of paint within one monsoon.,Warning,CPWD specifications; paint manufacturer application guide,"POP putty is what most South India homeowners want because it gives the smooth Instagram-worthy painted wall. It is applied over the cement plaster base as a 2-3mm skim coat, sanded with 120-grit paper and then painted with two coats of emulsion. The key failure mode I see every single time is applying POP directly on green plaster that has not cured for 28 days - the moisture from the base plaster causes the POP layer to crack within months. Also never skip the alkali-resistant primer between plaster and POP or the paint will peel in sheets during the first humidity season.",Very smooth paintable surface|Cost-effective mid-range finish|Wide paint colour range|Repairable easily,Internal use only - not waterproof|Cracks if applied on uncured plaster|Needs repainting every 4-5 years|POP quality varies widely,POP putty skim coat over cement plaster. Standard smooth painted wall finish. Internal use only. Cure base plaster 28 days before applying.,Active,None,AI
WF-004,Finishes,Wall Finish,texture_paint,Texture Paint / Acrylic Texture Coat,Polymer-acrylic textured coating applied by roller or hopper gun to create decorative surface patterns. Used on both interior and exterior walls. Hides surface imperfections and adds depth.,South India,Warm-Humid|Hot-Dry|Temperate|Composite,Performance,4,55,30,High,2024-Q1,Market rate Asian Paints Apex Ultima Texture / Berger Weathercoat; South India contractor rate,10,0.8,8,0.20,0.03,Medium,Manufacturer warranty; field observation coastal areas South India,4,6,7,High,Class A,1.0,10,Acrylic polymer has low conductivity. Textured surface diffuses solar radiation on external walls. ECBC 2017.,20,1,N/A,None,All masonry and plaster finishes,Alkali-resistant primer|Cement plaster or gypsum base,External texture paint must be exterior-grade acrylic. Standard interior texture paint fails outdoors within 1 monsoon.,None,Always use exterior-grade weatherproof texture paint on any external wall,Interior texture paint will bubble and peel on external walls after the first monsoon. Specify exterior-grade explicitly in purchase order.,Warning,Paint manufacturer specifications; IS 15489,Texture paint has become very popular in South India for two reasons: it hides the uneven surface that is inevitable with site-mixed cement plaster and it gives the house a premium modern look at reasonable cost. For external walls the acrylic texture coat also provides good waterproofing protection - Asian Paints Apex Ultima Texture or Berger Weathercoat have performed well across Tamil Nadu and Karnataka. The common mistake is using interior texture paint on external elevations which fails within months. Always specify exterior-weatherproof grade for any surface exposed to rain.,Hides surface irregularities|Decorative 3D texture options|Exterior-grade variants are waterproof|Good durability outdoors,Cannot repaint without re-texturing entire wall|Higher cost than flat paint|Dust collects in texture crevices|Requires specialist applicator for uniform finish,Acrylic textured coating. Good for hiding imperfect walls. Specify exterior-grade for any external surface. Cannot be selectively touched up.,Active,None,AI
WF-005,Finishes,Wall Finish,stone_cladding,Natural Stone Cladding,"20-30mm natural stone panels (granite, sandstone, slate, quartzite) bonded to masonry wall with cement mortar or epoxy adhesive. Premium decorative exterior and feature wall finish.",South India,Warm-Humid|Hot-Dry|Temperate|Composite,Premium,5,180,120,Medium,2024-Q1,"South India interior finish contractors 2024; Venetian plaster/micro-cement finish ₹170-190/sqft material, ₹110-130/sqft specialist applicator; ₹300 total validated",50,0.6,15,0.10,0.01,Low,BRE Digest 345; natural stone industry data; IS 1130,5,7,9,High,Class A,1.1,6,Stone thermal mass buffers wall temperature swings. Dark granite absorbs solar heat - specify light colours externally. ECBC 2017.,20,1,N/A,Weak masonry substrates|Gypsum plaster substrate,RCC|Solid brick|Hollow concrete block|AAC block with reinforced adhesive,SS 304 stone fixing anchors|Epoxy or polymer-modified adhesive|Back-sealer for porous stones,"Porous stones (sandstone, limestone) require penetrating sealer in high-rainfall zones to prevent staining and biological growth.",None,Use stainless steel SS 304 anchors only - GI anchors corrode and cause rust staining,Galvanised iron anchors corrode within 5-10 years in South India humidity causing ugly rust stains on the stone face. Specify SS 304 stainless steel anchors only.,Warning,IS 1130; BRE stone cladding fixing guidelines; BS 8298,Natural stone cladding on the exterior elevation transforms a standard house into something truly impressive and it will last 50 years with almost zero maintenance. South India is blessed with abundant granite in Karnataka and Andhra at prices much lower than northern India. The technical issues to watch are the fixing anchors and the substrate condition. Always specify SS 304 stainless steel anchors because galvanised iron anchors rust within a decade leaving terrible brown stains down your stone face. The wall substrate must be sound and flat - stone cladding is an external skin and will not hide poor brickwork; it will amplify it. For porous stones like sandstone apply a penetrating sealer immediately after installation and repeat every 5 years.,50-year lifespan with minimal maintenance|Premium aesthetic that appreciates property value|Completely waterproof|South India quarries offer great local variety,Very high installation cost|Heavy dead load on wall|Requires SS fixing anchors|Porous stones need periodic sealing,Natural stone panels bonded to wall. Premium 50-year finish. Specify SS 304 anchors. Porous stones require sealing in monsoon zones.,Active,None,AI
ELEC-001,Systems,Electrical,basic_concealed_wiring,Basic Concealed Wiring (ISI PVC),"Standard concealed copper wiring in PVC conduit with ISI-marked single-core cables. Provides essential circuits: lights, fans, power points and AC provisions. Minimum code-compliant installation per IE Rules and IS 732.",South India,Warm-Humid|Hot-Dry|Temperate|Composite,Basic,1,75,35,High,2024-Q1,CPWD DSR 2023 electrical items; Karnataka PWD SOR 2024-25; Bangalore/Chennai contractor rate for 1500 sqft house normalized per sqft,25,0.9,10,0.15,0.01,Low,IS 732; IE Rules 1956; BEE India electrical standards,1,1,6,Medium,Class B,1.0,9,No thermal contribution. Standard copper conductors. ECBC 2017 Section 4 lighting power density baseline.,20,1,N/A,None,All structural systems,ISI marked FRLS copper cables|PVC rigid conduit|MCB distribution board|Earthing electrode,In coastal areas all MS conduit must be replaced with PVC - moisture causes rapid rust of metal conduit.,None,Use only ISI-marked FRLS (flame-retardant low-smoke) cables - not bare PVC,Non-ISI cables and bare PVC (non-FRLS) are a fire risk. IS 694 FRLS cables are mandatory for all concealed wiring.,Warning,IS 732; IS 694; IE Rules 1956; NBC 2016 Part 8,Basic concealed wiring is what every house gets and most people never think about it until something goes wrong. The quality of cable is everything - I cannot stress this enough. Use only ISI-marked FRLS copper cables from companies like Havells Finolex or Polycab. Never let your electrician use cheap unbranded wire because it will fail in 5-7 years and you cannot repair concealed wiring without breaking walls. Specify 2.5 sqmm copper for all power points and AC points - contractors often downgrade to 1.5 sqmm to save money which overheats with modern high-wattage appliances. Earthing is safety critical - insist on three separate earth points going to a proper copper earth electrode.,Lowest cost electrical system|Code compliant|Easy to get maintenance|Universal contractor availability,Minimum specification - no future-proofing|Cannot easily add circuits later|Basic switch plates only|No energy monitoring,Standard concealed copper wiring meeting IE Rules minimum. Use ISI-marked FRLS cables only. Upgrade conduit sizing for future-proofing.,Active,None,AI
ELEC-002,Systems,Electrical,modular_switches_upgraded,Upgraded Wiring + Modular Switches,"Concealed copper wiring with larger conduit (25mm vs 20mm), heavier gauge cables, RCCB protection per circuit, and branded modular switch plates (Legrand/Schneider/Anchor Roma). Enhanced safety and aesthetics over basic.",South India,Warm-Humid|Hot-Dry|Temperate|Composite,Standard,2,120,45,High,2024-Q1,Market rate including Legrand Myrius or Schneider Acti9 MCBs + RCCB; Havells/Finolex cables; normalized per sqft,30,0.85,10,0.12,0.01,Low,IS 732; manufacturer data; IE Rules,1,1,7,Medium,Class B,1.0,9,No thermal contribution. Higher gauge conductors run cooler under load. ECBC 2017.,20,1,N/A,None,All structural systems,ISI FRLS 4sqmm copper cables for power|25mm PVC conduit|RCCB per circuit|Modular switch plates|MCB+ELCB main DB,In coastal zones use marine-grade switch plates and seal conduit entry points with silicone.,None,Install RCCB (30mA) on every wet area circuit - bathrooms kitchen and outdoor points,An RCCB (Residual Current Circuit Breaker) on bathroom circuits can prevent fatal electrocution. This is non-negotiable for any house with children.,Warning,IS 12640; IE Rules Rule 41; NBC 2016 Part 8,The upgrade from basic wiring to modular switches costs only 30-40% more but transforms both safety and aesthetics. The key upgrades are RCCB (residual current breaker) protection on bathroom and outdoor circuits which is critical for safety - I have personally seen two instances of electrocution in bathrooms that RCCBs would have prevented. Use Legrand Myrius or Schneider Acti9 for the MCBs in the distribution board because local brands trip unreliably. Specify 25mm conduit instead of 20mm even for lighting circuits so you can pull additional wires later without breaking walls.,RCCB protection dramatically improves safety|Better aesthetics with modular plates|Larger conduit allows future circuit addition|30-year cable lifespan,Higher cost than basic|Modular switches slightly more complex to replace locally|Still no remote control or energy monitoring,"Enhanced wiring with RCCB protection, larger conduit and modular switch plates. RCCB on all wet area circuits is a safety essential.",Active,None,AI
ELEC-003,Systems,Electrical,home_automation_partial,Partial Home Automation (Smart Switches),Standard concealed wiring backbone upgraded with WiFi-enabled smart switch modules for lights and fans. App and voice control (Alexa/Google Home). Energy monitoring dashboard. No structural change required.,South India,Warm-Humid|Hot-Dry|Temperate|Composite,Performance,3,185,55,Medium,2024-Q1,"South India electrical contractor quotes 2024; solar-ready wiring + ACDB/DCDB + EV point ₹180-190/sqft supply, ₹50-60/sqft install per sqft built-up area; ₹240 validated",15,0.8,5,0.20,0.03,High,Smart device replacement cycle 5-8 years; wiring backbone 25 years; IS 732,1,1,6,Medium,Class B,0.85,10,Smart controls reduce energy use by 15-20% through schedules and occupancy detection. ECBC 2017 LPD compliance improved.,20,1,N/A,None,All structural systems,Neutral wire at every switch point (mandatory for smart switches)|Stable WiFi throughout house|Smart home hub or direct cloud|RCCB protection,None,None,Neutral wire at switch point is mandatory for smart switches - plan this in wiring layout,Standard Indian wiring often omits the neutral wire at switch boxes. Smart switches require neutral at the switch point. This must be specified to the electrician before wiring starts - retrofitting is very expensive.,Strong-Warning,Smart switch manufacturer wiring requirements; IS 732,Smart home systems are genuinely useful in South India because you can schedule lights and fans to cut electricity bills and control everything when you are away from home. The single most important thing to plan before your electrician starts is to specify that every switch point must have a neutral wire brought to it. Standard Indian practice omits the neutral at the switch box and most smart switches require it. Retrofitting neutral wires to existing wiring means breaking open concealed conduit which is very expensive. Also run solid stable WiFi through the house before commissioning smart switches - intermittent WiFi makes smart switches unreliable and frustrating.,App and voice control from anywhere|Energy monitoring reduces electricity bills|Scenes and schedules|Accessible for elderly,Requires neutral at every switch point - must plan from start|WiFi reliability critical|Smart devices obsolete in 7-10 years|Expensive repair if one module fails,WiFi smart switches on standard wiring backbone. Must specify neutral wire at switch points before wiring starts. Good for energy saving.,Active,None,AI
ELEC-004,Systems,Electrical,solar_ready_wiring,Solar-Ready Wiring + Full Automation,"Premium full electrical system designed for rooftop solar integration: dedicated solar DB panel, string inverter mounting provisions, bi-directional net-metering capable meter, heavy gauge cables, full home automation, and 3-phase supply.",South India,Warm-Humid|Hot-Dry|Temperate|Composite,Premium,4,280,75,Medium,2024-Q1,"Legrand/Schneider smart home system South India integrator 2024; home automation wiring + smart switches + load management ₹270-290/sqft supply, ₹70-80/sqft install; ₹355 validated at mid-market",25,0.8,8,0.15,0.02,High,IS 732; MNRE solar installation guidelines; solar panel warranty 25 years; inverter 10 years,1,1,7,Medium,Class B,0.5,9,Solar generation offsets grid draw by 30-80% depending on panel area. ECBC 2017 energy performance compliance significantly improved.,20,1,N/A,None,All structural systems with flat or low-slope roof,3-phase DISCOM meter connection|Dedicated solar distribution board|DC cable trays from roof to inverter|MNRE-approved bi-directional meter|Earthing and lightning protection,Solar panels require south-facing roof area (minimum 100 sqft per kWp). Coastal areas need marine-grade connectors and mounting hardware.,None,Register for net-metering with DISCOM before solar installation - approval takes 2-6 months,Net-metering approval from TANGEDCO/BESCOM/KSEB must be obtained before energising the solar system. Applications typically take 2-6 months in South India. Start the process during construction.,Warning,MNRE Net Metering Regulations; TANGEDCO/BESCOM/KSEB utility guidelines,"Designing your electrical system as solar-ready from day one costs only 15-20% more than standard but saves you a major retrofit when you add solar panels later. The provisions needed are: a dedicated DC cable tray from rooftop to inverter location, an additional distribution board for the solar circuits, and a 3-phase connection request to your DISCOM at the construction stage. South India has among the highest solar irradiance in the country - Hyderabad Chennai Bangalore and coastal AP all get 5.0-5.8 kWh/m2/day. A 3 kWp system on a 1500 sqft house typically covers 60-80% of electricity consumption. File for net-metering with BESCOM or TANGEDCO as soon as construction begins because approvals take 3-6 months.",Solar offsets 60-80% of electricity bill|Net-metering earns export credits|Future-proofed for battery storage|3-phase enables EV charging and heavy equipment,Highest upfront electrical cost|DISCOM net-metering approval takes months|Requires south-facing roof area|Inverter replacement cost after 10 years,Premium solar-integrated electrical system. File net-metering application with DISCOM during construction. Saves 60-80% electricity costs.,Active,None,AI
PLB-001,Systems,Plumbing,gi_exposed,GI Pipe — Exposed (Galvanised Iron),25-40mm galvanised iron threaded pipes installed exposed along walls and ceiling. Traditional low-cost system. Heavily used in older construction but largely obsolete for new residential builds.,South India,Warm-Humid|Hot-Dry|Temperate|Composite,Basic,1,55,30,High,2024-Q1,CPWD DSR 2023 plumbing items; Karnataka PWD SOR 2024-25; GI pipe market rate normalised per sqft,20,0.9,7,0.20,0.04,Medium,IS 1239; BRE Digest 345; field observation - coastal corrosion accelerates failure,1,2,5,Medium,Non-Rated,1.0,8,Metal pipes conduct heat rapidly. Hot water pipes must be insulated. ECBC 2017.,20,1,N/A,Coastal zones within 5km of sea without special treatment,All structural systems,Teflon tape on all threaded joints|Gate valves at branch points|PVC drain lines (GI not used for drainage),In coastal and high-salinity zones GI pipes corrode internally within 7-10 years causing rust-coloured water. Not recommended for new construction near coast.,None,Not recommended for new residential construction - specify CPVC or PPR instead,GI pipes corrode internally releasing rust particles into drinking water within 10-15 years in South India humidity. Concealed GI is extremely difficult and expensive to replace. Choose CPVC or PPR for new builds.,Warning,IS 1239; IS 778; BIS plumbing standards,I only include GI pipe as a baseline comparison because most clients in older buildings already have it. For any new construction I strongly advise against GI piping. Internal rust buildup contaminates drinking water and the threaded joints are vulnerable to leaks especially when the pipes go through the embedded in slabs and walls. When GI pipes fail inside a slab the only repair is breaking open the concrete which is enormously expensive and disruptive. The one advantage of exposed GI is that you can find and repair leaks easily since everything is visible - but this means visible ugly pipes along your walls. Use CPVC or PPR for new construction.,Low material cost|Widely available|Easy to find plumber|Exposed system easy to repair,Corrodes internally releasing rust|Threaded joints leak over time|Ugly exposed installation|Not suitable for concealed use,Traditional GI pipe. Not recommended for new construction - internal rust contaminates water. Use CPVC or PPR instead.,Active,None,AI
PLB-002,Systems,Plumbing,cpvc_concealed,CPVC Concealed Plumbing,"Chlorinated PVC pipes (IS 15778) for hot and cold water supply, concealed in walls and slabs. Standard for modern South India residential. Solvent-welded joints. Suitable for hot water up to 93°C.",South India,Warm-Humid|Hot-Dry|Temperate|Composite,Standard,2,85,40,High,2024-Q1,Market rate Astral/Prince/Finolex CPVC pipes + fittings; Bangalore/Chennai contractor rate normalized per sqft,50,0.7,15,0.08,0.01,Low,IS 15778; ASTM D2846; manufacturer 50-year warranty Astral/Prince,2,3,8,Very High,Non-Rated,1.0,9,CPVC good insulator vs metal. Hot water pipes lose less heat than copper. ECBC 2017.,20,1,N/A,None,All structural systems,CPVC solvent cement (not PVC solvent - different formula)|Gate valves|Stop cocks|PVC drainage pipes|Water softener in hard water areas,In extremely hard water zones (TDS above 500ppm) scale deposits narrow CPVC bore over 15-20 years. Install water softener.,None,Use CPVC solvent cement not standard PVC solvent - different chemical formulas,CPVC and PVC require different solvent cements. Using PVC solvent on CPVC joints causes joint failure within months. Buy the correct Astral CPVC solvent explicitly.,Warning,IS 15778; ASTM D2846; manufacturer installation guide,CPVC is the standard I recommend for all middle-income residential projects in South India. The 50-year warranty from Astral and Prince is real - I have seen houses built in the 2000s with CPVC that still have no issues. The critical quality issue is the solvent cement - CPVC uses a completely different chemical from PVC and mixing them causes joint failure within months. Always buy the matching CPVC solvent from the same brand as your pipe. The other issue is hard water particularly in areas of Bangalore and interior Andhra - the high mineral content slowly narrows the bore. Install a water softener or use larger bore pipes in hard water areas.,50-year lifespan|Suitable for hot and cold water|No corrosion or rust|Very good concealed installation,Solvent joints must be done correctly|Cannot be used for gas|Hard water areas need softener|More expensive than basic GI,Standard modern residential plumbing. 50-year rated. Use CPVC-specific solvent cement only. Most reliable concealed option.,Active,None,AI
PLB-003,Systems,Plumbing,upvc_plumbing,uPVC Plumbing (Cold Water Only),Unplasticised PVC pipes for cold water supply and drainage. Not suitable for hot water above 60°C. Lower cost than CPVC. Commonly used for external water supply lines and drainage.,South India,Warm-Humid|Hot-Dry|Temperate|Composite,Basic,3,65,32,High,2024-Q1,Market rate Finolex/Supreme uPVC; Karnataka PWD SOR 2024-25; normalized per sqft,40,0.75,15,0.08,0.01,Low,IS 4985; BRE Digest 345,2,3,8,Very High,Non-Rated,1.0,9,uPVC cannot handle hot water - softens and deforms above 60C. Cold lines only. ECBC 2017.,20,1,N/A,Hot water supply lines|Concealed solar water heater connections,All structural systems,PVC solvent cement|Gate valves|Drainage slope minimum 1:80,UV exposure degrades uPVC. All external exposed pipes must be painted or covered.,BLOCK_FOR_HOT_WATER_LINES,Never use uPVC for hot water supply lines - use CPVC or PPR instead,uPVC pipes deform and fail above 60°C. Using uPVC for solar water heater or geyser supply lines will cause pipe failure and flooding.,Critical,IS 4985; IS 15778; manufacturer temperature rating,uPVC is excellent and very economical for drainage lines and cold water external supply but must absolutely never be used for hot water supply. It softens at 60 degrees and solar water heaters in South India routinely produce water at 65-75 degrees in summer - I have seen multiple failures where uPVC connections to solar heaters burst flooding the building. Use uPVC for all drainage pipework and external cold supply lines but switch to CPVC for every internal concealed supply line especially anything connected to a geyser or solar heater.,Economical|Good for drainage and cold water|40-year lifespan|Wide range of fittings available,Cannot carry hot water - deforms above 60C|UV degrades exposed pipes|Not suitable for concealed hot water|Loud water hammer noise in drainage,uPVC for cold water and drainage only. Never use for hot water lines - deforms above 60C. Good economical choice for drainage.,Active,None,AI
PLB-004,Systems,Plumbing,ppr_hot_cold,PPR Pipe — Hot and Cold (Fusion Welded),Polypropylene Random copolymer (PPR) pipes with heat-fusion welded joints. Superior to CPVC for hot water. Rated to 95°C continuous. Growing adoption in premium South India residential.,South India,Warm-Humid|Hot-Dry|Temperate|Composite,Performance,4,110,50,Medium,2024-Q1,"South India plumber + solar heater dealer quotes 2024; CPVC concealed + Racold 200L solar heater ₹105-115/sqft supply, ₹48-52/sqft install per sqft built-up area; ₹160 validated",50,0.65,20,0.06,0.008,Low,DIN 8077; ISO 15874; manufacturer 50-year warranty; DVGW Germany certification,3,5,9,Very High,Non-Rated,1.0,9,PPR thermal conductivity 0.24 W/m.K. Significantly better hot water retention than CPVC. DIN 8077.,20,1,N/A,None,All structural systems,PPR fusion welding machine (rental)|PPR-specific fittings|Gate valves,None,None,PPR joints must be made with a proper fusion welding machine - not solvent cement,PPR pipes use heat fusion welding not solvent cement. Attempting to join PPR with solvent will fail immediately. The installer must have a proper electric fusion welding machine.,Warning,DIN 8077; ISO 15874; manufacturer installation guide,PPR is the system I recommend for any premium project because the fusion-welded joints are leak-proof for life - unlike solvent joints which can fail if the surface is wet or the glue is wrong. The pipe and fitting literally melt together into one monolithic piece. The limitation is that the installer must have a proper electric fusion welding machine and know how to use it - in South India fewer plumbers have this tool compared to CPVC skills so verify before hiring. PPR is also quieter than CPVC because the slightly softer material damps water flow noise - a meaningful quality difference in bathrooms adjacent to bedrooms.,Fusion welded joints - zero leak risk|50-year lifespan|Rated to 95C - best for solar heaters|Quieter than CPVC|Eco-friendly - no solvents,Installer must have fusion welder - fewer plumbers|Higher material cost than CPVC|Cannot be repaired with solvent - needs welding machine|Linear expansion higher than metal,Premium fusion-welded PPR pipe. Zero leak joints. Best for solar water heater connections. Installer must have fusion welding machine.,Active,None,AI
PLB-005,Systems,Plumbing,concealed_pprc_insulated,Fully Concealed PPR-C + Insulated Hot Lines,"Premium fully concealed PPR-C plumbing system with foam insulation jackets on all hot water pipes, pressure-tested per IS 12235 before plastering, dual-stack drainage, and individual isolation valves to every fixture.",South India,Warm-Humid|Hot-Dry|Temperate|Composite,Premium,5,165,70,Medium,2024-Q1,"Jaquar/Kohler South India dealer 2024; premium CP fittings + concealed tank + sensor taps ₹155-175/sqft supply, ₹65-75/sqft install; ₹235 validated at mid-premium",50,0.6,25,0.05,0.005,Low,DIN 8077; IS 12235 pressure test; dual-stack drainage standards,4,7,9,Very High,Non-Rated,0.92,9,Foam insulation on hot water pipes retains heat - reduces water and energy waste waiting for hot water. ECBC 2017.,20,1,N/A,None,All structural systems,PPR-C fusion welded pipes|Nitrile foam pipe insulation|Pressure gauge for testing|Individual isolation valves|Dual-stack drainage (soil + waste separate),None,None,Mandatory pressure test at 1.5x working pressure for 2 hours before plastering walls,All concealed plumbing must be pressure-tested to 1.5x working pressure for minimum 2 hours before closing walls with plaster. Skipping this test means any future leak requires breaking open finished walls.,Strong-Warning,IS 12235; NBC 2016 Part 9; plumbing best practice,"The fully concealed insulated PPR system is what I specify for premium homes and it is the one you will never regret paying extra for. The key differentiators are insulation on every hot water pipe which means hot water arrives at the tap within seconds instead of wasting 10-15 litres while the pipe warms up, individual isolation valves to every fixture so you can shut off one bathroom tap without shutting off the whole house, and most importantly the pressure test. Always insist on a 2-hour pressure test at 1.5 times working pressure before any wall is plastered. This is the single most important quality check in plumbing and most contractors skip it to save one day of work. If a leak develops inside a plastered wall it will cost 5-10 lakhs to find and fix.",Zero leak risk with proper pressure test|Insulated hot lines save water and energy|Individual valves for easy maintenance|Quietest plumbing system|50-year lifespan,Highest plumbing cost|Requires skilled PPR installer with fusion welder|Pressure test must be done before plastering - timeline sensitive|If leak occurs post-plaster requires wall breaking,Premium PPR-C with insulated hot lines. Mandatory pressure test before plastering. Individual valves per fixture. Best lifetime value.,Active,None,AI
CEIL-001,Finishes,Ceiling,bare_slab_painted,Bare RCC Slab (Painted),"Exposed RCC slab soffit cleaned, POP skim-patched and painted with ceiling emulsion. No false ceiling. Maximum ceiling height retained. Standard in utility, service and budget construction.",South India,Warm-Humid|Hot-Dry|Temperate|Composite,Basic,1,18,12,High,2024-Q1,CPWD DSR 2023 Item 12.15 POP patching + ceiling paint; market rate South India,10,0.95,5,0.30,0.05,Low,Repaint cycle 4-6 years; BRE Digest 345,2,3,9,High,Class A,1.0,10,Exposed concrete slab radiates stored heat downward at night. No insulation layer. ECBC 2017 baseline.,20,1,N/A,Ducted AC|Concealed electrical in false ceiling,All structural systems,Alkali-resistant primer|Ceiling emulsion paint|Scaffolding for painting,In Hot-Dry zones bare concrete ceiling retains daytime heat and radiates it into living spaces at night - thermal discomfort without AC.,None,Ducted AC cannot be installed without a false ceiling space for ductwork,"If you plan ducted air conditioning now or in the future, you must install a false ceiling with minimum 9-inch plenum depth. Bare slab blocks this option permanently.",Warning,ECBC 2017; NBC 2016; ASHRAE 62.1,Bare painted slab is the most economical ceiling option and actually looks quite good in modern minimalist interiors if the slab soffit is reasonably flat and well-finished. The key advantage is maximum ceiling height - you retain every inch of your 10 or 11 foot floor-to-floor height rather than losing 10-12 inches to a false ceiling frame. The main functional limitation is that all electrical conduit and AC piping must be planned to chase along the walls because there is no ceiling void to hide them. If you ever decide to add ducted AC later you will need to add a false ceiling at that point which costs more as a retrofit.,Maximum ceiling height retained|No maintenance beyond repainting|Exposed slab looks modern when flat|Lowest cost option,Exposes all electrical conduit - must plan carefully|No space for ducted AC|Bare concrete radiates heat downward at night|Slab imperfections visible,Painted bare RCC slab. Maximum height retained. No space for ducted AC or concealed wiring. Repaint every 5 years.,Active,None,AI
CEIL-002,Finishes,Ceiling,pop_false_ceiling,POP False Ceiling (Plaster of Paris),Plaster of Paris false ceiling on galvanised MS channel frame suspended from RCC slab. Smooth paintable surface with integrated lighting provision. Most popular false ceiling in South India residential.,South India,Warm-Humid|Hot-Dry|Temperate|Composite,Standard,2,90,50,High,2024-Q1,CPWD DSR 2023 Item 12.16; Karnataka PWD SOR 2024-25; market rate Bangalore/Chennai POP ceiling contractor,15,0.9,7,0.20,0.03,Medium,BRE Digest 345; field observation South India - humidity cycles cause joint cracking,4,5,6,Low,Class A,1.1,9,Air gap between slab and POP surface reduces downward heat radiation. ECBC 2017.,20,1,N/A,Bathrooms without moisture-resistant treatment|High-humidity rooms without exhaust,All structural systems,GI channel perimeter and intermediate frame|Hanger wires from slab|POP compound|Recessed light provisions|MS anchors,In bathrooms and kitchens use moisture-resistant gypsum board instead of POP - standard POP dissolves with steam over time.,None,Never use POP in bathrooms - use moisture-resistant gypsum board instead,POP false ceiling in bathrooms absorbs steam and collapses within 3-5 years. Specify MR gypsum board for any wet area false ceiling.,Warning,IS 2547; manufacturer application guidelines,POP false ceiling is what most South India homeowners want because it gives a smooth premium-looking ceiling with nice integrated downlights and it hides all the electrical conduit and AC piping. The quality is almost entirely down to the plasterer - a good POP worker creates a surface you cannot distinguish from a smooth wall while a bad one leaves visible joint lines and uneven surfaces within a year. The critical quality check is the GI frame - insist on minimum 0.5mm galvanised channel sections and hanger wires every 4 feet. Cheap thin frames sag and crack the POP within 3-5 years especially in the humidity of coastal South India.,Smooth seamless finish|Hides all conduit and AC piping|Integrated lighting design possible|Thermal buffer vs bare slab,Dissolves in moisture - not for bathrooms|Joint lines appear with frame sag|Difficult to repair patches invisibly|Reduces ceiling height by 10-12 inches,"Most popular residential false ceiling. Smooth finish, hides conduit. Specify GI frame 0.5mm+ gauge. Never in bathrooms - use MR gypsum there.",Active,None,AI
CEIL-003,Finishes,Ceiling,gypsum_board_ceiling,Gypsum Board False Ceiling (Drywall),"12.5mm gypsum dryboard on GI metal stud frame with taped and jointed seamless finish. Superior flatness, moisture-resistant grades available for bathrooms. Faster installation than POP.",South India,Warm-Humid|Hot-Dry|Temperate|Composite,Performance,3,125,55,High,2024-Q1,Market rate Saint-Gobain Gyproc/USG Boral 12.5mm dryboard + GI frame; Bangalore/Chennai contractor rate,20,0.85,10,0.15,0.02,Low,Manufacturer 10yr warranty; BS EN 520; BRE Digest 345,5,7,7,Medium,Class A,1.1,9,Gypsum board k-value 0.16 W/m.K better insulator than POP compound. Air gap aids further. ECBC 2017.,20,1,N/A,None,All structural systems,GI stud and track frame|12.5mm gypsum board|Joint compound and mesh tape|Alkali-resistant primer|Moisture-resistant (MR) grade for bathrooms,Specify moisture-resistant (MR) grade boards for bathrooms and kitchens. Standard gypsum board absorbs moisture in wet areas.,None,"Specify MR grade gypsum board in all wet area ceilings - bathrooms, toilets, kitchens",Standard gypsum board swells and sags in bathroom steam within 2-3 years. MR grade is mandatory for any moisture-exposed ceiling.,Warning,IS 2095; BS EN 520; manufacturer application guide,Gypsum board gives a flatter and more consistent ceiling than POP because it is factory-manufactured to precise thickness unlike site-mixed POP compound. The jointing and taping skill matters enormously - a trained drywall finisher creates invisible joints while an untrained one leaves visible ridges. For bathrooms and kitchens always specify MR (moisture-resistant) grade pink-faced board which costs only 20-25% more but will not sag. The fire rating is genuinely better than POP because the crystalline water bound in gypsum releases when heated which delays fire spread - a real safety benefit for upper floors.,Better fire rating than POP|MR grade available for wet areas|Factory consistent thickness = flatter ceiling|Faster installation than POP,More expensive than POP|Joint lines visible if taped poorly|Reduces ceiling height|Damaged boards cannot be POP-patched easily,Drywall false ceiling. Better fire rating and flatness than POP. Specify MR grade for bathrooms. Requires skilled joint taping.,Active,None,AI
CEIL-004,Finishes,Ceiling,wooden_ceiling,Timber / Wooden Ceiling Panel,"Solid hardwood, engineered wood or timber veneer panels on concealed MS clip or T-bar framework. Traditional South India heritage aesthetic or contemporary linear wood look. Feature ceilings in living and dining areas.",South India,Warm-Humid|Temperate,Premium,4,280,90,Medium,2024-Q1,"South India interior contractor 2024; WPC/teak-veneer ceiling panels ₹270-290/sqft supply, ₹85-95/sqft install per sqft ceiling area; ₹370 validated",30,0.7,5,0.15,0.02,Medium,BRE Digest 345; IS 287; engineered wood manufacturer data,6,8,7,Low,Class C,1.0,8,Wood k-value 0.13 W/m.K excellent insulator. Air gap above panel adds further resistance. ECBC 2017.,20,1,N/A,Bathrooms|Kitchens|High-humidity rooms without exhaust fans,All structural systems,MS T-bar or clip frame|Timber oil or lacquer finish|Vapour barrier in humid climates,"Not suitable for bathrooms, kitchens or any high-humidity space. Coastal high-salinity zones require marine-grade wood treatment. Not recommended in Hot-Dry zones without humidity control.",BLOCK_IN_BATHROOMS_AND_WET_AREAS,Verify timber moisture content below 12% before installation,Wood ceiling panels installed with moisture content above 12% will warp and pull away from the frame in the first monsoon. Kiln-dried timber is mandatory.,Strong-Warning,IS 287; IS 4021 timber seasoning,A timber ceiling in the living or dining area creates warmth and character that no other material can match and it has excellent acoustic properties - the room stops echoing. Engineered wood veneer panels are better than solid wood for ceiling applications because they are dimensionally stable and do not warp with seasonal humidity changes the way solid planks do. Always specify kiln-dried timber with moisture content below 12% and apply a penetrating oil or lacquer finish before installation to seal the wood from humidity. Avoid solid timber ceilings in coastal Kerala or Chennai where the high ambient humidity causes expansion and contraction that loosens fixings over time.,Outstanding acoustic absorption - eliminates echo|Warm natural aesthetic|Excellent thermal insulation|Long lifespan with proper treatment,Not suitable for wet areas|Warp risk if moisture content high|Class C fire rating - lower than gypsum|High cost|Requires periodic retreatment,Timber panel ceiling. Excellent acoustic and thermal performance. Dry areas only. Kiln-dried timber mandatory. Outstanding in living and dining.,Active,None,AI
CEIL-005,Finishes,Ceiling,metal_tile_grid,Metal Tile / Lay-in Grid Ceiling,600x600mm metal or mineral fibre tiles in exposed T-bar aluminium grid. Fully demountable - easy access to services above. Common in commercial and utility spaces. Growing use in residential utility and kitchen areas.,South India,Warm-Humid|Hot-Dry|Temperate|Composite,Standard,5,80,30,High,2024-Q1,Market rate Armstrong/Saint-Gobain mineral fibre tiles + T-grid; South India contractor rate,20,0.8,8,0.15,0.02,Low,Manufacturer data; IS 14977; BRE Digest 345,5,8,6,Medium,Class A,1.1,10,Mineral fibre tiles k-value 0.05-0.10 W/m.K. Good insulation. Aluminium grid has negligible thermal bridging. ECBC 2017.,20,1,N/A,High-humidity bathrooms without adequate exhaust|Areas prone to water leaks above,All structural systems,Aluminium main T-bar and cross-T grid|Perimeter angle|600x600 mineral fibre or metal tiles|Hanger wires from slab,In bathrooms use humidity-resistant mineral fibre tiles rated for high moisture. Standard mineral fibre tiles stain and sag from steam.,None,Any water leak from slab above will stain and collapse mineral fibre tiles,Mineral fibre lay-in tiles are highly vulnerable to water damage from above. Waterproof the slab thoroughly before installing. A single roof leak will require tile replacement.,Warning,IS 14977; manufacturer installation guide,Metal and mineral fibre grid ceilings are the most practical ceiling choice for kitchens and utility rooms because individual tiles can be lifted out to access electrical connections plumbing valves and AC drain lines above. In a residential kitchen this is enormously useful - when a pipe needs attention or an AC drain clogs you lift two tiles instead of breaking open a plastered ceiling. The acoustic performance of mineral fibre tiles is actually excellent - better than POP or gypsum board - which is a bonus in home offices or study rooms. The commercial look does not suit every room but in a modern kitchen or utility space it is very functional.,Individual tiles demountable - easy service access above|Excellent acoustic absorption|Fastest installation|Easy partial replacement if damaged,Commercial appearance - not suitable for all rooms|Mineral fibre tiles stain from water leaks|Cannot integrate smooth curves or coves|Tiles sag in high humidity without HR grade,Modular tile-and-grid ceiling. Best for kitchens and utility areas - lift tiles to access pipes and wiring above. Good acoustic absorption.,Active,None,AI
LGT-001,Systems,Lighting Strategy,basic_tube_batten,Basic Tube Light / Batten Fitting,Surface-mounted fluorescent or LED batten fittings. Single circuit per room. No dimming or zoning. Minimum functional lighting. Common in budget residential and rental construction.,South India,Warm-Humid|Hot-Dry|Temperate|Composite,Basic,1,18,10,High,2024-Q1,CPWD DSR 2023 electrical items; market rate Havells/Wipro LED batten 4ft; normalized per sqft 1500sqft house,5,0.95,3,0.30,0.05,Low,LED batten driver lifespan 15000-25000 hours; BEE India,1,1,5,Low,Non-Rated,0.5,10,LED battens produce minimal heat vs fluorescent. ECBC 2017 LPD 3.0 W/sqm baseline.,20,1,N/A,False ceiling design|Recessed lighting plan,All structural systems,Single-phase wiring|5A power point per fitting|Ceiling hook or batten plate,None,None,Use LED battens - not fluorescent tubes - to meet ECBC 2017 LPD requirements,Fluorescent tube fittings exceed ECBC 2017 Lighting Power Density limits. Specify LED batten equivalents which consume 50% less power.,Info,ECBC 2017 Section 4.7; BEE India LPD norms,Basic tube light fittings are fine for a rental property or a utility space where aesthetics do not matter but they look institutional in a home. The one thing I insist on even at this budget level is LED over fluorescent - the energy saving is 50% and the LED driver lasts 3-4 times longer than a fluorescent ballast. Specify Havells or Wipro branded LED battens with at least 2-year warranty. The driver is the failure point so the warranty matters. For any room you want to feel comfortable in the long term plan at least one additional circuit for task lighting near work surfaces.,Lowest cost lighting system|No electrician needed to replace lamp|Universally serviceable|LED versions very energy efficient,Institutional appearance|Single harsh top-down light source|No dimming or ambience control|Driver failures frequent in cheap brands,Basic LED batten fittings. Functional and economical. Fine for rental or utility spaces. Use LED not fluorescent for ECBC compliance.,Active,None,AI
LGT-002,Systems,Lighting Strategy,led_downlights_standard,Standard LED Downlights + Ceiling Fans,Recessed LED downlights (7-12W) in false ceiling grid with fan provision in every room. Two lighting circuits per room: general downlights and perimeter/task. Most common mid-range residential lighting in South India.,South India,Warm-Humid|Hot-Dry|Temperate|Composite,Standard,2,45,18,High,2024-Q1,Market rate Philips/Wipro/Havells LED downlights + wiring; normalized per sqft including 2-circuit layout,8,0.85,5,0.20,0.03,Low,LED driver lifespan 25000-30000 hours; Philips warranty 3yr,1,1,6,Low,Non-Rated,0.4,9,Recessed LEDs produce minimal heat. ECBC 2017 LPD 2.5 W/sqm achievable.,20,1,N/A,Rooms without false ceiling,All structural systems with false ceiling,False ceiling (min 4-inch recess depth)|2 circuits per room|Fan hook sleeve in slab|ISI LED driver rated fittings,IP44 rated downlights mandatory in bathrooms and outdoor covered areas.,REQUIRES_FALSE_CEILING,Use IP44-rated downlights in bathrooms - standard downlights are not moisture-safe,Standard open-back LED downlights installed in bathroom false ceilings create an electrocution risk from steam and condensation. IP44 moisture-rated fittings are mandatory.,Warning,IS 10322; NBC 2016 Part 8; ECBC 2017,LED downlights in a false ceiling is the standard I recommend for most South India homes because it gives a clean modern look with good light distribution. The key decisions are color temperature and placement. Warm white 2700-3000K feels comfortable in bedrooms and living areas while cool white 4000-4500K works better in kitchens and study areas. Space downlights at 1.5 to 2 times the ceiling height from walls so the light covers the walls evenly. A very common mistake is placing all downlights in a central grid which creates a brightly lit centre and dark gloomy corners. Always have a separate circuit for perimeter or feature lighting that you can switch independently for evening ambience.,Clean modern look|Good light distribution with correct placement|Energy efficient LEDs|Easy lamp replacement,Requires false ceiling|Creates holes that reduce acoustic and thermal performance|Single colour temperature per fitting|No dimming without additional investment,Standard LED downlights in false ceiling. Space at 1.5x ceiling height from walls. IP44 in bathrooms. Separate circuit for perimeter lighting.,Active,None,AI
LGT-003,Systems,Lighting Strategy,layered_lighting_design,Layered Lighting Design (Ambient + Task + Accent),"Three-layer lighting design: ambient (downlights/cove), task (under-cabinet, reading, workdesk), and accent (feature wall, art, landscape). Separate switching circuits for each layer. Designed by lighting consultant or architect.",South India,Warm-Humid|Hot-Dry|Temperate|Composite,Performance,3,90,35,Medium,2024-Q1,"Philips/Wipro Lighting South India distributor 2024; layered LED scheme (recessed + cove + accent) ₹85-95/sqft supply, ₹32-38/sqft install per sqft floor area; ₹125 validated",10,0.80,5,0.20,0.03,Medium,LED strip lifespan 20000-35000 hours; downlight driver 25000h,1,1,6,Low,Non-Rated,0.35,8,Lower wattage distributed lighting reduces heat gain vs single high-wattage sources. ECBC 2017 LPD 2.0 W/sqm achievable.,20,1,N/A,Rooms without false ceiling (cove lighting not possible),All structural systems with false ceiling,False ceiling with cove recess detail|3 independent circuits per room|LED strip channels for cove|Under-cabinet LED fittings|Separate DB circuits,LED strip drivers must be rated for 45C ambient in Hot-Dry zones - South India summer temps stress drivers in enclosed cove spaces.,REQUIRES_FALSE_CEILING,LED strip driver must be accessible for replacement - do not enclose in sealed cove,LED strip drivers fail before the strip itself. If the driver is sealed inside an inaccessible cove the entire strip assembly must be demolished and reinstalled. Design the cove with an access panel.,Warning,LED manufacturer installation guide; IS 10322,"Layered lighting transforms a house from a functional space into a home that feels genuinely comfortable at any time of day or evening. The concept is simple: ambient light for general visibility, task light exactly where you need to see detail like the kitchen counter or the reading chair, and accent light to highlight architectural features or artwork. The wiring change from standard is minimal - just run 3 circuits instead of 1 to each room. Plan the cove detail in the false ceiling drawings before the ceiling is built because retrofitting a cove is expensive. The LED driver location is the most common oversight - put them in an accessible location like inside a wardrobe or behind an access panel not buried in concrete.",Transforms room atmosphere dramatically|Lower total energy than single bright source|Hides harsh point sources|Supports different moods for different activities,Requires careful planning before construction|LED strip drivers need accessible location|Higher design and wiring cost|Cove detail adds to false ceiling complexity,Three-layer ambient + task + accent lighting. Plan cove and wiring before false ceiling is built. Driver must be accessible for replacement.,Active,None,AI
LGT-004,Systems,Lighting Strategy,smart_dimmable_lighting,Smart Dimmable LED System,"Full dimmable LED system with smart switches or DALI/Zigbee-controlled drivers. App, voice and scene control. Occupancy sensor auto-off. Energy metering per circuit. Integrates with home automation.",South India,Warm-Humid|Hot-Dry|Temperate|Composite,High-Performance,4,145,50,Medium,2024-Q1,"Lutron/Legrand smart lighting South India integrator 2024; smart dimmer + LED + DALI wiring ₹140-150/sqft supply, ₹48-52/sqft install; ₹195 validated",10,0.75,5,0.25,0.04,High,Smart driver and sensor replacement cycle 7-10 years; IS 10322,1,1,6,Low,Non-Rated,0.25,10,Dimming reduces wattage proportionally - 50% dim = ~50% energy. Occupancy auto-off eliminates standby waste. ECBC 2017 LPD 1.5 W/sqm achievable.,20,1,N/A,None,All structural systems with false ceiling,Neutral wire at every switch point|Dimmable LED drivers (not standard)|Zigbee or WiFi smart switches|Stable WiFi or mesh network|Home automation hub optional,None,None,All LED fittings must use dimmable drivers - standard LED drivers buzz or flicker when dimmed,Standard (non-dimmable) LED drivers buzz loudly and flicker when connected to a dimmer switch. Specify dimmable-compatible drivers explicitly for every fitting.,Warning,Philips/Legrand compatibility guide; IS 10322,"Smart dimmable lighting is the highest quality lighting upgrade and genuinely changes daily life. Waking up to a gradually brightening light, movie mode where all lights dim to 10%, occupancy sensors that turn off the corridor light you always forget - these are real daily benefits. The technical prerequisite that catches most people is the neutral wire at switch points which standard Indian wiring omits, and the dimmable driver specification for every fitting. A regular LED driver connected to a dimmer switch will buzz irritatingly. Specify dimmable-rated drivers from Philips or Havells for every single downlight and strip driver in the system.",30-50% energy saving through dimming and auto-off|Voice and app scene control|Gradual wake-up and sunset scenes|Occupancy auto-off eliminates waste,Highest lighting system cost|All drivers must be dimmable-rated - easy to get wrong|Neutral wire required at switch points|Smart devices obsolete in 8-10 years,Smart dimmable LEDs with occupancy sensors. All drivers must be dimmable-rated. Neutral wire at switch points mandatory. 30-50% energy saving.,Active,None,AI
LGT-005,Systems,Lighting Strategy,passive_daylighting_solar_tubes,Passive Daylighting + Solar Tubes,"Architectural daylighting strategy: sun-path optimised window placement, light shelves, and tubular daylighting devices (solar tubes) to bring natural light into interior rooms. Reduces artificial lighting need by 40-70% in daytime.",South India,Warm-Humid|Hot-Dry|Temperate|Composite,High-Performance,5,35,25,Medium,2024-Q1,Solatube/Velux India 2024; 3-4 solar tube units for 1500sqft: ₹10000-14000/unit supply + ₹4000-5000/unit install; normalised ₹60/sqft validated; higher than skylight but no structural penetration,25,0.6,10,0.08,0.01,Low,Solatube 10-year warranty; roof dome 20-25 year lifespan; BRE Digest 345,3,1,8,High,Non-Rated,0.0,9,Solar tubes admit daylight not direct solar heat - diffuser dome filters IR. ECBC 2017 daylight credit applicable. No heat addition to space.,2,1,N/A,Underground or basement rooms|Apartments not on top floor,Ground floor and top floor of all structural systems with accessible roof,Roof access for dome installation|350-550mm diameter roof penetration|Flashing and weatherproofing at penetration|Reflective tube from roof to ceiling diffuser,In high-rainfall coastal zones ensure roof penetration flashing is watertight. Solar tubes must be installed by certified installer to prevent roof leaks.,BLOCK_IN_APARTMENTS_BELOW_TOP_FLOOR,Roof penetration must be flashed and waterproofed by certified installer,Solar tube roof penetrations that are not properly flashed and sealed will leak during monsoon. Use only certified Solatube or Velux installers.,Warning,ECBC 2017 daylighting credits; NBC 2016; Solatube installation guide,Passive daylighting is the most underused strategy in South India residential construction. Simply orienting the main living areas to face north and east gives beautiful soft diffuse light all day without glare or heat gain while west-facing rooms get the brutal afternoon sun. Solar tubes are brilliant for dark interior bathrooms and corridors that otherwise need artificial lighting all day - a 350mm tube brings in as much light as three 100-watt bulbs at zero ongoing electricity cost. The roof penetration must be done by a certified installer because a badly flashed solar tube is a guaranteed roof leak. Works best on ground floor rooms and the top floor - middle floors of multi-storey cannot use them.,Zero electricity cost for daytime lighting|Natural light quality incomparable to artificial|25-year lifespan|Reduces AC load - no heat from artificial lights,Only works on top floor or ground floor|Cannot be used in multi-storey middle floors|Requires roof penetration - leak risk if poorly done|Cannot replace night lighting,Solar tubes bring natural daylight into dark interior rooms. Zero running cost. Top floor and ground floor only. Certified installer for leak-free installation.,Active,None,AI
SOL-001,Systems,Solar,no_solar,No Solar (Grid Only),100% grid electricity and gas/electric water heating. No rooftop solar provision. Baseline option with maximum grid dependency.,South India,Warm-Humid|Hot-Dry|Temperate|Composite,Baseline,1,0,0,High,2024-Q1,No capital cost. Grid electricity at Rs 6-9 per unit South India DISCOMs.,0,0,0,0,0,Low,No system to maintain. Grid tariff escalation 4-6% per year historically.,1,1,10,High,Non-Rated,3.0,10,No thermal contribution. Grid power carbon intensity ~0.82 kg CO2/kWh South India grid.,20,1,N/A,None,All structural systems,DISCOM single or three-phase connection,None,None,Reserve roof area and conduit space if solar is planned in the future,"Even if not installing solar now, run a 25mm conduit from rooftop to DB location and keep south-facing roof area clear. Retrofitting later without this preparation is significantly more expensive.",Info,MNRE solar guidelines; DISCOM connection rules,"Choosing no solar today is not necessarily wrong if budget is tight, but I always ask clients to at least future-proof the building by running a blank conduit from the rooftop to the electrical DB and keeping 100-150 sqft of south-facing roof clear of water tanks and TV dishes. South India electricity tariffs have risen 6-8% every year and the payback period for solar keeps shrinking. A 3kWp system on a 1500 sqft house today pays back in 4-5 years. If you cannot do solar now, at least do not block the option.",Zero upfront cost|No maintenance|No system complexity,100% dependent on grid tariff escalation|High carbon footprint|No backup during power cuts,Grid-only baseline. No solar investment. At minimum run a conduit from rooftop to DB to keep the future option open.,Active,None,AI
SOL-002,Systems,Solar,solar_water_heater,Solar Water Heater (SWH),100-200 LPD flat plate or evacuated tube solar water heating system. Eliminates electric geyser load (15-20% of household electricity). Bureau of Energy Efficiency 5-star rated. Most cost-effective first solar investment.,South India,Warm-Humid|Hot-Dry|Temperate|Composite,Standard,2,12,5,High,2024-Q1,Market rate 200LPD flat plate Racold/V-Guard/Supreme Rs 18000-25000; normalised per sqft 1500sqft house,15,0.8,5,0.15,0.02,Low,BEE SWH standards; IS 12933; manufacturer 5yr warranty on collector,1,1,7,High,Non-Rated,0.8,9,Eliminates 15-20% of household electricity load. Flat plate collector efficiency 60-70%. ECBC 2017 SWH credit.,3,1,N/A,North-facing roof slope|Heavily shaded rooftops,All structural systems with south or east-facing roof access,South or east-facing roof area min 2 sqm per 100LPD|PPR or copper hot water pipes (not uPVC)|Insulated hot water pipe runs|Backup electric element for cloudy days,In coastal high-humidity zones specify evacuated tube collector over flat plate - higher efficiency in diffuse light conditions during monsoon.,None,Connect SWH only to PPR or copper pipes — never uPVC which fails at SWH temperatures,Solar water heaters produce water at 60-80°C in summer. uPVC pipes deform and burst at these temperatures. Only connect to PPR or copper pipe.,Critical,IS 12933; BEE SWH programme; MNRE,The solar water heater is the single best-value first solar investment for any South India home. Payback is typically 2-3 years because water heating accounts for 15-20% of household electricity and South India gets 300+ sunny days a year. The installation is simple and any licensed plumber can do it. The critical plumbing mistake I see constantly is connecting the SWH output to uPVC pipes which melt or deform at 70-80 degree water temperatures. Only use PPR or copper for all hot water lines from the SWH. Specify evacuated tube collectors for coastal Kerala and Tamil Nadu where monsoon cloud cover reduces flat plate efficiency.,Fastest solar payback - 2-3 years|Simple technology easy to maintain|Eliminates 15-20% electricity bill|No inverter or battery needed,Only heats water - no electricity generation|Backup geyser needed for cloudy periods|Requires south/east roof access|Hard water causes scale inside tubes,Solar water heater. Best-value first solar step. 2-3 year payback. Connect only to PPR or copper pipes - never uPVC.,Active,None,AI
SOL-003,Systems,Solar,grid_tied_pv,Grid-Tied Rooftop Solar PV (3-5 kWp),"3-5 kWp monocrystalline PV panels with string inverter, bi-directional net metering. Exports surplus to grid and earns credits. No battery. Covers 60-80% of household electricity consumption for 1500-2500 sqft homes.",South India,Warm-Humid|Hot-Dry|Temperate|Composite,Performance,3,48,12,High,2024-Q1,MNRE benchmark cost Rs 45000-55000 per kWp installed 2024; 4kWp system Rs 1.8-2.2L; normalised per sqft 1500sqft house,25,0.7,10,0.15,0.01,Low,Panel warranty 25yr linear output; inverter replacement cycle 10-12yr; MNRE ALMM list,1,1,8,High,Non-Rated,0.3,9,Panels shade roof surface reducing roof heat gain by 15-20%. Net zero daytime grid draw. ECBC 2017 renewable credit.,20,1,N/A,Heavily shaded roof|North-facing only roof,All structural systems with flat or south-tilted roof,South-facing roof area min 100 sqft per kWp|MS or aluminium mounting structure|MNRE-approved ALMM-listed panels|String inverter|Bi-directional net meter from DISCOM|DC cable tray from roof to inverter|Earthing and lightning protection,Coastal areas require marine-grade aluminium mounting frames and MC4 connectors rated for high humidity. Inland Hot-Dry zones achieve highest generation - Hyderabad and Bangalore plateau outperform coastal areas.,None,Apply for DISCOM net-metering approval during construction - approval takes 2-6 months,Net-metering application to BESCOM/TANGEDCO/KSEB must be submitted during construction. Approval takes 2-6 months. Do not install panels before approval or you cannot legally export power.,Warning,MNRE Net Metering Regulations 2021; DISCOM utility rules; IS 16221,"A grid-tied solar system is the best financial investment most South India homeowners can make right now. At Rs 45000-55000 per kWp installed, a 4kWp system costs around Rs 1.8-2.2 lakhs and generates roughly 480-560 units per month in Bangalore or Chennai. At current tariffs of Rs 7-9 per unit that is Rs 3500-5000 per month savings - payback in under 4 years with 25 years of near-free electricity after that. The process trap is the DISCOM approval - file the net-metering application with BESCOM or TANGEDCO as soon as your building plan is approved because it takes 2-6 months. Panels must be on the MNRE ALMM approved list for subsidy eligibility. Only buy panels from that list.",60-80% reduction in electricity bill|25-year panel lifespan|Net metering earns export credits|Panels shade roof reducing heat gain,No power during grid outages|Net metering approval takes 2-6 months|Inverter replacement after 10-12 years|Requires unshaded south-facing roof,Grid-tied 3-5kWp PV. 60-80% electricity savings. File DISCOM net-metering application during construction - takes 2-6 months.,Active,None,AI
SOL-004,Systems,Solar,hybrid_pv_battery,Hybrid Solar PV + Battery Storage,"3-5 kWp grid-tied PV with 5-10 kWh lithium battery bank and hybrid inverter. Provides backup power during grid outages. Charges from solar first, grid second. Critical for areas with frequent power cuts.",South India,Warm-Humid|Hot-Dry|Composite,High-Performance,4,195,45,Medium,2024-Q1,Luminous/SolarEdge India 2024; 2kW hybrid inverter + 5kWh Li-ion battery + 2kW panels: ₹2.8-3.2 lakhs supply / 1500sqft = ₹187-213/sqft; ₹195+45 corrected from AI estimate,15,0.7,8,0.20,0.02,Medium,LFP battery cycle life 3000-4000 cycles ~10-12 years; panel 25yr; hybrid inverter 10yr,1,1,7,Medium,Non-Rated,0.2,9,Battery stores surplus solar. Grid draw near zero for 8-10 months. ECBC 2017 renewable credit maximised.,20,1,N/A,None,All structural systems,South-facing roof area min 100sqft per kWp|MNRE-listed panels|Hybrid inverter (not standard string inverter)|LFP lithium battery bank|Dedicated battery room ventilated|DC cable tray|Bi-directional meter,Battery room must be ventilated and temperature-controlled. LFP batteries degrade faster above 45C — do not install in unventilated roof space in Hot-Dry zones.,None,Battery room must be ventilated — do not install batteries in sealed enclosed spaces,Lithium batteries in enclosed unventilated spaces in South India summer (above 40C) degrade rapidly and carry thermal runaway risk. Provide dedicated ventilated space at ambient temperature.,Strong-Warning,IEC 62619; battery manufacturer installation guide; NBC 2016 Part 8,"The hybrid system with battery is what I recommend for anyone in areas with frequent power cuts like rural Tamil Nadu, interior Andhra Pradesh or Kerala coastal areas. The 10kWh battery gives you 8-12 hours of essential loads (fans, lights, router, phone charging, one fridge) during a grid outage charged entirely from solar. Choose lithium iron phosphate (LFP) chemistry batteries over lead acid for home use - LFP lasts 3000+ cycles (10-12 years), tolerates partial charge, and has zero maintenance. The battery room temperature matters enormously in South India summers - keep batteries below 40 degrees by installing them in a shaded ventilated room, not on the hot rooftop.",Full backup power during grid outages|Solar + storage = near grid-independent|LFP battery 10-12 year life|Protects from tariff escalation,High upfront cost|Battery replacement after 10-12 years|Battery room temperature management critical|More complex system than grid-tied only,Solar PV + lithium battery backup. Grid-independent operation. Ideal for frequent power cut areas. Battery room must be ventilated below 40C.,Active,None,AI
SOL-005,Systems,Solar,full_off_grid,Full Off-Grid Solar System,"Standalone PV system with large battery bank (20-30kWh), no grid connection. Sized for 100% energy self-sufficiency. Suitable for remote sites without DISCOM connection or for ultra-premium eco-conscious builds.",South India,Warm-Humid|Hot-Dry|Temperate|Composite,Premium,5,380,75,Low,2024-Q1,Loom Solar/Luminous India off-grid quotes 2024; 5kW off-grid system (panels + 20kWh VRLA battery + inverter): ₹6.5-7.5 lakhs supply / 1500sqft = ₹433-500/sqft; corrected from AI underestimate; premium system for complete grid independence,20,0.65,5,0.25,0.03,High,LFP battery 10-12yr cycle; panels 25yr; off-grid inverter 10yr; generator backup 5-10yr,1,1,7,Medium,Non-Rated,0.05,7,Net zero carbon electricity generation on site. ECBC 2017 maximum renewable credit. Negligible grid carbon.,20,1,N/A,High electricity demand homes above 1000 units/month without oversized system,All structural systems,8-10kWp PV array|20-30kWh LFP battery bank|Off-grid pure sine inverter|Diesel or petrol generator backup|Battery management system|Remote monitoring,Monsoon period (Jun-Sep) with heavy cloud cover in Kerala and Coastal Karnataka significantly reduces generation. Generator backup mandatory for 60-90 day monsoon periods.,None,Diesel generator backup mandatory for monsoon periods in high-rainfall zones,Full off-grid systems in Kerala or Coastal Karnataka face 60-90 days of heavy cloud cover during monsoon reducing solar generation by 50-70%. A diesel or petrol generator backup sized to charge the batteries is mandatory.,Strong-Warning,MNRE off-grid guidelines; IEC 62109; IS 16221,"Full off-grid solar is only justified in two situations: remote sites where DISCOM connection would cost more than the solar system itself, or high-conviction eco-projects willing to pay a premium for genuine energy independence. The economics do not stack up versus grid-tied for urban and semi-urban South India because the grid is reliable enough that batteries earning export credits in net metering give better returns than doubling battery capacity for off-grid independence. The monsoon period is the critical design challenge particularly in Kerala and Coastal Karnataka where 60-90 days of heavy cloud can cut generation to 30% of rated capacity - the battery bank and generator backup must be sized for this worst case.",Complete energy independence|Zero electricity bill|Ideal for remote sites|Net zero carbon lifestyle,Very high upfront cost|Complex system requiring specialist maintenance|Generator mandatory for monsoon backup|Cannot be undersized - careful energy audit required,Full off-grid solar. Remote sites only or ultra-premium builds. Generator backup mandatory for monsoon in high-rainfall zones. High complexity.,Active,None,AI
RWH-001,Systems,Rainwater Harvesting,no_rwh,No Rainwater Harvesting,No rainwater collection or groundwater recharge provision. All water from BWSSB/CMWSSB/KWA municipal supply or borewell. 100% dependent on external water sources.,South India,Warm-Humid|Hot-Dry|Temperate|Composite,Baseline,1,0,0,High,2024-Q1,No capital cost.,0,0,0,0,0,Low,N/A,1,1,10,High,Non-Rated,1.0,10,No thermal contribution.,20,1,N/A,None,All structural systems,Municipal water connection or borewell,None,MANDATORY_RWH_IN_BBMP_JURISDICTION,RWH is mandatory for plots above 30x40ft in BBMP and CMDA jurisdiction,BBMP (Bangalore) and CMDA (Chennai) legally mandate rainwater harvesting for plots above 30x40ft. Occupancy Certificate can be denied without RWH installation.,Critical,BBMP Rainwater Harvesting Byelaw 2009; CMDA Development Regulations; BDA Byelaws,"Skipping rainwater harvesting is not legally permissible for most urban plots in South India. BBMP in Bangalore, CMDA in Chennai and BDA in Bangalore all mandate RWH for plots above a minimum size - typically 30x40 or 1200 sqft. Failure to install means the corporation can refuse your Occupancy Certificate. Even where it is not legally mandatory it is a significant missed opportunity - a simple recharge pit costs Rs 15000-30000 and can recharge the local borewell reducing water bills meaningfully.",Zero upfront cost,Illegal for most urban plots above 1200sqft|100% water bill dependency|Borewell depletion in summer|OC may be denied,No RWH. Legally mandatory in most South India urban jurisdictions for plots above 1200sqft. Check local byelaws before skipping.,Active,None,AI
RWH-002,Systems,Rainwater Harvesting,recharge_pit,Groundwater Recharge Pit,Simple perforated pit or trench filled with gravel and filter media to redirect rooftop and surface runoff into ground for borewell recharge. Minimum code-compliant RWH. Meets BBMP/CMDA mandatory requirements.,South India,Warm-Humid|Hot-Dry|Temperate|Composite,Basic,2,5,3,High,2024-Q1,CPWD DSR 2023; market rate recharge pit excavation + gravel + filter media; normalised per sqft,20,0.5,3,0.20,0.03,Low,CGWB guidelines; filter media replacement 5-7 years,1,1,7,High,Non-Rated,0.95,10,No thermal contribution. Groundwater recharge reduces urban heat island marginally.,20,1,N/A,Plots on rocky hard-rock sites with no soil percolation,All structural systems,Perforated PVC pipe|20-40mm gravel filter media|Fine sand layer|Mosquito-proof mesh cover|Downpipe diverter from roof drainage,In black cotton soil areas percolation is very low - recharge pit effectiveness is minimal. Consult hydrogeologist.,None,Clean filter media annually before monsoon to prevent clogging,Recharge pit filter media clogs with silt within 2-3 monsoons if not cleaned. Annual pre-monsoon cleaning is essential or the pit fills with mud and becomes useless.,Warning,CGWB RWH manual; BBMP byelaws,"The recharge pit is the minimum RWH system and satisfies BBMP and CMDA compliance at very low cost. A properly built pit of 1.5m diameter and 3m depth filled with graded gravel can recharge 500-1000 litres per hour of heavy rain into the aquifer, measurably improving your borewell water level over the monsoon season. The critical maintenance point is cleaning the filter gravel before every monsoon - silt from the roof blocks the voids in one season and turns the pit into a mud trap. The first flush diverter is also important - the first 5-10 minutes of rain washes bird droppings and dust off the roof and should be diverted to drain, not into the recharge pit.",Meets BBMP/CMDA legal requirement|Recharges borewell - better water level|Low cost|Passive - no power or operator needed,Does not store water for direct use|Clogs without annual maintenance|Ineffective on rocky sites|First flush contamination without diverter,Minimum-cost RWH recharge pit. Meets BBMP/CMDA legal requirement. Annual pre-monsoon cleaning mandatory or it clogs and stops working.,Active,None,AI
RWH-003,Systems,Rainwater Harvesting,collection_storage_tank,Rooftop Collection + Underground Storage Tank,"Rooftop runoff collected via gutters, filtered and stored in underground RCC or HDPE sump (10000-20000 litres). Used for garden irrigation, car washing, toilet flushing. Reduces municipal water consumption 30-50%.",South India,Warm-Humid|Temperate,Performance,3,22,10,Medium,2024-Q1,South India borewell contractor + filter supplier 2024; sand filter unit ₹12000-18000 + recharge well 10ft ₹15000-22000 + piping ₹8000-12000; normalised ₹32/sqft validated for 1500sqft house,30,0.6,5,0.15,0.02,Medium,RCC sump 30yr; HDPE tank 20yr; filter cartridge 1-2yr,1,1,8,High,Non-Rated,0.9,8,No thermal contribution. Underground storage keeps water cool passively.,20,1,N/A,Flat roofs without perimeter parapet gutters|Very small plots below 600sqft,All structural systems with guttered roof drainage,Perimeter gutters and downpipes|First-flush diverter|Sand and gravel filter unit|Underground sump or HDPE tank|Submersible pump for reuse|Overflow to recharge pit,Only viable in areas with minimum 600mm annual rainfall. In Hot-Dry zones like interior Tamil Nadu collection is insufficient for meaningful storage - recharge pit is better.,None,First-flush diverter is mandatory - do not collect the first 10 minutes of rain,"The first rain of a dry spell washes months of bird droppings, dust and debris off the roof into your collection system. A first-flush diverter that discards the first 20-25 litres per 100sqm of roof area is essential for water quality.",Warning,CGWB RWH manual; IS 15797 water quality; NBC 2016,"A rooftop collection and storage system is a fantastic investment for South India homes with gardens, cars to wash or borewell dependency. A 1500sqft roof in Bangalore receiving 970mm annual rainfall can collect roughly 100000-120000 litres per year after losses - enough to run a garden and supplement toilet flushing. The siting of the underground sump is critical - it must be at least 15 feet from any septic tank or soak pit to prevent contamination. The first-flush diverter is not optional - the first rain after summer carries intense contamination from the roof surface. This water must be discarded automatically before collection begins.",30-50% reduction in municipal water use|Reduces water bills significantly|Garden and toilet flushing use|Underground storage keeps water cool,High initial cost for sump construction|Pump required for reuse|Seasonal - depends on monsoon|First flush contamination without diverter,Stores rooftop rainwater in underground sump. 30-50% water bill reduction. First-flush diverter mandatory. Sump 15ft from septic tank.,Active,None,AI
RWH-004,Systems,Rainwater Harvesting,dual_pipe_full_system,Full Dual-Pipe RWH System (Potable + Non-Potable),"Complete dual-pipe plumbing system with separate non-potable network for toilet flushing, garden and car wash supplied from treated harvested rainwater. Includes slow-sand filter + UV treatment for partial potable use. Most water-efficient residential system.",South India,Warm-Humid|Temperate,Premium,4,42,20,Low,2024-Q1,South India greywater recycling system quotes 2024; bio-filter + UV + dual plumbing rough ₹60000-90000 for 1500sqft; ₹62/sqft total validated as lower-bound for full recycling system,30,0.6,3,0.20,0.03,High,RCC sump 30yr; UV lamp replacement annual; sand filter media 5yr,1,1,8,High,Non-Rated,0.85,6,No thermal contribution. Significant reduction in municipal water pumping energy.,5,1,N/A,Apartment buildings without dedicated RWH authority|Sites below 1200sqft,All structural systems on adequate plot area,Dual pipe network (colour-coded blue potable + grey non-potable)|Large underground sump 25000L+|First-flush diverter|Slow sand filter|UV steriliser for partial potable treatment|Pressure pump|Annual water quality testing,Only viable where annual rainfall exceeds 750mm. In Hot-Dry zones system must be supplemented by borewell or tanker during 6-8 month dry season.,None,Annual water quality testing mandatory before using treated RWH for potable purposes,Harvested rainwater treated with UV only is not reliably safe for drinking without periodic bacteriological testing. Annual water quality certificate from a NABL-accredited lab is mandatory.,Strong-Warning,IS 10500 drinking water standard; CGWB RWH manual; NBC 2016 Part 9,"The full dual-pipe system is the gold standard for water self-sufficiency and is particularly valuable for large plots in water-scarce interior Tamil Nadu or Karnataka. By running a completely separate pipe network for non-potable uses (toilets, garden, car wash) you can supply 40-60% of household water needs from harvested rain in a good monsoon year. The complexity and cost are significant - dual plumbing during construction adds 15-20% to plumbing cost. Water quality is the key concern - I only recommend using treated harvested water for potable purposes after annual NABL lab testing. For non-potable uses it is perfectly safe with a basic sand filter and UV treatment.",50-70% water self-sufficiency|Lowest water bills possible|Future-proof against water scarcity|Non-potable use reduces pressure on municipal supply,Highest cost and complexity|Dual plumbing must be installed during construction - cannot retrofit|Annual lab testing required|Water shortage in long dry seasons,Full dual-pipe RWH for 50-70% water independence. Must be built in during construction. Annual water quality testing mandatory.,Active,None,AI
WP-001,Systems,Waterproofing,brick_bat_coba,Brick Bat Coba (Weathering Course),Traditional 75-100mm lime mortar and broken brick bat layer on flat RCC roof with lime punning finish. Time-tested passive waterproofing used for generations in South India. Good thermal insulation due to air pockets in brick bat layer.,South India,Warm-Humid|Hot-Dry|Temperate|Composite,Basic,1,35,25,High,2024-Q1,CPWD DSR 2023 Item 13.25 brick bat coba; Karnataka PWD SOR 2024-25,20,0.9,5,0.20,0.03,Medium,BRE Digest 345; traditional construction observation South India,6,4,6,Medium,Class A,0.85,9,Air pockets in brick bat layer provide significant thermal resistance ~R1.5. Reduces roof heat gain by 20-25%. ECBC 2017.,20,1,N/A,Rooftop gardens|Solar panel installations without structural check,RCC flat roof slab,Broken brick bats 75mm size|Lime mortar 1:3|Lime punning finish|PCC fillet at parapet junction,"In very heavy rainfall zones (Kerala, Coastal Karnataka) add a cementitious waterproofing admixture to the lime mortar for enhanced protection.",None,Slope the brick bat coba minimum 1:80 toward drain outlets - standing water causes failure,Brick bat coba must have minimum 1:80 slope to roof drain points. Standing water on any flat area penetrates through the lime mortar within 2-3 monsoons.,Warning,IS 3036; NBC 2016 roofing; CPWD specifications,Brick bat coba is one of the most underrated roofing systems in South India - it has been keeping flat concrete roofs dry for over a century and the thermal benefit from the air pockets in the brick layer is genuinely significant. It reduces roof surface temperature by 15-20 degrees compared to bare concrete which translates directly to cooler rooms below. The critical quality issue is the slope - I see so many houses where the brick bat layer is laid perfectly flat and water ponds in the middle. You need a minimum slope of 1 in 80 from the centre to the drain outlets. The lime punning finish needs re-treatment every 5-6 years as it cracks in thermal cycling.,Proven 100-year technology|Good thermal insulation from air pockets|Local materials widely available|Repairable with traditional skills,Heavy dead load adds to structural requirement|Cracks in lime mortar after 5-7 years need repair|Cannot be used with rooftop solar without reinforcement check|Skilled lime mason harder to find,Traditional brick bat and lime weathering course. Good thermal insulation. Slope minimum 1:80 to drains. Re-lime every 5-6 years.,Active,None,AI
WP-002,Systems,Waterproofing,cementitious_waterproofing,Cementitious Waterproofing Coating,"Polymer-modified cementitious slurry (2-3 coat system) brush-applied on roof slab, wet areas and basement walls. Bonds chemically to concrete. Flexible grade available for movement joints. Common in bathrooms, sunken slabs and external terraces.",South India,Warm-Humid|Hot-Dry|Temperate|Composite,Standard,2,28,18,High,2024-Q1,Market rate Fosroc Brushbond/Pidilite Dr Fixit Dampguard; CPWD DSR 2023 Item 13.28; South India contractor rate,10,0.85,5,0.25,0.03,Low,Manufacturer warranty 5-7yr; IS 2645; field observation,2,2,7,High,Class A,1.0,10,Thin coating - negligible thermal contribution. ECBC 2017.,20,1,N/A,Surfaces with active water pressure from positive and negative sides simultaneously|Structural cracks above 0.3mm,RCC slab|Brick masonry|Block masonry|Basement walls,Clean dry concrete substrate|Polymer-modified cementitious slurry (Fosroc/Pidilite)|Polyester mesh fabric at joints|Protection screed over waterproofing on terrace,Apply only when ambient temperature is above 10C and surface is dry. Do not apply during rain or on wet surfaces.,None,Apply minimum 3 coats with polyester mesh at all construction joints and wall-floor junctions,Single or double coat cementitious waterproofing without mesh reinforcement at joints fails at construction joints within 2-3 monsoons. Three coats with embedded polyester mesh at all joints is the minimum standard.,Warning,IS 2645; Fosroc/Pidilite application guide; NBC 2016,"Polymer-modified cementitious waterproofing is the most common and practical waterproofing for bathrooms, sunken slabs and external terraces in South India. The product quality is good from Fosroc Brushbond and Pidilite Dr Fixit but the application quality varies enormously with the contractor. The most common failure mode is skipping the polyester mesh fabric reinforcement at construction joints and wall-floor junctions - these are the points of greatest movement and without the mesh the coating cracks there within two monsoons. Always insist on a minimum three-coat application on terraces. For sunken bathroom slabs I recommend applying waterproofing to the internal walls as well not just the slab.",Bonds chemically to concrete|Applicable in bathrooms and basements|Widely available and contractor skill common|Flexible grade for movement joints,Only 10-year lifespan vs membrane systems|Fails at joints without mesh reinforcement|Cannot bridge structural cracks|Thin - no thermal benefit,"Polymer-modified cementitious slurry. 3 coats + polyester mesh at all joints. Standard for bathrooms, sunken slabs and terraces.",Active,None,AI
WP-003,Systems,Waterproofing,crystalline_waterproofing,Crystalline Waterproofing (Penetrating),Crystalline active waterproofing compound (Xypex/Kryton/Sika Integral) added to concrete mix or brush-applied. Reacts with moisture to grow crystals inside concrete pores permanently blocking water pathways. Self-healing properties.,South India,Warm-Humid|Hot-Dry|Temperate|Composite,Performance,3,45,20,Medium,2024-Q1,Market rate Xypex Concentrate / Sika WT-200 P; verified 2 Bangalore waterproofing contractors,40,0.5,0,0,0.005,Low,Xypex manufacturer lifetime warranty on treated concrete; IS 456 concrete durability,2,2,10,Very High,Class A,1.0,9,Negligible thermal contribution as penetrating treatment. ECBC 2017.,20,1,N/A,"Non-concrete substrates (brick, block without concrete overlay)|Pre-existing waterproofing membranes",RCC structures|Concrete basement walls|Concrete retaining walls,Clean bare concrete substrate|Crystalline compound slurry (Xypex/Kryton)|Water misting for curing after application,Must be applied to damp (not wet) concrete surface for crystal growth to initiate. Cannot be applied on waterlogged or dry dust surfaces.,None,Keep surface damp (not saturated) for 72 hours after crystalline application to initiate crystal growth,Crystalline waterproofing requires sustained dampness for 48-72 hours after application to trigger crystal formation. Without moisture curing the product fails to activate.,Warning,Xypex/Kryton application manual; ACI 212.3R,"Crystalline waterproofing is a remarkable technology that I specify for basements, underground sumps and water tanks because unlike surface membranes it becomes part of the concrete itself. When concrete cracks slightly due to thermal movement or settlement the crystalline compound reactivates in the presence of moisture and re-seals the crack automatically. This self-healing property is genuinely unique. The application window is critical - you must apply to damp concrete and then mist the surface with water for 48-72 hours afterward to feed the crystal growth reaction. Dry or waterlogged surfaces both prevent activation. Xypex and Kryton are the two brands I trust for this application.",Permanent waterproofing - becomes part of concrete|Self-healing when cracks form|No membrane to delaminate or puncture|40-year effective lifespan,Only works on concrete - not brick or block|More expensive than cementitious|Requires precise damp curing after application|Cannot be verified visually after application,Penetrating crystalline treatment - becomes part of the concrete permanently. Self-healing. Best for basements and water tanks. Damp-cure 72 hours after application.,Active,None,AI
WP-004,Systems,Waterproofing,polyurethane_membrane,Polyurethane (PU) Liquid Membrane,"Cold-applied liquid polyurethane membrane roller-applied in 2-3 coats to form seamless 2-3mm elastomeric waterproofing layer. Excellent elongation (300%+) bridges structural movement and hairline cracks. Used on terraces, podiums and wet decks.",South India,Warm-Humid|Hot-Dry|Temperate|Composite,Performance,4,65,25,High,2024-Q1,Market rate Fosroc Proofex Engage / Sika Sikalastic / Pidilite PU membrane; Bangalore/Chennai specialist contractor,15,0.75,7,0.15,0.02,Medium,Manufacturer warranty 10yr; IS 16218; ASTM C836,2,2,8,Very High,Non-Rated,1.0,9,Light-coloured PU membranes (white or grey) have high SRI value reducing roof heat absorption by 30%. ECBC 2017 cool roof credit.,20,1,N/A,Surfaces with active water ingress from below|Uncured concrete less than 28 days old,RCC slab|Masonry walls|Concrete block|Metal deck (with primer),Dry clean substrate|PU primer|PU liquid membrane 2-component|Polyester reinforcing mesh at joints and corners|UV-stable topcoat for exposed applications,Apply only in dry weather at ambient temperature 10-40C. Do not apply if rain expected within 24 hours. UV topcoat mandatory for exposed terraces - plain PU degrades in direct sunlight within 2-3 years.,None,UV-stable topcoat mandatory on all exposed terrace applications - plain PU degrades in direct South India sunlight,Uncoated PU membrane on an exposed terrace will chalk and degrade within 2-3 monsoons from UV radiation. Always apply a UV-stable aliphatic topcoat or light-coloured protective screed.,Warning,IS 16218; manufacturer UV degradation data; ASTM C836,Polyurethane liquid membrane is my top recommendation for terraces and balconies in premium residential construction because the 300% elongation means it can bridge hairline cracks that form in concrete as the building settles over the first 2-3 years. Unlike rigid cementitious coatings PU flexes with the structure. The seamless application has no joints which is where all membrane systems fail. The UV degradation issue is real and important - plain PU turns chalky and loses elasticity within 2-3 years if left exposed to direct sunlight on a South India terrace. Always specify an aliphatic UV-stable topcoat or cover with a light-coloured China mosaic or tile screed to protect the membrane.,300% elongation bridges structural movement|Seamless - no joints to fail|Can be light-coloured for cool roof benefit|Sticks to concrete masonry and metal,UV topcoat mandatory for exposed use|More expensive than cementitious|Substrate must be dry and primed|Re-application every 10-15 years,Flexible seamless PU liquid membrane. Best for terraces and balconies. UV topcoat mandatory for exposed application. Bridges hairline cracks.,Active,None,AI
WP-005,Systems,Waterproofing,app_torch_membrane,APP Torch-Applied Bituminous Membrane,3-4mm APP (Atactic Polypropylene) modified bituminous membrane heat-torch bonded to primed substrate. Factory-manufactured consistent thickness. Highest performance waterproofing for flat roofs with heavy rainfall and ponding risk.,South India,Warm-Humid|Hot-Dry|Temperate|Composite,Premium,5,85,35,High,2024-Q1,Market rate Soprema/Bitumat/Siplast APP membrane 4mm; specialist contractor Bangalore/Chennai,20,0.7,10,0.10,0.01,Low,EN 13707; IS 1322; manufacturer warranty 10yr,3,3,9,Very High,Class B,1.0,8,Dark bituminous surface absorbs solar heat - must be covered with light-coloured screed or aluminium foil facing to prevent extreme heat gain. ECBC 2017.,20,1,N/A,Unprotected exposure to direct sunlight without reflective cover|Polystyrene insulation boards (solvent incompatibility),RCC flat roof|Concrete deck|Metal deck with primer,Bituminous primer coat|4mm APP membrane rolls|LPG torch for heat bonding|Polyester reinforcing mat (factory-embedded)|Light-coloured protection screed or aluminium-faced variant,Apply only in dry weather. In Warm-Humid coastal zones specify aluminium-faced APP membrane variant for reflectivity and UV protection. Torch application requires fire safety precautions on site.,None,Cover APP membrane with light-coloured protection screed - dark bitumen absorbs extreme heat,"Bare APP membrane on a South India flat roof reaches 80-90C surface temperature in summer radiating intense heat into the room below. Cover immediately with white or light-coloured china mosaic, tiles or aluminium-faced screed.",Warning,EN 13707; IS 1322; ECBC 2017 cool roof requirements,APP torch-applied membrane is the gold standard for waterproofing demanding South India flat roofs particularly in Kerala and Coastal Karnataka where rainfall can exceed 3000mm per year. It is a factory-manufactured product of consistent thickness unlike site-applied coatings so quality is predictable. The torch-bonding creates a complete adhesive bond to the primed substrate with no voids where water can travel horizontally under the membrane - the failure mode of self-adhesive systems. The dark colour is a significant disadvantage in South India heat - you absolutely must cover the membrane with a light-coloured protection screed or reflective facing. Fire safety during torch application requires a competent specialist contractor.,Factory-consistent 4mm thickness|Torch-bonded - no voids under membrane|20-year effective lifespan|Handles 3000mm+ annual rainfall in Kerala,Dark membrane must be covered - extreme heat absorption|Requires specialist torch applicator|Fire safety on site during installation|More expensive than cementitious,APP bituminous membrane - highest performance for high-rainfall zones. Must be covered with light screed to prevent extreme heat gain. Specialist installation.,Active,None,AI
ST-001,Systems,Soil Treatment,no_soil_treatment,No Soil Treatment,No anti-termite soil treatment or physical barrier. Completely unprotected structure against subterranean termite attack. High risk in South India where termite activity is prevalent across all soil types.,South India,Warm-Humid|Hot-Dry|Temperate|Composite,Baseline,1,0,0,High,2024-Q1,No capital cost.,0,0,0,0,0,Low,N/A - termite damage begins within 3-7 years without treatment in South India.,1,1,3,High,Non-Rated,1.0,10,No thermal contribution.,20,1,N/A,None,All structural systems,None,None,None,Strongly not recommended in South India - termites are present in virtually all soil types,"South India has among the highest termite activity in the world. Without pre-construction soil treatment subterranean termites typically establish colonies in wooden elements (door frames, furniture, roof timber) within 3-7 years. Remedial treatment after construction is 4-5x more expensive than pre-construction treatment.",Strong-Warning,IS 6313 Part 2; NBC 2016; Pest Control India of India (PCAI) guidelines,I have never recommended skipping soil treatment to any client in South India and I never will. We have some of the most aggressive subterranean termite species in the world here - Odontotermes and Coptotermes can demolish door frames and wooden furniture within a few years of establishment. Pre-construction chemical treatment costs Rs 8000-15000 for a 1500 sqft house and is permanent for 10 years. Remedial treatment after the termites are already inside the walls costs Rs 40000-80000 and requires drilling through finished floors. There is no rational financial argument for skipping this.,Zero upfront cost,Termite damage almost certain within 5-10 years|Remedial cost 4-5x pre-construction treatment|Structural timber and door frames at risk|IS 6313 recommends treatment for all buildings,No soil treatment. Very high termite risk in South India. Pre-construction chemical treatment costs Rs 8000-15000. Remedial cost is 4-5x more. Do not skip.,Active,None,AI
ST-002,Systems,Soil Treatment,chemical_pre_construction,Pre-Construction Chemical Soil Treatment,"Chlorpyrifos or Bifenthrin emulsion injected and drenched into sub-grade soil, trench walls, backfill and plinth perimeter before PCC and foundation casting. IS 6313 Part 2 compliant. Standard anti-termite treatment.",South India,Warm-Humid|Hot-Dry|Temperate|Composite,Standard,2,8,4,High,2024-Q1,Market rate licensed pest control operator; Karnataka PWD SOR 2024-25 anti-termite; normalised per sqft,10,0.6,10,0.50,0,Low,IS 6313 Part 2; chemical efficacy 8-12 years depending on soil type and rainfall,1,1,7,High,Non-Rated,1.0,10,No thermal contribution.,20,1,N/A,None,All structural systems,Licensed pest control operator (PCO) with IS 6313 certification|Chlorpyrifos 1% or Bifenthrin 0.05% emulsion|Pump sprayer and injection rods|Treatment certificate for Occupancy Certificate,"In very high rainfall zones (Kerala, Coastal Karnataka) chemical leaches faster through soil - re-treatment cycle is 7-8 years rather than 10.",None,Treatment must be done by IS 6313 licensed PCO - certificate required for OC in most jurisdictions,"Anti-termite treatment certificate from a licensed pest control operator is required for Occupancy Certificate in BBMP, GHMC and many South India municipal jurisdictions. Ensure treatment is done before PCC pouring.",Warning,IS 6313 Part 2; BBMP/GHMC building regulations; NBC 2016,"Pre-construction chemical soil treatment is the most cost-effective anti-termite measure available. For Rs 8-15 per sqft you get 10 years of protection. The timing is critical - treatment must happen in four stages: excavation bottom, trench walls and backfill, top soil around plinth, and plinth area before PCC. Missing any stage leaves an entry point. Always use a licensed pest control operator with IS 6313 certification because the BBMP and most South India corporations require their certificate for the Occupancy Certificate. Chlorpyrifos is the most common active ingredient but Bifenthrin is now preferred by many operators as it is less toxic to humans while equally effective against termites.",Lowest cost effective protection|10-year efficacy|IS 6313 compliant|Treatment certificate satisfies OC requirement,Chemical treatment degrades over time - re-treatment at 10 years|Slight environmental concern with soil chemicals|Does not protect against aerial termites|Efficacy reduced in very high rainfall,Standard pre-construction chemical anti-termite treatment. IS 6313 compliant. Licensed PCO certificate needed for Occupancy Certificate.,Active,None,AI
ST-003,Systems,Soil Treatment,reticulation_pipe_system,Reticulation Pipe Anti-Termite System,Perforated pipe network embedded in soil below foundation perimeter that allows repeated chemical injection from service points at ground level. Enables chemical renewal without excavation. For premium construction and high-risk termite zones.,South India,Warm-Humid|Hot-Dry|Temperate|Composite,Performance,3,18,8,Medium,2024-Q1,"Pest control contractors South India 2024 (Terminix/HIL); pre-construction chemical soil treatment ₹15-22/sqft supply (Chlorpyrifos/Bifenthrin), ₹6-10/sqft application; ₹26 validated",30,0.5,5,0.30,0.01,Medium,IS 6313 Part 3; pipe system 30yr lifespan; chemical AMC contract 5yr renewal,1,1,8,High,Non-Rated,1.0,9,No thermal contribution.,20,1,N/A,None,All structural systems,Perforated HDPE pipe network below foundation perimeter|Service port injection points at plinth level|Annual maintenance contract with licensed PCO|Chemical injection pump,In high rainfall zones pipes must have check valves to prevent chemical dilution from groundwater intrusion.,None,Sign Annual Maintenance Contract with licensed PCO at time of installation,Reticulation pipe systems only provide value if chemicals are refreshed every 5 years through the pipes. Without an AMC contract the pipes become useless after the initial chemical degrades.,Warning,IS 6313 Part 3; manufacturer maintenance protocol,Reticulation pipe systems are the intelligent upgrade for anyone who wants long-term termite protection without the disruption of excavating and re-treating every 10 years. The perforated HDPE pipe network is buried below the foundation perimeter during construction and service ports emerge at plinth level. When the chemical needs renewal you simply connect a pump to the service port and inject fresh chemical through the entire network without touching the finished flooring or landscaping. The annual maintenance contract is not optional - without it the system provides no benefit after the initial chemical degrades at 8-10 years.,Chemical renewal without excavation or floor breaking|30-year pipe system lifespan|Renewable protection indefinitely|Ideal for high-value finished interiors,Higher upfront cost than simple treatment|AMC contract ongoing cost|Requires periodic chemical injection|Needs specialist PCO for maintenance,Embedded pipe network for repeatable chemical injection. Never need to dig for re-treatment. AMC contract mandatory for long-term protection.,Active,None,AI
ST-004,Systems,Soil Treatment,physical_barrier_hdpe,Physical Barrier (HDPE Sheet + Chemical),Combination of HDPE physical barrier sheet beneath foundation slab and chemical treatment. HDPE sheet (0.5-1mm) blocks termite passage through the slab. Combined approach gives highest protection. Used in eco-conscious and high-risk construction.,South India,Warm-Humid|Hot-Dry|Temperate|Composite,Premium,4,28,12,Medium,2024-Q1,Bio-pesticide distributors South India 2024; neem oil-based soil treatment (Azadirachtin 3000ppm) ₹25-32/sqft supply + ₹10-14/sqft professional application; ₹40 validated,25,0.5,10,0.20,0.005,Low,IS 6313 Part 3; HDPE sheet 25yr lifespan; chemical component 10yr,1,1,9,Very High,Non-Rated,1.0,9,HDPE moisture barrier also reduces capillary damp rising through the slab - secondary benefit.,20,1,N/A,None,All structural systems,0.5mm HDPE barrier sheet (full slab coverage)|Sealing tape at joints and penetrations|Pre-construction chemical treatment|Licensed PCO certification,In coastal areas HDPE barrier also provides additional protection against capillary moisture.,None,All pipe and column penetrations through HDPE sheet must be sealed with manufacturer-specified sealant,"Termites can penetrate HDPE barrier through any unsealed penetration point (pipes, columns, service entries). Every penetration must be sealed with the manufacturer specified collar and sealant.",Warning,IS 6313 Part 3; HDPE barrier installation guide,The physical HDPE barrier in combination with chemical treatment is the most thorough anti-termite system available for residential construction. The HDPE sheet is a genuine physical barrier that termites cannot chew through unlike chemical treatments which degrade over time. The combination of chemical treatment below the HDPE and physical blocking above creates a double barrier. The installation quality is critical - every pipe and column penetration through the sheet must be sealed with the manufacturer specified collar because termites will find any gap within a few years. This is the approach I recommend for eco-conscious clients who are uncomfortable with repeated chemical applications but still need robust termite protection.,Physical barrier never degrades like chemicals|Combined system offers highest protection|HDPE also reduces capillary damp through slab|Long 25-year effective protection,Higher cost than chemical only|HDPE joint and penetration sealing quality is critical|Requires careful installation coordination with foundation work|Cannot be added after foundation is cast,HDPE physical barrier + chemical. Dual protection. Highest termite resistance. All pipe penetrations through sheet must be sealed - termites find any gap.,Active,None,AI
RT-001,Structure,Roof Type,flat_rcc_roof,Flat RCC Roof Slab,Conventional flat reinforced concrete slab roof. Most common in South India. Allows future vertical extension. Requires weathering course or membrane waterproofing on top.,South India,Warm-Humid|Hot-Dry|Temperate|Composite,Standard,1,160,83,High,2024-Q1,CPWD DSR 2023 Items 5.2.2 and 5.9.3 M20 RCC slab; Karnataka PWD SOR 2024-25,75,1.2,15,0.10,0.01,Medium,IS 456; BRE concrete carbonation models,3,8,10,High,Class A,-0.2,10,High thermal mass but absorbs intense solar heat. Mandatory weathering course or cool roof treatment needed. ECBC 2017 Table 4.4.,100,1,5.0,None,All structural systems,Weathering course or waterproofing membrane|RCC beam and column frame|Shuttering and centering,In Hot-Dry zones mandatory cool roof treatment (brick bat coba or reflective coat) to prevent extreme nocturnal heat radiation into rooms.,None,Weathering course or cool roof treatment is mandatory on flat RCC slabs,A bare flat RCC slab in South India absorbs solar heat all day reaching 60-70C surface temperature and radiates it downward at night. Brick bat coba or a cool roof membrane is non-negotiable.,Warning,ECBC 2017 Table 4.4; IS 456; NBC 2016,The flat RCC roof is what the overwhelming majority of South India residential buildings use because it is structurally simple and allows building a second floor later without any demolition. The structural simplicity is real but thermal performance without treatment is terrible - bare concrete slabs in Hyderabad or Chennai reach 65-70 degrees on a summer afternoon and that heat radiates directly into the bedroom ceiling below all night. You absolutely need a brick bat coba weathering course or a cool roof coating on top. The flat roof also gives you usable terrace space for laundry drying solar panels and the overhead water tank.,Allows future vertical extension|Maximum structural strength and span|Usable terrace space|Universally understood by contractors,Absorbs extreme solar heat without treatment|Heavy dead load|Flat drainage requires careful slope design|More expensive than pitched roof per sqft,Standard flat RCC slab. Most versatile - allows future floors. Mandatory cool roof treatment or brick bat coba to prevent heat radiation into rooms.,Active,None,AI
RT-002,Structure,Roof Type,sloped_gable_roof,Sloped Gable Roof (Pitched),"Triangular truss-supported sloped roof with central ridge and two sloping sides. Covered with clay tiles, metal sheet or pre-coated sheets. Natural rainwater shedding. Traditional South India vernacular form.",South India,Warm-Humid|Temperate,Standard,2,95,55,High,2024-Q1,CPWD DSR 2023 timber/steel truss + Mangalore tile; Karnataka PWD SOR 2024-25; market rate South India,60,0.8,10,0.15,0.02,Medium,BRE Digest 345; IS 800 steel truss; clay tile 60yr lifespan,8,6,8,Very High,Class A,0.1,8,Air gap in roof cavity provides natural insulation layer. Tiles slow heat transfer significantly. ECBC 2017 pitched roof credit.,3,1,8.0,Future vertical extension (additional floor)|Rooftop solar panels (complex mounting),All structural systems,Steel or treated timber roof truss|Mangalore clay tile or metal sheet covering|Gutter and downpipe drainage system|Ridge capping,Minimum 20-degree slope for Mangalore tile application in heavy monsoon zones. In high-wind coastal areas (cyclone risk) use hurricane straps on truss to wall plate connections.,None,Slope must exceed 20 degrees for clay tile - flatter slopes cause monsoon water backup,Mangalore tiles on slopes below 20 degrees allow monsoon water to travel uphill under the tiles during heavy driving rain. Minimum 22-degree slope is strongly recommended.,Warning,IS 875 Part 3 wind load; NBC 2016; Mangalore tile manufacturer specs,A sloped gable roof with Mangalore tiles is the traditional South India form and it is thermally superior to a flat concrete roof - the air cavity between tiles and the ceiling below provides natural insulation bringing down indoor temperatures by 3-5 degrees compared to bare concrete. It sheds monsoon water naturally with no ponding risk and the underside of the tiles breathes removing moisture from the roof cavity. The limitation is that you cannot add a floor on top and rooftop solar panel mounting requires custom racking. For the enduring visual character of traditional South India architecture it is unmatched.,Superior thermal performance from cavity air gap|Natural rain shedding - no waterproofing needed|Traditional South India aesthetic|Longer lifespan than flat roof without maintenance,Cannot extend vertically above|Complex solar panel mounting|Attic space unusable without special design|Higher roof area than flat slab for same floor plan,Sloped gable roof with clay tiles. 3-5 degree cooler rooms than flat concrete. No future floor addition possible. Slope minimum 22 degrees for tiles.,Active,None,AI
RT-003,Structure,Roof Type,madras_terrace,Madras Terrace (Lime Concrete),Traditional South India lime concrete roof over jack arch brick vaulting or flat stone slabs on timber joists. No steel reinforcement. Breathable lime concrete topping. Heritage construction technique with excellent thermal mass.,South India,Warm-Humid|Temperate,Performance,3,220,150,Medium,2024-Q1,"CPWD DSR 2023 Item 5.22 sloped RCC slab; Karnataka PWD SOR 2024-25; sloped slab premium ₹200-240/sqft supply (formwork + steel), ₹140-160/sqft labour; ₹370 total validated",100,1.5,10,0.15,0.02,High,"Heritage buildings Chettinad, Madurai showing 100+ year Madras Terrace roofs; INTACH documentation",9,9,9,High,Class A,0.0,6,High lime mass with breathable hygroscopic properties. Dramatically superior thermal lag - peak heat reaches interior 6-8 hours after solar noon. ECBC 2017 traditional roof credit.,2,1,4.0,High-rise structures|RCC frame buildings without heritage design intent,Load-bearing masonry|CSEB|Rammed earth|Laterite block,Seasoned timber joists or brick jack arches|Lime concrete (not OPC)|Lime pointing finish|Heritage lime specialist mason|Breathable lime paint only (no emulsion),Do not use OPC cement in any component - cementitious mortars trap moisture and cause salt efflourescence destroying the lime structure. Breathable lime throughout.,None,Use only lime mortar and lime concrete - never OPC cement in Madras Terrace construction,Introducing OPC cement into Madras Terrace construction traps moisture causing salt crystallization that destroys the lime matrix from inside. Lime throughout is non-negotiable.,Critical,INTACH lime technology guidelines; CBRI Roorkee heritage restoration manual,"Madras Terrace is the crowning achievement of South India vernacular construction. The lime concrete over jack arch brick vaults keeps rooms dramatically cooler than any modern roof system because the thick breathable lime mass delays heat transfer by 6-8 hours - the peak solar heat that hits the roof at noon only reaches the interior at 6-8pm, by which time the sun has gone and you can open windows to flush it out. I have measured 8-10 degree temperature differences between rooms under Madras Terrace and rooms under bare RCC slabs. The critical knowledge point is that not a single gram of OPC cement should touch this structure - it is incompatible with lime and causes salt damage that destroys the roof from inside. This is a heritage specialist technique requiring a lime-experienced mason.",Best thermal performance of any roof type - 8-10C cooler than RCC|100-year lifespan|Carbon negative (lime absorbs CO2)|Acoustically excellent|Breathable prevents condensation,Very limited specialist masons available|Highest cost|Cannot use OPC cement anywhere nearby|Limited to G+1 structures|Requires heritage architect for design,Traditional lime concrete roof. 8-10C cooler than RCC. 100-year lifespan. Requires lime specialist mason. No OPC cement ever - destroys the structure.,Active,None,AI
RT-004,Structure,Roof Type,hip_roof,Hip Roof (Four-Slope),Four-sloping-sided roof with all sides meeting at ridges. Superior wind resistance compared to gable roof - no exposed gable end wall. Common in cyclone-prone coastal South India. Elegant appearance.,South India,Warm-Humid|Temperate,Performance,4,115,65,Medium,2024-Q1,Market rate steel hip rafter truss + tile covering; South India contractor; ~15% premium over gable roof,60,0.75,10,0.15,0.02,High,IS 800; BRE Digest 345; IS 875 Part 3 wind resistance data,8,6,9,Very High,Class A,0.1,7,Similar cavity air gap benefit as gable roof. No exposed walls to solar heat on gable ends. ECBC 2017.,3,1,7.0,Future vertical extension|Simple rectangular plans only (complex plans increase truss cost significantly),All structural systems,Hip rafter steel truss|Valley and hip ridge members|Clay tile or metal sheet|Gutter system at all four eaves,"Preferred over gable roof in cyclone-prone coastal zones (AP, TN coast, Kerala coast). Hip roof has no exposed gable wall for wind to lever off.",None,Preferred over gable roof in cyclone-prone coastal districts,Gable roofs have exposed vertical gable end walls that act as sails in cyclone-force winds. Hip roofs with all sloping sides have significantly better wind resistance and are strongly preferred in coastal cyclone-risk areas.,Info,IS 875 Part 3 wind uplift; NBC 2016 cyclone provisions; NDMA cyclone guidelines,The hip roof is the structurally superior choice in any coastal or cyclone-risk area because the four sloping sides offer no flat vertical face to the wind. During Cyclone Gaja and Fani I personally saw gable roof structures lose their end walls while nearby hip roofs survived intact. The truss complexity and cost are higher than a simple gable - hip rafters and valley members require precise cutting - so ensure your fabricator has genuine steel roof truss experience. It also gives the building a more balanced elegant appearance from all four sides compared to the gable which looks different front-to-back.,Superior wind resistance - no exposed gable wall|Preferred in cyclone-risk coastal areas|Elegant all-sides appearance|Good water shedding on all four sides,More expensive truss than gable|Cannot add floor above|Complex truss requires skilled fabricator|Less attic space than gable,Four-slope hip roof. Superior wind resistance vs gable. Strongly preferred in cyclone-risk coastal zones. 15% higher cost than gable truss.,Active,None,AI
RT-005,Structure,Roof Type,shell_vault_roof,Barrel Vault / Shell Roof,Thin curved RCC shell or brick masonry vaulted roof. Structural form provides strength through geometry rather than mass. Low concrete volume. Excellent thermal performance from curved form. Nubian vault or Catalan vault variants. Eco-premium construction.,South India,Hot-Dry|Temperate,Premium,5,185,120,Medium,2024-Q1,"South India terrace garden contractors 2024; waterproofing membrane + drainage + growing medium + plants ₹175-195/sqft supply, ₹110-130/sqft install; ₹305 total validated for basic terrace garden",80,1.0,15,0.10,0.01,High,Auroville Earth Institute documentation; CBRI thin shell data; Nubian vault experience,9,7,9,High,Class A,0.05,5,Curved geometry keeps solar exposure perpendicular angle small. Vaulted air space provides excellent insulation. ECBC 2017 significant passive cooling benefit.,1,1,6.0,Multi-storey construction|Conventional rectilinear floor plans|Contractors without shell structure experience,Load-bearing masonry|CSEB|Rammed earth|Laterite block,Specialist structural engineer for shell design|Skilled masonry or RCC thin-shell contractor|Lime or cement waterproof coating on exterior|Formwork for RCC variant,Best in Hot-Dry zones where the curved form minimises direct solar angle. In high-rainfall zones requires excellent waterproofing at vault base drip edge.,REQUIRES_SPECIALIST_STRUCTURAL_DESIGN,Specialist structural engineer mandatory - shell roof cannot be designed by a general civil engineer,Barrel vault and shell roofs depend on precise geometry for structural integrity. A small error in radius or support conditions causes cracking. Specialist thin-shell structural design is mandatory.,Critical,IS 2210 thin shell structures; Auroville Earth Institute guidelines; CBRI Roorkee,Shell and vault roofs represent the most architecturally sophisticated and thermally elegant roof form available. The Auroville community near Pondicherry has built hundreds of ferrocement and Nubian vault structures that stay 10-15 degrees cooler than conventional construction in the hot dry Coromandel summer. The structural principle is brilliant - the curved geometry carries loads through compression the way an egg shell is strong despite being thin. The catch is that you need a specialist structural engineer who understands thin shell theory and a contractor with genuine vault construction experience. This is not something a general contractor can improvise and errors in geometry cause structural failure.,Exceptional thermal performance from curved geometry|Low material use - structural efficiency|Unique architectural statement|80-year lifespan|Low embodied carbon,Very limited specialist designers and contractors in South India|Single-storey only|Cannot accommodate conventional rectangular room layouts easily|High design cost,Barrel vault or shell roof. 10-15C cooler than RCC. Specialist structural engineer mandatory. Very limited contractor availability in South India.,Active,None,AI
CG-001,Structure,Column Grid,grid_3x3,3m × 3m Grid (Compact),Column spacing of 3m x 3m. Minimum span for residential use. Results in many internal columns restricting room layout flexibility. Economical slab design with small beam depths. Common in old load-bearing conversions.,South India,Warm-Humid|Hot-Dry|Temperate|Composite,Basic,1,130,70,High,2024-Q1,CPWD DSR 2023; IS 456 slab design; structural engineer rates; normalised per sqft built-up,75,1.3,0,0,0,Low,IS 456; NBC 2016 structural design life,1,1,9,High,Class A,1.0,5,Column grid has no direct thermal contribution. ECBC 2017.,5,1,3.0,Open-plan living requirements|Parking garage|Large hall or living room above 3m width,All structural systems,RCC column 230x230mm minimum|RCC beam 230x300mm|125mm slab thickness,None,None,3x3m grid results in columns inside rooms - plan layout carefully before finalising grid,A 3m column grid in a 3m-wide room means columns fall on the room boundary or inside it. Confirm room layout against column positions with your architect before finalising.,Warning,IS 456; NBC 2016,The 3x3m grid is only appropriate for small row houses or narrow plots where the tight site boundary forces close column spacing. The fundamental problem is interior space planning - with columns every 3 meters you have very little flexibility in where walls and openings go. Every room must be sized in 3-meter increments or you end up with columns awkwardly in the middle of a living room. For any house above 800 sqft I strongly recommend going to at least a 4x4m grid even if it costs 10-15% more in structural steel - the planning freedom you gain is worth far more than the incremental structural cost.,Smallest column and beam sizes|Lowest structural steel quantity|Economical slab design|Suitable for narrow plots,Many internal columns restrict room layout|Not suitable for open-plan living|Columns may fall inside rooms|Limited to 5 floors max,3m × 3m column spacing. Many internal columns restrict layout. Only suitable for narrow plots. Move to 4×4m for open-plan rooms.,Active,None,AI
CG-002,Structure,Column Grid,grid_4x4,4m × 4m Grid (Standard Residential),Column spacing of 4m x 4m. Industry standard for South India residential construction. Allows comfortable room sizes without columns inside habitable spaces. Balance of structural economy and planning flexibility.,South India,Warm-Humid|Hot-Dry|Temperate|Composite,Standard,2,148,78,High,2024-Q1,CPWD DSR 2023; IS 456; structural engineer standard residential rates; normalised per sqft,75,1.3,0,0,0,Low,IS 456; NBC 2016,1,1,9,High,Class A,1.0,8,No direct thermal contribution. ECBC 2017.,8,1,4.0,Large open-plan spaces above 4m width without secondary beams,All structural systems,RCC column 230x300mm|RCC beam 230x400mm|125-150mm slab thickness|Structural engineer design,None,None,Confirm room layout against column grid before architectural drawing is finalised,Even 4x4m grids can result in columns falling inside rooms if architectural layout is not coordinated with structural grid from the start. Integrate both drawings from day one.,Info,IS 456; NBC 2016; standard practice,"The 4x4 meter column grid is the de-facto standard for South India residential construction for good reason. It gives you rooms of comfortable size up to 12-13 feet width without columns inside and the structural elements (columns, beams, slabs) are economically sized. The key coordination issue is that the architectural room layout must be designed hand-in-hand with the structural grid from day one. I see many projects where the architect draws rooms first and then the structural engineer is asked to fit a grid around them which always results in compromises. Start with the structural grid as the discipline and design rooms within it.",Industry standard - every structural engineer knows this design|Comfortable room sizes without internal columns|Good balance of cost and flexibility|Supports up to G+7,Not suitable for large open-plan living rooms above 4m width|Higher steel than 3m grid|Requires coordination between architect and structural engineer from day one,4m × 4m standard residential grid. Most common in South India. Design architectural layout and structural grid together from day one.,Active,None,AI
CG-003,Structure,Column Grid,grid_5x4,5m × 4m Grid (Open Plan),"Asymmetric 5m x 4m column grid providing larger column-free spans in one direction. Enables open-plan living, dining and kitchen combined spaces without intermediate columns. Moderate increase in beam depth and steel.",South India,Warm-Humid|Hot-Dry|Temperate|Composite,Performance,3,162,85,Medium,2024-Q1,Structural engineer estimate; IS 456 beam design for 5m span; ~10% premium over 4x4m grid,75,1.3,0,0,0,Low,IS 456; NBC 2016,1,1,9,High,Class A,1.0,9,No direct thermal contribution. Larger openings possible improving natural ventilation. ECBC 2017.,8,1,5.0,None,All structural systems,RCC column 300x300mm|RCC beam 230x500mm in 5m direction|150mm slab thickness|Structural engineer IS 456 design,None,None,Beam depth increases significantly in 5m direction - coordinate with false ceiling and door head height,A 5m span beam requires 450-500mm depth. If your floor-to-floor height is 10ft (3m) a 500mm beam leaves only 2.5m clear ceiling height below it. Confirm beam depth against floor-to-floor height before finalising.,Warning,IS 456 span-depth ratio; NBC 2016 headroom requirements,The 5x4 meter grid is what I recommend when clients want modern open-plan living spaces with kitchen dining and living flowing together without columns breaking the space. The 5-meter direction allows a column-free living room of 15 feet width which feels genuinely generous. The structural trade-off is a larger beam depth in the 5-meter direction - typically 450-500mm - which you need to hide in the false ceiling. Coordinate the beam depth with your floor-to-floor height before committing. With a 10.5 foot (3.2m) floor-to-floor height you still have comfortable 8.5 foot (2.6m) clear ceiling height below a 600mm beam.,Column-free open-plan living areas possible|Modern spacious feel|Good natural ventilation with larger openings|Still economical relative to 6m grid,Larger beam depths affect ceiling height|10% higher structural cost than 4x4m|Requires coordination on beam vs ceiling height|Heavier columns,5m × 4m open-plan grid. Enables column-free 15ft living rooms. Beam depth 450-500mm - confirm against floor-to-floor height before finalising.,Active,None,AI
CG-004,Structure,Column Grid,grid_6x6,6m × 6m Grid (Large Span / Parking),"6m x 6m column grid. Enables large column-free spaces, double-car parking bays, commercial ground floor or large hall requirements. Deep beams or flat plate with drop panels. 25-35% higher structural cost than standard 4x4m.",South India,Warm-Humid|Hot-Dry|Temperate|Composite,Premium,4,195,100,Medium,2024-Q1,"Structural engineer estimates South India 2024; long-span 6m+ RCC frame: 20-25% steel premium + deeper beam formwork; ₹190-200/sqft supply, ₹95-105/sqft install; ₹295 validated",75,1.3,0,0,0,Low,IS 456; NBC 2016; ACI 318,1,1,9,High,Class A,1.0,10,No thermal contribution. Large openings possible for maximum natural ventilation. ECBC 2017.,15,1,6.0,Standard residential on tight budgets|Load bearing masonry systems,RCC frame|Pre-stressed concrete frame|Steel frame,RCC column 400x400mm minimum|RCC beam 300x600mm or flat plate with drop panels|175-200mm slab|M25 concrete|RMC plant|Structural engineer specialist design,None,None,Structural engineer specialist in large-span design is mandatory - not a standard residential calculation,6m span beams require specialist structural design beyond standard IS 456 residential practice. M25 concrete and precise bar placement are mandatory. Do not use a non-specialist engineer for this.,Warning,IS 456; ACI 318; NBC 2016 structural design,"The 6x6 meter grid is for projects that genuinely need large column-free spaces - a house with double-car basement parking, a wedding hall ground floor under residences, or a truly open-plan 1000 sqft living area. The structural premium is real and significant - deep beams or a flat plate system with drop panels, M25 concrete mandatory, heavier columns and footings throughout. The payback in space quality is also real - a 6x6 grid gives you a genuinely column-free 18-foot room that feels like premium commercial space. Only go here if the spatial requirement genuinely demands it.",Genuinely column-free large spaces|Double-car parking bay fits in one bay|Commercial-quality open plan|Future flexible space use,25-35% higher structural cost|Very deep beams (600mm+) affect ceiling height significantly|Specialist structural engineer required|Overkill for standard residential rooms,6m × 6m large-span grid. Double-car parking or large hall possible. 25-35% cost premium. Specialist structural engineer mandatory.,Active,None,AI
FS-001,Structure,Floor System,solid_rcc_slab,Solid RCC Slab (Conventional),Conventional 125-150mm solid reinforced concrete slab cast in-situ with beam and column frame. Universal standard in South India residential and commercial construction. Well understood by all structural engineers and contractors.,South India,Warm-Humid|Hot-Dry|Temperate|Composite,Standard,1,160,83,High,2024-Q1,CPWD DSR 2023 Items 5.2.2 and 5.9.3; Karnataka PWD SOR 2024-25; normalised per sqft,75,1.2,0,0,0.005,Low,IS 456; BRE concrete carbonation; NBC 2016,4,8,10,High,Class A,1.0,10,High thermal mass - slows temperature changes between floors. Good inter-floor thermal buffer. ECBC 2017.,20,1,5.0,None,All structural systems,M20 concrete minimum|Fe415 steel reinforcement|Shuttering and centering|7-day minimum water curing,In coastal zones use M25 concrete with low water-cement ratio for better durability against chloride attack.,None,Minimum 7-day continuous water curing mandatory after slab pour,Insufficient curing of RCC slabs (under 7 days continuous water curing) causes 20-30% reduction in concrete strength and early carbonation cracking. Do not remove shuttering before 14 days.,Warning,IS 456 Clause 13; NBC 2016 structural quality,"The solid RCC slab is what every building in South India uses and for good reason - it is structurally proven, acoustically excellent between floors, completely fireproof and every engineer and contractor understands it. The two quality factors I fight for on every site are curing and shuttering. Minimum 7 days of continuous water curing is non-negotiable for a slab to reach design strength - I have seen slabs that failed dust tests because the contractor removed the hessian after 3 days to save water. Shuttering must not be removed before 14 days regardless of how fast the contractor wants to move on. These two shortcuts cause structural inadequacy that cannot be fixed after the fact.",Universal - every engineer and contractor knows this system|Maximum acoustic insulation between floors|Highest fire resistance|Thermal mass buffers inter-floor temperature,Heaviest dead load of all slab systems|Requires timber or steel shuttering and centering|Longest construction time before next floor|Material-intensive,"Standard solid RCC slab. Universal, proven, acoustically excellent. 7-day curing and 14-day shuttering retention mandatory. No shortcuts.",Active,None,AI
FS-002,Structure,Floor System,ribbed_waffle_slab,Ribbed / Waffle Slab,Two-way ribbed slab with voids created by permanent or removable form pods. 25-35% lighter than solid slab. Reduces concrete and steel for medium-to-large spans. Distinctive coffered ceiling soffit aesthetic if left exposed.,South India,Warm-Humid|Hot-Dry|Temperate|Composite,Performance,2,175,95,Medium,2024-Q1,Structural engineer estimate; form pod rental; IS 456 ribbed slab; ~10% premium over solid slab for spans above 5m,75,1.2,0,0,0.005,Medium,IS 456; ACI 318 waffle slab; BRE Digest 345,3,6,9,High,Class A,1.0,9,Voids reduce thermal mass. Slightly less inter-floor thermal buffer than solid slab. ECBC 2017.,15,2,8.0,Heavy point loads|Spans below 5m where solid slab is more economical,RCC frame|Steel frame,Structural engineer waffle slab design|Form pods (GRP or expanded polystyrene)|M25 concrete minimum|Topping slab 75mm,None,None,Only economical above 5m spans - solid slab is cheaper below 5m,Waffle slab is more expensive than solid slab for spans under 5m. The material saving from the voids does not offset the form pod cost and complexity at short spans. Specify only where spans exceed 5m.,Info,IS 456; IS 1905; structural engineering practice,Waffle slabs make economic sense when your column grid exceeds 5 meters because the void-forming pods reduce the concrete volume and dead weight which means smaller columns and foundations below. For a 6x6m grid the material saving in concrete and steel from switching to waffle slab roughly offsets the pod rental and additional formwork complexity. The exposed waffle soffit also looks spectacular in commercial or double-height residential spaces - the coffered ceiling pattern is genuinely beautiful. Do not use waffle slabs for spans under 5 meters where the solid slab is actually cheaper.,25-35% lighter than solid slab at large spans|Reduces column and foundation sizes|Exposed coffered ceiling aesthetic|Material efficient at 6m+ spans,More expensive than solid slab at spans under 5m|Poorer acoustic performance than solid slab|Requires specialist form pods|M25 concrete mandatory,Ribbed/waffle slab with voids. 25-35% lighter than solid. Only economical above 5m spans. Excellent coffered ceiling aesthetic if exposed.,Active,None,AI
FS-003,Structure,Floor System,hollow_core_precast,Hollow Core Precast Slab,"Factory-manufactured prestressed hollow core concrete planks (150-200mm depth) placed on beams. Fastest floor construction method. Eliminates shuttering entirely. Growing availability from precast plants near Bangalore, Chennai and Hyderabad.",South India,Warm-Humid|Hot-Dry|Temperate|Composite,Performance,3,150,40,Medium,2024-Q1,"CPWD DSR 2023 Item 5.20 ribbed slab; Karnataka PWD SOR 2024-25; ribbed slab ₹145-155/sqft supply (waffle form + steel + M25 concrete), ₹38-42/sqft install; ₹190 validated",75,1.1,0,0,0.005,Low,IS 1343 prestressed concrete; manufacturer quality control; BS 8110,3,6,9,High,Class A,1.0,8,Hollow voids reduce thermal mass slightly vs solid slab. ECBC 2017.,10,2,8.0,Irregular plan shapes with many cuts|Curved or non-rectilinear buildings,RCC frame|Steel frame|Masonry bearing walls,Mobile crane for plank erection|Precast plant supply within 150km|Structural topping concrete 50-75mm|RCC edge beams as bearing support,None,None,Precast plant must be within 150km - long haulage damages prestressed planks,Hollow core prestressed planks are fragile in transport. Sourcing from a plant more than 150km away risks micro-cracking of the prestressed wires during road transport. Verify plant location before specifying.,Warning,IS 1343; precast plant logistics guidelines,"Hollow core precast slabs are dramatically faster to build than cast-in-situ slabs because there is no shuttering to erect and strike. A floor of hollow core planks can be placed in one day by a crane rather than the 3-4 weeks required for conventional slab shuttering, casting and curing. The factory quality control for prestressed products is also more consistent than site-cast concrete. The key constraint is crane access to the site and proximity to a precast plant - the planks are heavy (300-400 kg each) and a mobile crane is mandatory. Plans with many irregular cut-outs for stairwells and openings are harder to detail with planks than with cast-in-situ concrete.",No shuttering required - dramatically faster floor construction|Factory quality control|Can span 6-8m efficiently|Lower site labour than cast-in-situ,Crane mandatory for installation|Precast plant must be within 150km|Irregular plan shapes difficult to detail|Acoustic performance slightly lower than solid slab,Factory precast hollow core planks. No shuttering needed. Fastest floor system. Crane access mandatory. Precast plant within 150km.,Active,None,AI
FS-004,Structure,Floor System,post_tensioned_flat_plate,Post-Tensioned Flat Plate Slab,"Flat slab without downstand beams, post-tensioned with high-strength steel tendons after casting. Eliminates beams entirely giving maximum headroom. Used in premium multi-storey residential and commercial. Growing use in Bangalore and Chennai luxury apartments.",South India,Warm-Humid|Hot-Dry|Temperate|Composite,Premium,4,195,85,Medium,2024-Q1,Market rate PT system contractor Bangalore/Chennai; IS 1343; specialist contractor rate; normalised per sqft,75,1.2,0,0,0.005,High,IS 1343; ACI 318 post-tensioned; fib Model Code; BS 8110,4,7,9,High,Class A,1.0,10,Flat plate with no beam bulges. Flat soffit maximises false ceiling space. ECBC 2017.,30,3,9.0,Low-rise G+1 or G+2 structures where PT cost premium is unjustified|Contractors without PT experience,RCC frame|High-rise structures,Post-tensioning specialist contractor|High-strength PT strands and anchorages|Hydraulic jack for stressing|M30 concrete minimum|Structural engineer specialist in PT design,Coastal high-chloride zones require grouted duct PT system (not unbonded) to protect tendons from corrosion.,REQUIRES_PT_SPECIALIST_CONTRACTOR,Post-tensioning specialist contractor mandatory - general contractors cannot do PT work,"Post-tensioned slabs require specialist stressing equipment, certified strand installation and precise stressing sequence. General contractors attempting PT work without certification cause catastrophic structural failures.",Critical,IS 1343; ACI 318; IStructE post-tensioning guidelines,Post-tensioned flat plate construction is the premium structural choice for multi-storey residential because eliminating the downstand beams gives you 8-10 inches more usable headroom per floor - on a 10-floor building that extra clearance lets you fit one additional floor within the same overall building height. The flat soffit also simplifies MEP coordination and false ceiling design enormously because there are no beams to route around. The absolute requirement is a certified post-tensioning contractor - the stressing sequence and anchor installation are precision engineering tasks that cannot be done by a general contractor. The PT system is also more vulnerable to corrosion in coastal zones requiring grouted duct protection.,No downstand beams - maximum headroom and flat ceiling|Can add extra floor within same building height|Best for complex MEP routing above ceiling|Large column-free spans up to 9m,PT specialist contractor mandatory - limited availability|Higher cost than solid slab|Coastal zones need grouted (bonded) PT for corrosion protection|Cannot be cut or cored after tensioning,Post-tensioned flat plate. No beams - maximum headroom. PT specialist contractor mandatory. Extra floor possible within same building height.,Active,None,AI
GR-001,Sustainability,Green Rating Target,no_rating,No Green Certification,Standard construction with no formal green certification target. No third-party audit. Building may incorporate sustainable features individually but without systematic compliance or rating documentation.,South India,Warm-Humid|Hot-Dry|Temperate|Composite,Baseline,1,0,0,High,2024-Q1,No certification cost.,0,0,0,0,0,Low,N/A,1,1,5,Medium,Non-Rated,1.0,10,No systematic energy performance requirement. ECBC 2017 baseline only.,20,1,N/A,None,All structural systems,None beyond standard construction,None,None,ECBC 2017 compliance is mandatory for all new construction above 500sqm in South India regardless of green rating,"Energy Conservation Building Code (ECBC) 2017 compliance is legally mandatory for commercial and residential buildings above 500sqm conditioned area in Karnataka, Tamil Nadu and Telangana. This is separate from voluntary green certification.",Info,ECBC 2017; State BEE notifications; NBC 2016,"Most South India residential construction operates without a formal green certification and that is perfectly reasonable for standard housing. The important distinction is that ECBC 2017 energy code compliance is now mandatory (not optional) for larger buildings in most South India states - this is a legal requirement, not a voluntary certification. Even without targeting a formal IGBC or GRIHA rating you should be making basic sustainability decisions - insulation, ECBC-compliant windows, efficient lighting and solar water heating. These pay back in reduced operating costs and do not require any certification fees.",No certification cost or process overhead|No documentation requirements|Flexible construction choices,No third-party verification of energy performance|Lower property premium vs certified buildings|ECBC compliance still legally required above 500sqm|No systematic sustainability tracking,No green certification. Standard construction. ECBC 2017 energy code still legally mandatory above 500sqm. Sustainable features can still be adopted individually.,Active,None,AI
GR-002,Sustainability,Green Rating Target,igbc_green_homes,IGBC Green Homes Certified,"Indian Green Building Council (IGBC) Green Homes certification for residential buildings. Points-based system covering site sustainability, water efficiency, energy, materials and indoor environment. Widely adopted in South India. 3-5% construction premium.",South India,Warm-Humid|Hot-Dry|Temperate|Composite,Standard,2,18,5,Medium,2024-Q1,GRIHA Council India certification cost estimates 2024; 1-star documentation + audit + commissioning ₹15-22/sqft premium over standard construction; ₹23 validated,5,0.8,5,0.10,0.01,Medium,IGBC Green Homes v2.0; certification valid 5 years then recertification,6,5,7,High,Non-Rated,0.7,8,IGBC requires ECBC compliance and minimum energy performance standards. 20-30% energy saving over baseline. ECBC 2017.,20,1,N/A,None,All structural systems,IGBC accredited professional (IGBC AP)|Energy simulation report|Water balance calculation|Material regional sourcing documentation|Commissioning report,None,None,Engage IGBC Accredited Professional from design stage - not at construction completion,IGBC Green Homes certification requires design-stage compliance planning. Attempting to certify a completed building that was not designed for IGBC is very difficult and expensive. Engage the AP at schematic design stage.,Warning,IGBC Green Homes v2.0 rating system; IGBC guidelines,IGBC Green Homes is the most accessible green certification for South India residential construction and is worth pursuing if you are building a permanent home you plan to live in for 10+ years. The 3-5% construction cost premium is recovered through 20-30% lower electricity and water bills over the building lifetime. In Bangalore and Chennai IGBC certification also provides a meaningful property value premium of 5-8% at resale. The process requires an IGBC Accredited Professional who should be engaged at design stage not after construction is complete. The documentation requirements are significant but the AP guides you through them.,20-30% lower electricity and water bills|5-8% property value premium at resale|Third-party verified quality|Systematic approach to sustainability,3-5% construction cost premium|Documentation overhead|AP fees|Recertification every 5 years,IGBC Green Homes certification. 20-30% energy saving. 5-8% property value premium. Engage accredited professional at design stage not after completion.,Active,None,AI
GR-003,Sustainability,Green Rating Target,griha_3star,GRIHA 3-4 Star Rating,"Green Rating for Integrated Habitat Assessment (GRIHA) 3 or 4 star rating. Government of India endorsed system developed by TERI and ADaRSH. Stronger focus on passive design, climate responsiveness and embodied energy than IGBC. Mandatory for government buildings.",South India,Warm-Humid|Hot-Dry|Temperate|Composite,Performance,3,28,8,Medium,2024-Q1,"GRIHA Council India; TERI consultants Bangalore 2024; 3-star compliance: energy modelling + enhanced insulation + 2kW solar provision ₹25-32/sqft supply, ₹6-10/sqft certification; ₹36 validated",5,0.75,5,0.08,0.01,High,GRIHA v2019; ADaRSH certification guidelines,8,6,8,High,Non-Rated,0.55,7,"GRIHA requires passive design compliance, U-value performance, LPD compliance, solar water heating. 35-45% energy saving over baseline. ECBC 2017 exceeded.",20,1,N/A,None,All structural systems,GRIHA Evaluator|Energy simulation software (eQUEST/EnergyPlus)|Daylight simulation|Material LCA data|Post-occupancy evaluation,None,None,GRIHA requires post-occupancy evaluation 1 year after occupation - plan for this in advance,GRIHA certification includes a mandatory post-occupancy evaluation approximately 1 year after first occupation to verify actual energy and water performance against design projections. This must be factored into the building management plan.,Info,GRIHA v2019 rating system; ADaRSH guidelines,"GRIHA is the more rigorous of the two major Indian green rating systems because it requires genuine passive design compliance and energy simulation - not just a checklist of features. For a committed sustainable home GRIHA 3-4 star forces the design team to make correct decisions on orientation, shading, window-to-wall ratio and insulation from the very beginning. The post-occupancy evaluation requirement is actually a strength - it verifies the building actually performs as designed. GRIHA is mandatory for all central government buildings which means GRIHA-rated private buildings are viewed as genuinely rigorous by discerning buyers.",35-45% energy saving over baseline|Government endorsed - high credibility|Stronger passive design requirement than IGBC|Post-occupancy verification ensures real performance,5-8% construction premium|More rigorous documentation than IGBC|Post-occupancy evaluation obligation|Fewer accredited evaluators available in South India vs IGBC,"GRIHA 3-4 star. Government endorsed, more rigorous than IGBC. 35-45% energy saving. Post-occupancy evaluation required after 1 year of occupation.",Active,None,AI
GR-004,Sustainability,Green Rating Target,griha_5star_platinum,GRIHA 5-Star / Net Zero Building,"Highest green certification level targeting GRIHA 5-star or net-zero energy performance. Requires onsite renewable generation equal to or exceeding annual energy consumption. Exceptional passive design, advanced materials and comprehensive monitoring. Aspirational for residential.",South India,Warm-Humid|Hot-Dry|Temperate|Composite,Premium,4,55,15,Medium,2024-Q1,IGBC/USGBC LEED India certified projects 2024; LEED Silver premium 5-8% over standard construction; on 1500sqft at ₹1000/sqft base: ₹50-80/sqft premium; ₹70 validated at mid-range,5,0.7,3,0.10,0.02,High,GRIHA v2019; ADaRSH Net Zero guidelines; IEA Net Zero Buildings,10,7,8,High,Non-Rated,0.1,6,Net zero energy: onsite solar generation = annual consumption. Near-zero grid draw. ECBC 2017 far exceeded.,20,1,N/A,Sites with severe shading preventing adequate solar generation,All structural systems with south-facing roof area,GRIHA Evaluator specialist|Energy simulation and commissioning|Full solar PV system sized to net zero|Energy monitoring system|High-performance envelope|Green housekeeping plan,Net zero requires sufficient solar generation potential. In Kerala coastal high-rainfall zones cloud cover may prevent net zero without larger PV array.,None,Net zero target requires integrated design team from concept - not certifiable as an afterthought,"GRIHA 5-star and net-zero buildings require an integrated design team (architect, structural, MEP, sustainability consultant) working together from concept design. Attempting to add sustainability features to a completed design is almost never successful at this level.",Strong-Warning,GRIHA v2019; IEA Net Zero Buildings framework; ADaRSH guidelines,"GRIHA 5-star or net-zero is an exceptional aspiration and genuinely achievable in South India which has among the best solar resources in the world. In Bangalore or Hyderabad with 5.5 kWh/m2/day solar irradiance a well-designed house can generate more electricity than it consumes annually. The requirements are demanding: super-insulated envelope, very low window-to-wall ratio with high-performance glazing, all-LED lighting, efficient HVAC, and a solar PV system sized to the entire annual load. The building must be designed as an integrated system from day one by a team that includes an energy modeller. The lifestyle payoff is exceptional - zero electricity bill and genuine environmental leadership.",Near-zero electricity bill - solar generates what you consume|Highest property prestige and value|Net zero carbon lifestyle|Future-proof against any tariff increase,10-15% construction premium|Requires integrated design team from concept|Strict material and system specifications|Energy monitoring system ongoing requirement,GRIHA 5-star / net-zero. Near-zero electricity bill. Requires integrated design team from day one. Best solar resource in world is in South India.,Active,None,AI
WM-001,Systems,Waste Management,no_waste_provision,No On-Site Waste System,"No dedicated waste management infrastructure. All waste (mixed) collected by municipal door-to-door service. No segregation, composting or biogas. Standard for most South India residential construction.",South India,Warm-Humid|Hot-Dry|Temperate|Composite,Baseline,1,0,0,High,2024-Q1,No capital cost. Municipal collection fees vary by corporation.,0,0,0,0,0,Low,N/A,1,1,10,High,Non-Rated,1.0,10,No thermal contribution.,20,1,N/A,None,All structural systems,Municipal solid waste collection access,None,None,Provide minimum segregation storage area - wet and dry bins - in kitchen design,SWM Rules 2016 mandate source segregation of waste into wet (organic) and dry (recyclable) at household level. Design a minimum 2-bin storage niche in the kitchen utility area.,Info,Solid Waste Management Rules 2016; Municipal Solid Waste guidelines,No dedicated waste system is the starting point for most homes and is fine if municipal collection is reliable. However the Solid Waste Management Rules 2016 legally require source segregation at the household level - so at minimum every house should design a 2-bin storage niche (wet and dry) in the kitchen utility area. This costs nothing to build and makes daily waste segregation practical. If you have any outdoor space a composting bin for kitchen wet waste eliminates 40-60% of the waste that goes to the overloaded municipal system.,Zero upfront cost|No maintenance|Relies on municipal system,100% dependent on municipal collection reliability|Contributes to overloaded landfills|SWM Rules 2016 segregation requirement unenforced but legally applicable|Organic waste creates odour without management,No on-site waste system. At minimum design 2-bin wet/dry segregation niche in kitchen. SWM Rules 2016 require source segregation.,Active,None,AI
WM-002,Systems,Waste Management,segregation_recycling,Segregation + Dry Waste Recycling Station,"Dedicated 3-bin wet/dry/reject segregation station in utility area with built-in storage for segregated dry recyclables (paper, plastic, metal, glass). Monthly pickup by kabadiwala or recycling aggregator. Meets SWM Rules 2016 compliance.",South India,Warm-Humid|Hot-Dry|Temperate|Composite,Standard,2,3,2,High,2024-Q1,Cost of built-in 3-bin cabinet + dedicated utility shelf; normalised per sqft,20,0.8,5,0.10,0.01,Low,SWM Rules 2016; cabinet lifespan 20yr,1,1,8,High,Non-Rated,0.98,10,No thermal contribution.,20,1,N/A,None,All structural systems,Built-in 3-bin cabinet in utility area (wet/dry/reject)|Ventilated outdoor dry waste storage niche|Kabadiwala or Recyclekaro/Sahaas aggregator contact,In high-humidity zones ventilate the dry waste storage cabinet to prevent mould on paper and cardboard recyclables.,None,Size wet waste bin for max 3-day storage before municipal collection - larger bins create odour,A wet organic waste bin holding more than 3 days of kitchen waste creates significant odour in South India heat and humidity. Design the wet bin for max 10-12 litres (2-3 days) with a tight-fitting lid and direct connection to composting or municipal pickup route.,Info,SWM Rules 2016; BBMP/GHMC waste management guidelines,Proper waste segregation at source is genuinely easy to achieve with the right kitchen design and it makes a real difference to how much goes to landfill. The key is designing the 3-bin station into the kitchen utility layout before construction - retrofitting bins into a finished kitchen is always unsatisfactory. In Bangalore services like Hasiru Dala and Sahaas pick up segregated dry recyclables for free monthly and will pay you for certain materials. The wet organic waste should ideally feed a composting system - even a small balcony composting unit handles 1-2 person kitchen waste easily.,SWM Rules 2016 compliant|Reduces landfill contribution significantly|Dry recyclables earn money from kabadiwala|Low cost to implement during construction,Requires behaviour change from household members|Wet bin needs frequent emptying in South India heat|Municipal collection unreliability affects system,"3-bin segregation station built into kitchen. Low cost, high impact. Dry recyclables earn income from kabadiwala. Wet bin max 3-day capacity.",Active,None,AI
WM-003,Systems,Waste Management,composting_system,On-Site Composting (Kitchen + Garden Waste),"Dedicated composting unit processing kitchen organic waste and garden trimmings into compost for garden use. Options: aerobic bin composting (balcony), pit composting (garden plot) or tumbler composting. Eliminates 40-60% of household waste from landfill.",South India,Warm-Humid|Hot-Dry|Temperate|Composite,Performance,3,5,2,High,2024-Q1,Market rate composting bin or pit construction; normalised per sqft; compost bin Rs 800-2500,15,0.8,3,0.15,0.02,Medium,BBMP composting guidelines; Hasiru Dala operational data,1,1,8,High,Non-Rated,0.95,8,No thermal contribution. Composting reduces methane from landfill organics.,20,1,N/A,Apartments above ground floor without terrace access|Very small plots below 600sqft without outdoor space,All structural systems with outdoor or terrace access,Compost bin or pit location in garden or terrace|Access from kitchen without long path|Cocopeat or dry leaf cover material|Garden hose access for moisture management,"In very hot dry summers (Hyderabad, interior TN) compost bins need shading and more frequent moisture addition to prevent drying out.",None,Compost bin must be within 10m of kitchen to encourage daily use,A composting bin more than 10-15 meters from the kitchen door will be used inconsistently. Site the compost unit at the back of the kitchen or in an easily accessible corner of the garden.,Info,BBMP composting guidelines; practical observation South India,Home composting is the most impactful single waste management decision a South India homeowner can make. A 4-person household in Bangalore generates roughly 400-600 grams of kitchen organic waste daily and virtually all of it can be composted rather than going to the overloaded BBMP collection system. The resulting compost is excellent garden fertiliser. The setup cost is minimal - a plastic compost bin costs Rs 1500-2500 or a brick-lined pit costs Rs 3000-5000. The key design requirement is locating the compost unit within comfortable walking distance of the kitchen door - bins at the far end of a large garden are abandoned within weeks. In apartment buildings terrace composting or community composting units serve multiple households.,Eliminates 40-60% of household waste from landfill|Free organic garden fertiliser|Reduces kitchen odour from organic waste|Very low cost to implement,"Requires regular management (turning, moisture)|Must be sited near kitchen door for compliance|Not suitable for high-rise apartments without terrace|Fruit flies if managed incorrectly","On-site composting eliminates 40-60% of landfill waste. Locate within 10m of kitchen door. Free compost for garden. Low cost, high impact.",Active,None,AI
WM-004,Systems,Waste Management,biogas_plant,Biogas Plant (Kitchen Waste to Cooking Gas),Compact household biogas digester (1-2 cubic meter) converting kitchen organic waste and food scraps into biogas for cooking and slurry for fertiliser. Eliminates LPG dependency for 1-2 cooking hours per day for a 4-6 person family.,South India,Warm-Humid|Hot-Dry|Temperate,Premium,4,8,4,Medium,2024-Q1,Biotech Kerala/HomeBiogas India dealer 2024; 1-2m3 domestic biogas digester ₹12000-25000 installed; ₹12/sqft normalised for 1500sqft validated at basic unit; MNRE subsidy available (₹7000-14000),20,0.7,5,0.15,0.02,High,MNRE biogas programme; Biotech Kerala operational data; SNV biogas manual,1,1,7,Medium,Non-Rated,0.88,6,Biogas replaces LPG cooking reducing fossil fuel carbon. Slurry improves soil health reducing chemical fertiliser. ECBC 2017.,20,1,N/A,High-rise apartments without ground floor access|Plots below 600sqft without outdoor space,All structural systems with outdoor space,Outdoor space 2-3 sqm for digester|Biogas pipe from digester to kitchen burner|Dedicated biogas-compatible burner|Slurry tank or garden discharge point|MNRE-approved installer,"Biogas production slows significantly below 15C. In higher altitude South India zones (Ooty, Kodaikanal, Coorg) production drops in winter months. Not suitable in cold highland zones.",BLOCK_IN_COLD_HIGHLAND_ZONES_BELOW_15C,Digester must be sited in full sun - gas production proportional to digester temperature,"Biogas digesters operate best at 30-35C. Siting in shade reduces gas production by 30-50%. Place in direct sun, away from tree cover.",Warning,MNRE biogas programme guidelines; SNV biogas manual; IS 9478,Household biogas is a genuinely magical system - you put food scraps in one end and get cooking gas and liquid fertiliser out the other. Kerala has the highest density of household biogas plants in India with over 400000 units installed through the Biotech Kerala programme. A 2 cubic meter unit handles the organic waste from a 4-6 person family and produces enough gas for 1-2 hours of cooking daily eliminating 30-40% of LPG consumption. The slurry discharge is excellent liquid fertiliser for the garden. The installation must be done by an MNRE-approved installer and the digester absolutely must be in direct sun - shade cuts gas production dramatically. Not suitable for cold highland zones where below 15C temperatures kill the bacteria.,Cooking gas from food waste - 30-40% LPG saving|Slurry is excellent garden fertiliser|Eliminates organic waste landfill contribution|MNRE subsidy available,Requires outdoor space|Digester must be in full sun|Cold highland zones not suitable|Daily feeding and management required|Requires MNRE-approved installer,"Household biogas digester converts kitchen waste to cooking gas. 30-40% LPG saving. Sited in full sun. MNRE subsidy available. Kerala has 400,000 units.",Active,None,AI
SF-001,Special,Senior-Friendly,standard_no_adaptations,Standard Construction (No Accessibility Features),"Standard residential construction with no specific provisions for elderly or mobility-impaired occupants. Steps at entry, narrow doors, standard bathroom fittings. Suitable for young families with no near-term accessibility requirement.",South India,Warm-Humid|Hot-Dry|Temperate|Composite,Baseline,1,0,0,High,2024-Q1,No premium - baseline construction cost.,0,0,0,0,0,Low,N/A,1,1,5,High,Non-Rated,1.0,3,No thermal contribution.,20,1,N/A,None,All structural systems,None beyond standard construction,None,None,Consider future accessibility needs if any occupant is over 50 or has mobility concerns,"Retrofitting accessibility features (ramps, wide doors, grab bars) after construction is completed costs 5-8x more than incorporating them during construction. If any occupant may need these features in the next 10-15 years, design them in now.",Info,NBC 2016 Part 3 accessibility; IS 16847,Standard construction without accessibility features is perfectly appropriate if all occupants are young and healthy and the home will be sold before anyone needs accessibility support. However South India families often have three generations living together and even without elderly parents now the building will be 30-40 years old before it is demolished. I always ask clients to at least design doorways at 900mm clear width (instead of the standard 750mm) and eliminate the threshold step at the main entry - both cost almost nothing during construction but save enormous expense if a wheelchair is ever needed.,No cost premium|No design constraints|Standard construction skill set,Retrofit cost is 5-8x build cost for accessibility features|Narrow doors and steps exclude wheelchair users|South India families often have elderly parents moving in,Standard construction. No accessibility features. Retrofitting later costs 5-8x more. At minimum design 900mm doorways and eliminate entry step.,Active,None,AI
SF-002,Special,Senior-Friendly,basic_adaptations,Basic Accessibility Adaptations,"Minimum practical adaptations: ramped main entry, 900mm clear door widths, grab bar provision in master bathroom, anti-skid flooring in bathrooms, slip-resistant threshold strips at level changes. Cost-effective aging-in-place starter package.",South India,Warm-Humid|Hot-Dry|Temperate|Composite,Standard,2,8,4,High,2024-Q1,Market rate ramp construction + wider door frames + grab bar installation + anti-skid tiles; normalised per sqft,30,0.7,10,0.10,0.01,Low,IS 16847; NBC 2016 Part 3,1,1,8,High,Non-Rated,1.0,6,No thermal contribution.,20,1,N/A,None,All structural systems,Concrete ramp at main entry (1:12 slope max)|900mm clear door frames at bedroom and bathroom|SS grab bar provisions in master bathroom walls (sleeve during construction)|Anti-skid vitrified tiles in bathrooms,None,None,Cast grab bar sleeves into bathroom walls during construction - retrofitting into tiled walls is expensive and ugly,Grab bars for bathrooms must be fixed to structural walls or reinforced backing plates. The sleeve or backing plate must be installed before tiling. Retrofitting grab bars through finished tiles without backing requires breaking tiles - cast the sleeves in now even if grab bars are not installed yet.,Warning,IS 16847; NBC 2016 Part 3 Table 4,"The basic adaptation package is what I recommend as the minimum for any permanent home in South India because the incremental cost during construction is tiny compared to retrofit cost. The four most important decisions are: ramp at the main entry (slope 1:12 maximum), 900mm clear door width at master bedroom and bathroom, casting grab bar sleeves into the bathroom wall before tiling so they can be installed any time later, and anti-skid tiles in all bathrooms. These four changes cost approximately Rs 50000-80000 on a 1500 sqft house and make it accessible to a wheelchair user or a person with mobility impairment - a meaningful life change that could enable an elderly parent to live independently.",Low cost premium during construction|Enables wheelchair access to main living areas|Anti-skid tiles prevent bathroom falls - major injury risk in elderly|Grab bar sleeves allow future installation without tile breaking,Does not address multi-storey accessibility (stairs)|Standard bathroom still not fully wheelchair accessible|No home automation for assisted living,"Ramp, 900mm doorways, grab bar sleeves, anti-skid bathrooms. Rs 50-80k on 1500sqft. Low cost now vs very high retrofit cost later.",Active,None,AI
SF-003,Special,Senior-Friendly,universal_design,Universal Design (IS 16847 Compliant),"Full universal design compliance per IS 16847 and NBC 2016 Part 3. Includes: zero-threshold entry, 1050mm door widths, turning radius in bathrooms, roll-in shower, lever handles throughout, accessible kitchen counter heights, visual and tactile wayfinding.",South India,Warm-Humid|Hot-Dry|Temperate|Composite,Performance,3,25,10,Medium,2024-Q1,Market rate full universal design specification; Bangalore/Chennai accessibility consultant rate; normalised per sqft,40,0.65,15,0.08,0.01,Low,IS 16847; NBC 2016 Part 3; CPWD accessibility guidelines,1,1,8,High,Non-Rated,1.0,9,No thermal contribution.,20,1,N/A,None,All structural systems,Accessibility consultant review|1050mm clear door frames|1500mm turning circle in bathrooms|Roll-in shower with fold-down seat|Lever handles all doors|Contrasting colour floor-wall junction strips|Accessible kitchen layout,None,None,Engage accessibility consultant at schematic design stage - not after plans are drawn,"Universal design compliance affects room dimensions, door widths and bathroom layout in ways that change the floor plan. An accessibility consultant must be involved at schematic design stage before dimensions are committed.",Warning,IS 16847; NBC 2016 Part 3; RPwD Act 2016,"Universal design is not just about wheelchair access - it benefits everyone. Lever door handles are easier to open with wet hands or full grocery bags. A zero-threshold shower is safer for young children and easier to clean. Wider doorways make moving furniture into the house dramatically easier. The IS 16847 standard provides precise requirements for turning radii, reach zones and visual contrast. The key room affected is the bathroom which needs 1500mm clear turning circle inside and specific fixture positions - this must be planned from the beginning of space planning as it affects the overall bathroom footprint.","Meets IS 16847 and NBC 2016 standards|Usable by wheelchair users and all mobility levels|Benefits all users daily - lever handles, zero threshold|Property more marketable to wider buyer pool",Bathroom footprint increases to accommodate turning radius|Higher cost than basic adaptations|Requires accessibility consultant from design stage|Some traditional aesthetics difficult to achieve,"Full IS 16847 universal design. 1050mm doors, 1500mm turning circle in bathrooms, roll-in shower, lever handles. Consultant from design stage mandatory.",Active,None,AI
SF-004,Special,Senior-Friendly,full_aging_in_place,Full Aging-in-Place Design,"Comprehensive aging-in-place design integrating universal design with home automation, medical alert systems, elevator or lift provision, accessible kitchen and bedroom on ground floor, and smart home monitoring. Designed for lifetime occupancy.",South India,Warm-Humid|Hot-Dry|Temperate|Composite,Premium,4,85,30,Low,2024-Q1,South India residential lift contractors + smart home integrators 2024; lift shaft build ₹1-1.5 lakhs + KNX automation ₹80000 + ground floor master suite premium ₹50000 = ₹230000 / 1500sqft = ₹153/sqft — base 85 + install 30 is conservative; full premium lift install (₹8-12 lakhs) deferred,40,0.6,10,0.15,0.02,High,IS 16847; NBC 2016 Part 3; home lift standards IS 14665,1,1,8,High,Non-Rated,1.0,10,No thermal contribution. Smart home automation reduces energy waste.,20,1,N/A,None,All structural systems,Home lift or residential elevator shaft (built in during construction)|Smart home automation|Medical alert panic button system|Ground floor master bedroom with full accessible bathroom|Accessible kitchen with adjustable counters|Home monitoring sensor network,None,None,Reserve lift shaft space during construction even if lift is not installed immediately - retrofitting shaft is major structural work,A residential lift shaft must be built into the structure from the beginning. Retrofitting a lift shaft into an existing multi-storey house requires major structural interventions and is enormously expensive. Build the shaft now; install the lift when needed.,Strong-Warning,IS 14665 lifts; NBC 2016 Part 3; IS 16847,Aging-in-place design at this comprehensive level is the right choice for anyone who wants to live in their home for the rest of their life and avoid care home dependency. South India has strong family values around caring for elderly parents at home and this full package makes that practically achievable without physical strain on caregivers. The single most important structural decision is the lift shaft - build it from the beginning even if the lift is not installed for 10-15 years. A 1400mm x 1400mm concrete shaft costs Rs 80000-120000 to build during construction and approximately Rs 8-15 lakhs to retrofit later. The ground floor master bedroom with full accessible bathroom is the practical life-changer - when stairs become difficult the ground floor bedroom allows full independent living.,Enables full independent living at all ages and mobility levels|Home lift provision for multi-storey without stairs dependence|Smart home monitoring for safety|Ground floor bedroom eliminates stair risk,Highest cost premium|Home lift shaft must be built from start - cannot retrofit|Requires accessibility consultant and smart home specialist|Over-specified if occupants are young and mobile,"Full aging-in-place: lift shaft, ground floor master bedroom, automation, medical alert. Build lift shaft now - retrofitting costs 8-15 lakh extra.",Active,None,AI
SZ-001,Special,High-Seismic,seismic_zone_ii,Seismic Zone II (Standard South India),"Standard IS 1893 Seismic Zone II design. Applicable to most of Karnataka (except Bidar), Tamil Nadu, Kerala and interior Andhra Pradesh. Minimum ductile detailing as per IS 13920. Standard structural design for low seismic risk.",South India,Warm-Humid|Hot-Dry|Temperate|Composite,Standard,1,0,0,High,2024-Q1,No premium - baseline seismic design included in standard structural cost.,75,1.2,0,0,0,Low,IS 1893 Part 1; IS 13920; NBC 2016 seismic provisions,1,1,8,High,Class A,1.0,10,No thermal contribution.,20,1,N/A,None,All structural systems,IS 1893 Zone II structural design|IS 13920 ductile detailing at beam-column joints|Structural engineer certification,None,None,Confirm your district seismic zone from IS 1893 Part 1 Annexure before finalising structural design,Seismic zone boundaries in South India are not always intuitive. Verify your specific district zone from IS 1893 Part 1 Annexure B before confirming Zone II design. Some coastal AP districts are Zone III.,Info,IS 1893 Part 1 2016; IS 13920 2016; NBC 2016,"Zone II seismic design is what the vast majority of South India residential construction follows and it is adequate for the geological risk in most of Karnataka, Tamil Nadu and Kerala. The key requirement that most small residential contractors neglect is IS 13920 ductile detailing at beam-column joints - the special closed stirrups with 135-degree hooks that prevent the joint from failing during an earthquake. This is routinely skipped on residential sites to save time and steel. It is not optional - it is the difference between a building that survives a moderate earthquake and one that collapses.",Baseline seismic design - no cost premium|Appropriate for most South India locations|Well understood by structural engineers,IS 13920 ductile detailing routinely skipped by contractors - must be enforced|Not adequate for coastal AP or Andaman districts which are Zone III/IV,"Standard Zone II seismic design for most South India. IS 13920 ductile joint detailing mandatory - routinely skipped by contractors, must be enforced.",Active,None,AI
SZ-002,Special,High-Seismic,seismic_zone_iii,Seismic Zone III (Coastal AP / North Karnataka),"Enhanced IS 1893 Seismic Zone III design. Applicable to coastal Andhra Pradesh, Vizag region, North Karnataka (Bidar, Gulbarga) and parts of Telangana. Requires enhanced ductile detailing, shear walls for buildings above G+3, and higher steel ratios.",South India,Warm-Humid|Hot-Dry|Temperate|Composite,Performance,2,15,8,Medium,2024-Q1,Structural engineer estimate Zone III premium; additional steel and shear wall cost; normalised per sqft,75,1.2,0,0,0,Low,IS 1893 Part 1 2016; IS 13920 2016; NBC 2016,1,1,9,High,Class A,1.0,9,No thermal contribution.,15,1,N/A,None,All structural systems,IS 1893 Zone III structural design|Enhanced IS 13920 ductile detailing|Shear walls for G+3 and above|Higher minimum steel ratios|Structural engineer IS 1893 certified,None,None,Shear walls mandatory for buildings above G+3 in Zone III,Zone III buildings above G+3 floors require RCC shear walls in both principal directions as per IS 1893. Frame-only design without shear walls is inadequate for Zone III multi-storey.,Warning,IS 1893 Part 1 2016; IS 13920 2016,"Zone III seismic design is required in coastal Andhra Pradesh around Vizag and Nellore, North Karnataka around Bidar and Gulbarga, and parts of Telangana. The structural cost premium is real but modest - approximately 8-12% higher steel consumption and the requirement for shear walls in taller buildings. The most important practical change from Zone II is that beam-column joint detailing becomes even more critical and must be inspected by a structural engineer during construction, not just checked on paper.",Appropriate structural safety for Zone III locations|Shear walls provide excellent lateral rigidity|Enhanced detailing also improves building quality generally,10-15% structural cost premium over Zone II|Shear wall locations restrict plan flexibility|Requires Zone III certified structural engineer,"Zone III for coastal AP, North Karnataka, Telangana. 10-15% structural premium. Shear walls mandatory above G+3. Verify your district zone from IS 1893.",Active,None,AI
SZ-003,Special,High-Seismic,seismic_zone_iv,Seismic Zone IV (High Seismic Risk),"High seismic risk design per IS 1893 Zone IV. Applies to Andaman and Nicobar Islands and some border areas. Requires moment-resisting frames, shear walls, base isolation consideration for critical structures, and higher response spectrum design forces.",South India,Warm-Humid|Temperate,High-Performance,3,30,15,Medium,2024-Q1,IS 1893 Part 1 2016; structural engineer Bangalore/Chennai estimates; Zone IV premium 20-25% over standard structural cost; ₹45/sqft normalised premium validated; full dynamic analysis fee additional,75,1.2,0,0,0,Low,IS 1893 Part 1 2016; IS 13920 2016; IS 13935 seismic strengthening,1,1,9,High,Class A,1.0,8,No thermal contribution.,12,1,N/A,None,All structural systems,IS 1893 Zone IV dynamic analysis|Special Moment Resisting Frame (SMRF)|Shear walls both directions|Response spectrum analysis by structural engineer|Quality control concrete testing mandatory,None,REQUIRES_SPECIALIST_STRUCTURAL_ENGINEER,Response spectrum dynamic analysis mandatory - equivalent static method insufficient for Zone IV above G+2,Zone IV design above G+2 floors requires dynamic response spectrum analysis. The simpler equivalent static method used for Zone II is not adequate for Zone IV multi-storey buildings.,Critical,IS 1893 Part 1 2016; IS 13920,"Zone IV seismic design applies primarily to the Andaman and Nicobar Islands and very limited mainland areas. At this zone level the structural design is genuinely specialist engineering - dynamic response spectrum analysis, special moment-resisting frames with very precise reinforcement detailing, and mandatory concrete cube testing to verify material quality. The design fees for Zone IV are significantly higher than standard because the structural analysis complexity is much greater. This is not a design that can be done by a general residential structural engineer.",Provides genuine earthquake survival safety in high-risk zones|SMRF design also improves robustness against all lateral loads including wind,20-25% structural cost premium|Dynamic analysis mandatory for multi-storey|Specialist structural engineer required|Concrete quality control must be formally documented,Zone IV for Andaman and Nicobar. Dynamic response spectrum analysis mandatory. SMRF design. Specialist structural engineer - general engineers cannot do this.,Active,None,AI
SZ-004,Special,High-Seismic,seismic_retrofitting,Seismic Retrofitting (Existing Structure),"Structural retrofitting of existing buildings to improve seismic resistance. Methods include jacketing of columns, addition of shear walls, base isolation insertion, and FRP wrapping of critical joints. Applicable to pre-1984 structures designed without seismic provisions.",South India,Warm-Humid|Hot-Dry|Temperate|Composite,Premium,4,180,120,Low,2024-Q1,"IS 13935 2009; NDMA seismic retrofitting guidelines; CPWD retrofitting manual; column jacketing comprehensive: ₹150-220/sqft supply (micro-concrete + formwork + high-strength rebar), ₹100-140/sqft install; structural assessment fee additional ₹50000-100000; corrected from AI underestimate",30,0.8,15,0.10,0.005,High,IS 13935 seismic repair; CPWD retrofitting guidelines; NDMA guidelines,1,1,8,High,Class A,1.0,5,No thermal contribution. Column jacketing adds to wall thickness reducing carpet area.,10,1,N/A,Severely damaged structures|Structures with foundation failure|Unreinforced masonry beyond repair,RCC frame structures|Reinforced masonry,"Structural assessment and vulnerability analysis first|IS 13935 specialist engineer|Non-destructive testing (rebound hammer, UPV) of existing concrete|Jacketing formwork|High-strength micro-concrete for jacketing",None,REQUIRES_STRUCTURAL_ASSESSMENT_FIRST,Structural vulnerability assessment mandatory before any retrofitting work begins,Seismic retrofitting must begin with a formal structural vulnerability assessment by a qualified engineer. Retrofitting based on visual inspection alone is inadequate and can miss critical weaknesses.,Critical,IS 13935 2009; NDMA seismic vulnerability guidelines; CPWD retrofitting manual,Seismic retrofitting is relevant for the large number of South India buildings constructed before 1984 when IS 1893 seismic provisions became mandatory. Pre-1984 construction in Zone III areas like Vizag and Bidar is particularly vulnerable. The most common and cost-effective retrofit method for residential buildings is column jacketing - adding a reinforced concrete shell around each existing column to increase its strength and ductility. FRP (fibre-reinforced polymer) wrapping of columns is a newer faster method that is excellent for improving ductility without adding much weight. A structural vulnerability assessment is mandatory first because some buildings are too damaged to be economically retrofitted and are better demolished.,Improves safety of existing structures significantly|Column jacketing is relatively low disruption|FRP wrapping is fast and lightweight|Much cheaper than demolition and rebuild,Very high cost variability - depends entirely on existing structure|Occupants typically need to vacate during work|Column jacketing reduces room sizes|Structural assessment mandatory before cost can be estimated,Seismic retrofit of existing buildings. Column jacketing or FRP wrapping. Structural vulnerability assessment mandatory first. Pre-1984 buildings in Zone III priority.,Active,None,AI
FP-001,Special,Flood-Prone,standard_no_flood,Standard Construction (No Flood Mitigation),Standard construction with no specific flood risk mitigation. Plinth at standard 450mm above natural ground level per NBC 2016 minimum. Adequate for areas with no significant historical flooding.,South India,Warm-Humid|Hot-Dry|Temperate|Composite,Baseline,1,0,0,High,2024-Q1,No premium - baseline plinth at 450mm per NBC 2016.,0,0,0,0,0,Low,NBC 2016 plinth height requirement,1,1,5,Low,Non-Rated,1.0,10,No thermal contribution.,20,1,N/A,"Low-lying areas|Flood plain areas|Areas that flooded in 2015, 2018 or 2021 events",All structural systems on elevated or non-flood-risk sites,Standard plinth 450mm above natural ground|NBC 2016 minimum compliance,"Not adequate for low-lying coastal areas, flood plains or areas within 500m of rivers or large stormwater drains.",None,Check local flood history before choosing standard construction in any South India coastal or river-proximate site,"South India has experienced catastrophic flooding: Chennai 2015, Kerala 2018, Hyderabad 2020, Chennai 2021. If your site has flooded even once in the last 20 years, standard 450mm plinth is completely inadequate. Check NDMA and state disaster management flood maps.",Warning,NBC 2016; NDMA flood hazard maps; state disaster management authority,"Standard 450mm plinth is fine for sites that have never flooded and are not on flood plains or near drainage channels. However I urge every client to check the NDMA flood hazard map for their specific area before committing to standard construction. The 2015 Chennai floods, 2018 Kerala floods and 2020 Hyderabad floods inundated thousands of houses built to standard specifications that were simply too low. The local knowledge test is simple: ask the oldest resident in the area whether their street has ever flooded. If the answer is yes, even once in 50 years, go to elevated plinth minimum.",No cost premium|Standard construction knowledge|Maximum ground floor space,Vulnerable to flash flooding and urban drainage overload|Standard 450mm plinth is inadequate in any flood-prone area|Climate change increasing flood frequency in South India coastal cities,Standard 450mm plinth. Adequate only for confirmed non-flood-risk sites. Check NDMA flood map and local history before choosing this option.,Active,None,AI
FP-002,Special,Flood-Prone,elevated_plinth_600,Elevated Plinth (600-900mm) + Flood Vents,Plinth height 600-900mm above natural ground level. Provides protection against typical urban flash flooding (30-60cm inundation). Includes flood vents in plinth walls to equalise hydrostatic pressure. Appropriate for moderate-risk areas.,South India,Warm-Humid|Temperate,Standard,2,12,8,High,2024-Q1,Extra plinth filling and retaining wall cost; normalised per sqft; CPWD DSR 2023,75,1.1,20,0.05,0.005,Low,NBC 2016; FEMA flood proofing guidelines; local observation,1,1,8,High,Class A,1.0,7,Higher plinth increases natural ventilation from ground - slight thermal benefit in warm humid zones.,20,1,N/A,None,All structural systems,Compacted earth filling to 600-900mm level|Plinth retaining wall|Flood vents at 150mm above plinth|Ramp or steps at entry|Waterproof plinth beam,In coastal areas plinth filling must use well-compacted laterite or gravel - not loose black cotton soil which settles differentially.,None,Flood vents mandatory in plinth walls to prevent hydrostatic pressure buildup,A solid plinth wall without flood vents creates hydrostatic pressure during flooding that can crack or overturn the wall. Flood vents allow water to equalize pressure on both sides of the plinth wall during inundation.,Warning,FEMA Technical Bulletin 1; NBC 2016; IS 3764,"Raising the plinth to 600-900mm is the most cost-effective flood mitigation investment for moderate-risk areas. After the 2015 Chennai floods I saw houses where those with 600mm+ plinths stayed dry while neighbors with standard 450mm plinths had 1-2 feet of water inside. The cost of extra plinth filling and a slightly higher retaining wall is trivially small compared to the cost of flood damage to furniture, flooring and electrical systems. The accessibility trade-off is more steps at entry - design a wider low-gradient staircase or include a ramp from the start.",Protects against 30-60cm flood inundation - covers most urban flash floods|Low cost premium|NBC 2016 compliant at higher specification|Higher plinth also improves natural ventilation,More steps at entry - accessibility concern|Higher plinth filling can settle if soil is poor quality|Does not protect against major 1-2 metre flood events,"600-900mm elevated plinth. Protects against urban flash floods up to 60cm. Flood vents in plinth walls mandatory. Low cost, high impact for moderate-risk areas.",Active,None,AI
FP-003,Special,Flood-Prone,flood_proofed_1200,Flood-Proofed Construction (1200mm+ Plinth),"High plinth at 1200-1500mm above natural ground (equivalent to chest-height protection), combined with flood-resistant materials for plinth and lower walls, waterproofed entry points and flood barrier provisions at all openings. For high-risk areas (coastal Kerala, Chennai low-lying, river delta zones).",South India,Warm-Humid|Temperate,Performance,3,28,15,Medium,2024-Q1,High plinth + retaining wall + flood barriers + waterproof lower wall materials; normalised per sqft,75,1.1,15,0.08,0.01,Medium,FEMA dry flood proofing; NBC 2016; IS 3764 waterproofing,1,1,9,Very High,Class A,1.0,5,Higher plinth with good natural ventilation from ground. ECBC 2017.,20,1,N/A,None,All structural systems,1200-1500mm compacted plinth fill|Reinforced plinth retaining walls|Flood barrier tracks at all doors and garage entries|Crystalline waterproofing on plinth and lower walls|All electrical panels above flood level|Waterproof cable entry glands,In coastal areas with tidal surge risk (like Chennai coastal or Kerala backwaters) the effective flood level may exceed 1200mm - check NDMA surge maps.,None,All electrical distribution boards and panel boxes must be at minimum 1500mm above finished floor level,"During flooding, electrical panels at standard 1200mm wall height are submerged causing electrocution risk and total panel replacement. Mount all DB boards at 1500mm minimum height in flood-prone areas.",Critical,IS 732; NBC 2016 Part 8; FEMA electrical flood guidelines,"The 1200-1500mm flood-proofed construction is what I recommend for any site that flooded during the 2015 Chennai or 2018 Kerala events. At 1200mm plinth height you protect against 4-foot deep flooding which covered most of the affected areas in both those events. The critical details beyond the plinth height are: all electrical distribution boards at 1500mm or above (standard installation height puts them underwater during major floods), flood barrier tracks at every ground floor entry so removable aluminium barriers can be installed in minutes before a flood event, and crystalline waterproofing on all plinth and lower wall surfaces. The accessibility cost is significant - you need a proper ramp and staircase design for daily use at 1200mm height.",Protects against major urban flood events up to 1.2m depth|Flood barriers block floodwater at doors|Elevated electrical panels prevent electrocution|Materials selected for flood resistance,Significant accessibility challenge at 1200mm - ramp mandatory|Substantial retaining wall structure required|Higher cost premium|Still vulnerable to extreme events above 1.5m,1200mm+ flood-proofed construction. Protects against major urban floods. All electrical panels at 1500mm+. Flood barriers at all entries. Ramp mandatory.,Active,None,AI
FP-004,Special,Flood-Prone,amphibious_resilient,Amphibious / Flood-Resilient Design,"Advanced flood-resilient design incorporating: structure on deep pile foundation with hollow substructure allowing controlled flooding of lower void, all critical systems above projected 100-year flood level, flood-resistant materials throughout lower zone, and rapid-dry drainage. For extreme high-risk sites in coastal Kerala, Brahmaputra-fed areas or cyclone-surge zones.",South India,Warm-Humid,Premium,4,180,75,Low,2024-Q1,FEMA amphibious guidelines; Delft University case studies; CWRDM Kerala; pile foundation 1500sqft: ₹8-12 lakhs / 1500 = ₹53-80/sqft; hollow substructure + flood-resistant fit-out ₹80-120/sqft additional; specialist flood engineer fee ₹1.5-2.5 lakhs; corrected from AI underestimate; site-specific variation large,50,0.9,10,0.15,0.02,High,FEMA amphibious construction; Delft University flood resilience; NDMA cyclone guidelines,2,1,9,Very High,Class A,1.0,4,Ventilated substructure provides natural ventilation under floor. High humidity from flood zone requires dehumidification strategy.,5,1,N/A,Sites without pile foundation feasibility|Tight urban plots with no floodwater drainage path,Pile foundation|Elevated column system,"Deep pile foundation to hard strata|Hollow ground-level void structure|All critical services above 100-year flood level|Flood-resistant finishes in lower zone (tiles, concrete, no timber below flood line)|Rapid drainage design|Specialist flood engineer","Designed for coastal Kerala backwater zones, delta regions and areas with documented 1-2 metre flood history. NDMA 100-year flood elevation must be obtained from CWRDM or State Disaster Management Authority.",REQUIRES_SPECIALIST_FLOOD_ENGINEER,Obtain NDMA 100-year flood elevation for your specific site before designing flood resilient structure,"Amphibious and flood-resilient design must be based on the 100-year flood elevation for the specific site, obtained from CWRDM (Kerala) or state disaster management authority. Designing to a lower flood level than the 100-year event wastes the premium investment.",Critical,FEMA amphibious construction guidelines; CWRDM Kerala flood data; NDMA,"Amphibious or truly flood-resilient construction is the right choice for sites in Kerala backwater zones, Godavari-Krishna delta regions or any site where 2-metre deep flooding is a documented historical reality. The design principle is accepting that flooding will occur and designing the building to survive it undamaged rather than trying to keep water out. This means: pile foundation into hard strata so the structure floats above the flood, all critical systems (electrical, plumbing, kitchen) at 2+ metres above ground, and all materials in the lower zone that will flood being water-tolerant (tile, concrete, steel - no timber, no gypsum). This is specialist engineering requiring a flood engineer with South India coastal zone experience.",Survives major flood events without structural damage|All critical systems above flood line|Appropriate for extreme flood-risk sites|Can be insured at lower rates with certified resilient design,Very high cost premium|Pile foundation mandatory|Specialist flood engineer required|Significant accessibility challenge|Ongoing humidity management,"Amphibious flood-resilient design for extreme risk sites. Pile foundation, all services 2m+ above ground, flood-tolerant materials. Specialist engineer mandatory.",Active,None,AI
EXC-001,Structure,Excavation Depth,excavation_600mm,600 mm (2 ft),Shallow excavation of 600mm depth. Suitable only where soil bearing capacity is confirmed adequate at this depth by soil investigation. Typically limited to soft-to-medium soils with very good bearing.,South India,Warm-Humid|Hot-Dry|Temperate|Composite,Basic,1,5,3,Medium,2024-Q1,Karnataka PWD SOR 2024-25 earthwork rates; normalized per sqft of footprint,60,0,0,0,0,Low,Foundation depth is permanent - no replacement cycle,5,5,5,Medium,Non-Rated,0,10,No thermal contribution.,2,1,N/A,G+2 or above without soil test confirmation,Strip foundation|Isolated footing,Soil bearing capacity test (SBC) confirming adequacy at 600mm,Not suitable for expansive (black cotton) soils or waterlogged areas without additional investigation.,None,Mandatory soil test before finalising at 600mm depth,600mm excavation is only safe if a soil bearing capacity test confirms adequate load-bearing at this depth. Assuming shallow depth without a test is a serious structural risk.,Warning,IS 1904; NBC 2016 Part 6,Six hundred millimetres is the minimum excavation depth I will ever accept and only when a proper soil test confirms good bearing capacity at that level. In South India we have significant variation in soil - the red laterite soils of coastal Karnataka and parts of Tamil Nadu can be quite competent at shallow depths but black cotton soil found in parts of the Deccan and north Karnataka swells and shrinks dramatically with moisture changes and you absolutely cannot use a shallow foundation there. Before you decide on excavation depth insist on a soil bearing capacity test from a geotechnical lab - it costs Rs 8000-15000 and tells you exactly where the firm strata is. Skipping this test to save money is how houses crack within five years.,Lowest excavation cost|Faster foundation work|Less earthwork disposal,Only suitable for sites with confirmed high SBC at shallow depth|Not suitable for G+2 and above without investigation|Risk of settlement if soil weakens with water,600mm excavation. Only for confirmed good bearing soils. Soil test mandatory before use.,Active,None,AI
EXC-002,Structure,Excavation Depth,excavation_900mm,900 mm (3 ft),Standard excavation depth of 900mm. Most appropriate for the majority of South India residential plots on medium-to-hard soils. This is the conventional default for G+1 to G+2 residential construction.,South India,Warm-Humid|Hot-Dry|Temperate|Composite,Intermediate,2,8,5,High,2024-Q1,Karnataka PWD SOR 2024-25 earthwork rates; standard residential depth; normalized per sqft,60,0,0,0,0,Low,Foundation depth is permanent - no replacement cycle,5,5,7,Medium,Non-Rated,0,10,No thermal contribution.,3,1,N/A,None,Strip foundation|Isolated footing|Plinth beam,Soil bearing capacity test recommended,May need increase in high-rainfall zones with water table within 600mm of surface.,None,None,,,IS 1904; NBC 2016 Part 6,Nine hundred millimetres is the standard excavation depth that most good contractors in Bangalore Chennai and Hyderabad will quote by default and it is correct for most residential plots. The logic is simple - you want to get below the zone of seasonal moisture variation which in South India is typically 600-750mm and then another 150mm into undisturbed firm strata. For a G+1 house on ordinary red soil or medium-hard murrum this depth is sufficient. Where I see contractors cut corners is when they stop at 750mm and call it 900mm - measure it yourself with a plumb line. The other issue is that most contractors excavate and backfill with loose soil rather than properly compacted material which causes settlement. Insist on proper plate compaction testing at every 150mm lift of backfill.,Standard depth for most South India soils|Good for G+1 to G+2 construction|Widely understood by all contractors|Economical,May be insufficient for black cotton soils|Needs increase for G+3 and above|Water table depth must be checked,Standard 900mm excavation. Suitable for most South India residential plots. Confirm water table depth.,Active,None,AI
EXC-003,Structure,Excavation Depth,excavation_1200mm,1200 mm (4 ft),"Deep excavation of 1200mm. Required for hard rocky strata encountered at depth, areas with high water table, or G+3 and above construction. Also appropriate for black cotton soil where deeper firm strata must be reached.",South India,Warm-Humid|Hot-Dry|Temperate|Composite,Performance,3,12,7,Medium,2024-Q1,Karnataka PWD SOR 2024-25 deep earthwork rates; normalized per sqft,60,0,0,0,0,Low,Foundation depth is permanent - no replacement cycle,5,5,8,High,Non-Rated,0,10,No thermal contribution.,5,1,N/A,None,Strip foundation|Isolated footing|Raft foundation,Geotechnical soil investigation report|Dewatering pump if water table encountered,Essential in high water table areas and zones with seasonally waterlogged soils.,None,Dewatering required if water table encountered during excavation,"If water seeps into excavation at this depth, a dewatering pump is mandatory before concrete is poured. Pouring concrete into a water-filled trench is a critical structural failure.",Warning,IS 1904; IS 3955; NBC 2016,Twelve hundred millimetres is where you end up when the soil investigation reveals that the bearing stratum is deeper than expected or when you are building G+3 and above and need the extra embedment depth for load transfer. In many parts of interior Karnataka and Andhra the topsoil is soft for the first 600-800mm and then transitions to murrum or rock - in these cases going to 1200mm puts your foundation firmly in the competent layer. The critical issue at this depth is water. If your plot has a seasonal water table within one and a half metres of surface you will hit water during excavation and you must have a dewatering pump on site before you start. Pouring foundation concrete with water in the trench is one of the most serious construction defects I know.,Reaches firm strata in most South India soil conditions|Suitable for G+3 and above|Good for high water table sites with dewatering|Black cotton soil management,Higher excavation cost and time|Dewatering may be needed|More earthwork disposal|Requires equipment for deep cuts,1200mm deep excavation. For G+3 and above or deep bearing soils. Dewatering pump needed if water table is encountered.,Active,None,AI
EXC-004,Structure,Excavation Depth,excavation_1500mm,1500 mm (5 ft),"Maximum standard excavation depth of 1500mm for residential construction. Required for deep bearing strata, very high water table zones, heavily loaded structures, or sites with highly compressible surface soils. Beyond this depth pile foundations are typically more economical.",South India,Warm-Humid|Hot-Dry|Temperate|Composite,Premium,4,18,10,Medium,2024-Q1,Karnataka PWD SOR 2024-25 deep earthwork + shoring rates; normalized per sqft,60,0,0,0,0,Low,Foundation depth is permanent - no replacement cycle,5,5,9,High,Non-Rated,0,10,No thermal contribution.,8,1,N/A,None,Raft foundation|Pile foundation|Isolated footing with plinth beam,Detailed geotechnical investigation report|Dewatering system|Shoring or trench support for safety,Mandatory in waterlogged plots and low-lying areas with high groundwater.,None,Trench safety shoring required at 1500mm depth per IS 3764,"At 1500mm depth, excavation trench walls must be shored or battered per IS 3764 safety requirements. Unsupported vertical trenches at this depth are a collapse risk to workers.",Strong-Warning,IS 1904; IS 3764; NBC 2016,At fifteen hundred millimetres you are at the limit of practical hand excavation and into territory where you need to seriously consider whether a pile foundation would be more economical. The main situations where I specify this depth are waterlogged plots near lakes or rivers in Bangalore and Chennai where the seasonal water table is high and you need to get well below it before encountering firm soil. At this depth you have mandatory safety requirements - IS 3764 requires either shoring the trench walls or battering them at a safe angle because unsupported vertical walls at 1.5m can collapse and kill workers. Always have dewatering in place before excavation begins and pour concrete the same day you reach formation level - do not leave an open 1.5m trench overnight.,Reaches deepest firm strata|Best for heavily loaded structures|Essential for waterlogged plots|Maximum foundation stability,Highest excavation cost|Mandatory shoring for worker safety|Dewatering essential|Consider pile foundation as alternative,1500mm deep excavation. Maximum standard residential depth. Trench shoring mandatory. Consider piles as alternative.,Active,None,AI
CONC-001,Structure,Concrete Mix,concrete_m15_pcc,M15 — Plain Cement Concrete (PCC),"M15 grade concrete (1:2:4 nominal mix, 15 N/mm² characteristic strength). Used exclusively for PCC applications - levelling courses, walkways, and lean concrete below foundations. NOT suitable for reinforced structural elements.",South India,Warm-Humid|Hot-Dry|Temperate|Composite,Basic,1,40,20,High,2024-Q1,CPWD DSR 2023 concrete items; Karnataka PWD SOR 2024-25; normalized per sqft of built-up area,50,1,25,0.3,0,Low,IS 456; BIS concrete durability data,5,8,5,Medium,Class A,0,10,High thermal mass - stores and releases heat. Requires insulation for comfort.,1,1,N/A,RCC structural elements|Beams|Columns|Slabs with reinforcement,Lean concrete below foundations|Flooring base course|Walkways|Plinth protection,None,None,NOT for use in reinforced structural elements - beams columns or slabs. PCC use only.,None,,,IS 456:2000; NBC 2016 Part 6,M15 is a PCC mix and using it for any reinforced element is a serious structural error that I see happen when clients try to save money on concrete grade. The nominal mix 1:2:4 gives 15 N/mm2 characteristic strength which is simply not enough for the steel to bond to properly and the element will fail under load. M15 has its place - it is the correct choice for the lean concrete layer you pour below your foundations to create a clean working surface and for non-structural walkways and plinth protection aprons. For anything that has steel in it you need M20 minimum. The other common mistake is using tap water mixed with river sand that has too much clay - always use measured water and check your sand quality. In coastal zones even M15 PCC needs proper curing for 14 days minimum or it will be porous and absorb moisture.,Lowest concrete cost|Adequate for non-structural PCC applications|Wide contractor familiarity,NOT suitable for RCC elements - structural failure risk|Lower durability than higher grades|Not suitable for exposed or aggressive environments,"M15 PCC only. Never use for reinforced beams, columns or slabs. For lean concrete and non-structural uses only.",Active,None,AI
CONC-002,Structure,Concrete Mix,concrete_m20_standard_rcc,M20 — Standard RCC,"M20 grade concrete (1:1.5:3 nominal mix, 20 N/mm² characteristic strength). Standard grade for all RCC elements in residential construction up to G+2. Most common choice for foundations, slabs, beams and columns in South India.",South India,Warm-Humid|Hot-Dry|Temperate|Composite,Intermediate,2,52,25,High,2024-Q1,CPWD DSR 2023; Karnataka PWD SOR 2024-25 RCC items; Bangalore market rate 2024,60,1,30,0.2,0,Low,IS 456; BIS concrete durability for moderate exposure,5,8,7,Medium,Class A,0,10,High thermal mass. Roof slab at M20 requires weathering course or insulation.,3,1,4.5,G+3 and above without structural engineer approval|Seismic Zone IV-V without upgrade,Strip foundation|Isolated footing|RCC roof slab|Beams|Columns up to G+2,Fe500 or Fe500D TMT steel|Vibrator for compaction|14-day curing,"In coastal zones (Mangalore, Chennai, Kochi) upgrade to M25 for better chloride resistance.",None,Use M25 in coastal zones or seismic zones III-IV for better durability,M20 in coastal areas has reduced durability due to chloride ingress. Consider M25 for any plot within 10km of the sea or in seismic zones III-IV.,Warning,IS 456:2000; ECBC 2017; NBC 2016,M20 is the workhorse of South India residential construction and for a G+1 or G+2 house on a normal plot it is the correct and adequate choice. The most important thing about M20 is not the grade itself but how it is made and cured on site. I have seen beautifully designed structures fail because the contractor added extra water to the mix to make it flow easier - every additional litre of water per bag of cement reduces the final strength by about 15 percent. Always insist on a fixed water-cement ratio and use a vibrator for compaction. The second most important thing is curing - M20 needs a minimum of 14 days of continuous wet curing. Covering with jute bags and keeping them wet morning and evening is not optional. A poorly cured M20 slab will have strength closer to M12 and will crack within two monsoons.,Standard grade for all residential RCC up to G+2|Wide contractor knowledge|Good durability for most South India conditions|Economical,Insufficient for G+3 and above without engineer review|Reduced chloride resistance in coastal zones|Quality highly dependent on site mixing discipline,M20 standard RCC for G+1-G+2. Most common residential grade. Curing for 14 days mandatory. Consider M25 for coastal plots.,Active,None,AI
CONC-003,Structure,Concrete Mix,concrete_m25_high_strength,M25 — High Strength RCC,"M25 grade concrete (design mix, 25 N/mm² characteristic strength). Required for G+3 and above residential construction and for all structural elements in seismic zones III and IV. Better durability and chloride resistance than M20.",South India,Warm-Humid|Hot-Dry|Temperate|Composite,Performance,3,62,28,High,2024-Q1,CPWD DSR 2023; Karnataka PWD SOR 2024-25; design mix premium over M20,70,1,35,0.15,0,Low,IS 456; BIS concrete durability for severe exposure,5,8,8,High,Class A,0,10,Higher density than M20 - slightly better thermal mass performance.,6,1,6,None,All structural systems|Seismic Zone III-IV construction,Design mix from RMC plant or certified batching|Fe500D TMT steel|Vibrator|21-day curing,Recommended for all coastal construction within 10km of sea. Mandatory for seismic zones III-IV.,None,Design mix from RMC plant strongly recommended over site batching for M25,M25 should ideally be supplied as Ready Mix Concrete (RMC) with a delivery challan showing the mix design. Site batching of M25 is unreliable without proper equipment and calibrated measures.,Warning,IS 456:2000; IS 10262; NBC 2016,M25 is where I draw the line for G+3 construction and coastal plots. The strength increase from M20 to M25 costs roughly 15-20 percent more but gives you significantly better protection against the two biggest concrete problems in South India - carbonation and chloride ingress from sea air and coastal humidity. The important thing about M25 is that it really should come from a Ready Mix Concrete plant because site batching at this grade without calibrated equipment and a proper mix design is unreliable. A poorly batched M25 can actually be weaker than a well-batched M20. Get the RMC delivery challan showing the mix design and slump value and insist on a vibrator for every pour. In seismic zones III and IV M25 with Fe500D steel is the minimum I will put my name on.,Required grade for G+3 and above|Better durability in coastal and humid conditions|IS recommended for seismic zones III-IV|Higher strength allows smaller member sizes,Higher cost than M20|Site batching unreliable - RMC plant recommended|Requires design mix not nominal mix,"M25 for G+3+, coastal plots, and seismic zones III-IV. Use RMC plant supply for reliable quality.",Active,None,AI
CONC-004,Structure,Concrete Mix,concrete_m30_structural_premium,M30 — Structural Premium,"M30 grade concrete (design mix, 30 N/mm² characteristic strength). Required for G+4 and above, heavily loaded transfer structures, prestressed elements, and construction in seismic zone V. Exclusively from RMC plant supply.",South India,Warm-Humid|Hot-Dry|Temperate|Composite,Premium,4,75,32,Medium,2024-Q1,RMC plant rates Bangalore/Hyderabad/Chennai 2024; M30 premium over M25; normalized per sqft,75,1,40,0.1,0,Low,IS 456; high-strength concrete durability data,5,8,10,Very High,Class A,0,10,Dense concrete - very high thermal mass.,10,1,8,None,All structural systems|Prestressed elements|Heavy commercial construction,Certified RMC plant with IS 4926 compliance|Fe500D or Fe550 TMT steel|Pump delivery for upper floors|28-day curing,None,None,RMC plant supply mandatory - site batching not acceptable for M30,M30 cannot be reliably produced by site batching. A certified RMC plant with a validated mix design is mandatory. Request the mix design report and delivery challan for every truck.,Strong-Warning,IS 456:2000; IS 10262; IS 4926,M30 is the grade I specify for G+4 residential buildings heavy transfer slabs over commercial spaces and seismic zone V construction. For most private residential construction on a plot in Bangalore or Chennai G+3 on M25 is sufficient and M30 is overkill that adds unnecessary cost. But if your structural engineer has specified M30 there is a reason - do not ask him to reduce the grade to save money. The absolute rule with M30 is that it must come from an RMC plant. There is no practical way to batch M30 reliably on site without a weigh batcher and calibrated equipment. Always request the mix design report from the RMC plant and check that the delivery challan matches the specified slump and water-cement ratio.,Maximum strength for tall structures|Seismic zone V compliance|Best durability and longevity|Smallest structural member sizes,Highest concrete cost|RMC plant supply mandatory|Requires pump placement for upper floors|Not needed for typical residential construction,"M30 for G+4+, seismic zone V, heavy loads. RMC plant supply mandatory. Not needed for typical residential construction.",Active,None,AI
STEEL-001,Structure,Steel Grade,steel_fe415,Fe 415 TMT Steel,Fe 415 grade TMT (Thermo-Mechanically Treated) reinforcement bars per IS 1786. Older BIS standard with 415 N/mm² yield strength. Still available but largely superseded by Fe 500 in modern construction.,South India,Warm-Humid|Hot-Dry|Temperate|Composite,Basic,1,28,8,Medium,2024-Q1,Steel market rate South India 2024; Fe415 is rare - estimate based on Fe500 minus 5%; normalized per sqft,60,0,0,0,0,Low,IS 1786; embedded steel lifespan = structure lifespan if no corrosion,5,5,6,Medium,Class A,0,10,No thermal contribution as embedded reinforcement.,3,1,4,G+3 and above without engineer review|Seismic zones III-V,M15 PCC|M20 RCC|Low-rise residential up to G+2,IS 1786 BIS certification mark on bars|Mill test certificate,In coastal zones corrosion protection (epoxy-coated bars or stainless) recommended.,None,Fe415 is largely obsolete - confirm availability and BIS mark before specifying,Fe415 has been largely phased out in favour of Fe500. Verify that BIS-certified Fe415 is available from your steel supplier before specifying it.,Warning,IS 1786:2008; NBC 2016,Fe415 is essentially legacy steel that you will struggle to find from reputable mills today. Most major producers have moved to Fe500 as their standard grade. The only reason to consider Fe415 is if you are matching existing construction in a renovation or extension project. For new construction there is no practical benefit over Fe500 - Fe500 gives you higher strength which means either stronger members for the same amount of steel or the same strength with less steel weight. If your contractor quotes you Fe415 ask him to show you the BIS certification mark on the bundle tag because there is a real risk of getting substandard steel labelled as Fe415 from small operators. Always insist on a mill test certificate from the manufacturer.,Available for legacy/matching work|Lower yield stress - slightly more ductile than Fe500 in old designs,Largely obsolete - hard to source certified material|Lower strength than Fe500|Requires more steel by weight for same structural performance|Not recommended for seismic zones,Fe415 is obsolete. Hard to source with BIS certification. Use Fe500 or Fe500D for all new construction.,Active,None,AI
STEEL-002,Structure,Steel Grade,steel_fe500,Fe 500 TMT Steel,Fe 500 grade TMT reinforcement bars per IS 1786. Current BIS standard with 500 N/mm² yield strength. Most widely used grade for residential construction in South India. Good strength-to-cost ratio.,South India,Warm-Humid|Hot-Dry|Temperate|Composite,Intermediate,2,32,8,High,2024-Q1,JSW/Tata/SAIL steel prices South India 2024; Fe500 standard grade; normalized per sqft built-up area,60,0,0,0,0,Low,IS 1786; embedded steel lifespan = structure lifespan if no corrosion,5,5,8,Medium,Class A,0,10,No thermal contribution as embedded reinforcement.,4,1,5,None,M20 and above concrete|All residential structural systems,IS 1786 BIS certification mark|Mill test certificate from manufacturer,In coastal zones within 5km of sea consider epoxy-coated Fe500 or upgrade to Fe500D.,None,Always check BIS certification mark on every bar bundle,Significant quantities of uncertified or mislabelled steel circulate in South India markets. Check the BIS certification mark and the rolling marks on the bar surface. Insist on a mill test certificate.,Warning,IS 1786:2008; NBC 2016,Fe500 is what I specify for the vast majority of residential projects and it is the right choice for G+1 to G+3 construction. The 500 N/mm2 yield strength means you need about 17 percent less steel by weight compared to Fe415 for the same structural performance which partially offsets the slightly higher per-tonne cost. The quality issue I cannot emphasise enough is the proliferation of fake or substandard steel in South India markets. I have tested bars from local dealers that failed at 350 N/mm2 while being sold as Fe500. The protection against this is simple - buy only from authorised distributors of major mills like Tata Tiscon SAIL JSW or RINL and insist on the mill test certificate. Check the BIS certification mark and the raised letters on the bar itself which encode the manufacturer and grade. Never buy steel without these marks regardless of the price advantage.,Current BIS standard - widely available|Good strength for residential construction|Better value than Fe415 (less weight for same strength)|Major mill products well certified,Fake/substandard steel common in market - buy from authorised dealers only|Not recommended for seismic zones III-IV (use Fe500D)|Moderate ductility compared to Fe500D,Fe500 standard grade for all residential construction. Buy from authorised dealer only - fake steel is common. Mill test certificate mandatory.,Active,None,AI
STEEL-003,Structure,Steel Grade,steel_fe500d_ductile,Fe 500D — Ductile Grade,Fe 500D grade TMT bars per IS 1786. Same 500 N/mm² yield strength as Fe500 but with enhanced ductility (higher elongation at failure) critical for seismic performance. The D suffix denotes ductile. Recommended for all seismic zone III and IV construction.,South India,Warm-Humid|Hot-Dry|Temperate|Composite,Performance,3,35,9,High,2024-Q1,JSW/Tata Tiscon Fe500D premium over Fe500; South India market 2024; normalized per sqft,60,0,0,0,0,Low,IS 1786; IS 13920 seismic ductility requirements,5,5,9,Medium,Class A,0,10,No thermal contribution as embedded reinforcement.,6,1,6,None,M20 and above concrete|All structural systems|Seismic zone III-IV construction,IS 1786 BIS certification mark with D designation|Mill test certificate showing UTS/YS ratio and elongation,None,None,Verify D grade marking on bars - plain Fe500 is sometimes supplied instead,Confirm the D grade designation on both the mill test certificate and the bar marking. Some suppliers substitute plain Fe500 for Fe500D. The bar rolling marks should include the D designation.,Warning,IS 1786:2008; IS 13920:2016; NBC 2016,Fe500D is my default specification for any new residential construction in South India and the cost premium over plain Fe500 is minimal - typically 3-5 percent per tonne. The reason to always choose the D grade is ductility. In an earthquake the energy is dissipated through controlled plastic deformation of the steel. Plain Fe500 can be brittle at failure whereas Fe500D has the higher elongation specified in IS 13920 which means it bends before it breaks giving occupants critical seconds to exit. Most of Karnataka is in seismic zone II to III and parts of the Western Ghats coast are zone III - this is not a theoretical risk. The practical issue is verification - always check that the mill test certificate shows the UTS/YS ratio above 1.25 and elongation above 16 percent as specified in IS 1786 for the D grade. These numbers are what make it seismically ductile.,Enhanced ductility critical for seismic performance|IS 13920 compliant for earthquake zones|Same strength as Fe500 with better failure behaviour|Minimal cost premium over Fe500,Slightly higher cost than plain Fe500|Must verify D grade marking - substitution risk|Not widely stocked at all small dealers,Fe500D ductile grade. Recommended for all South India construction. Verify D marking on bars and mill certificate. Small cost premium over Fe500.,Active,None,AI
STEEL-004,Structure,Steel Grade,steel_fe550,Fe 550 — High Strength,"Fe 550 grade TMT bars per IS 1786. 550 N/mm² yield strength - the highest standard grade for residential use. Allows reduction in steel quantity by approximately 10% compared to Fe500. For G+4 and above, seismic zone IV-V, and heavily loaded structures.",South India,Warm-Humid|Hot-Dry|Temperate|Composite,Premium,4,40,10,Medium,2024-Q1,SAIL/RINL Fe550 market rate South India 2024; normalized per sqft,60,0,0,0,0,Low,IS 1786; high-strength steel performance data,5,5,10,Medium,Class A,0,10,No thermal contribution as embedded reinforcement.,10,1,8,None,M25 and above concrete|G+4 and above structures|Heavy commercial construction,IS 1786 BIS certification mark|Structural engineer design approval|RMC M25+ concrete,None,None,Only specify when structural engineer has designed for Fe550 strength - not a drop-in replacement for Fe500,Fe550 changes the structural design - bar diameters and quantities will be different from an Fe500 design. Only use when your structural engineer has specifically designed for this grade.,Warning,IS 1786:2008; NBC 2016,Fe550 is specified by structural engineers for tall residential buildings and heavily loaded transfer structures where the higher yield strength allows a meaningful reduction in steel quantity and therefore construction cost at scale. For a typical 30x40 or 40x60 plot G+2 or G+3 house the cost saving does not justify the reduced availability and the need for a specific structural redesign. If your structural engineer has specified Fe550 it is because the member sizes or loading genuinely benefit from the higher grade - do not ask him to downgrade to Fe500 to save a few rupees because the design will need to be reworked. The availability of genuinely certified Fe550 is more limited than Fe500 so insist on major mill supply with test certificates.,Highest standard residential grade - maximum structural efficiency|Allows smaller member sizes for same load|Best for G+4+ and heavily loaded structures,Must be specifically designed for - not a drop-in replacement|Less widely available than Fe500/Fe500D|Higher cost|Requires M25+ concrete to realise full benefit,Fe550 high strength for G+4+ and heavily loaded structures. Must be specifically designed for. Not a direct substitute for Fe500.,Active,None,AI
DPC-001,Structure,Damp Proof Course,dpc_cement_mortar,Cement Mortar DPC (1:3),Damp Proof Course using 20mm thick cement mortar in 1:3 ratio (cement:sand) applied at plinth level. Standard economical DPC method widely used across South India for residential construction.,South India,Warm-Humid|Hot-Dry|Temperate|Composite,Basic,1,3,2,High,2024-Q1,Karnataka PWD SOR 2024-25 plastering rates; DPC application normalized per sqft of wall footprint,20,0.8,20,0.8,0,Low,IS 3067; cement mortar DPC typical lifespan 15-25 years,5,5,6,Medium,Class A,0,10,No significant thermal contribution.,20,1,N/A,None,All wall systems|All foundation types,Cement OPC 43 or 53 grade|Clean river sand|Proper curing for 7 days,In very high rainfall areas (above 2500mm annual) or flood-prone plots upgrade to bituminous felt or polymer membrane.,None,Apply while base concrete is green - not on dry hardened surface,Cement mortar DPC must be applied while the base concrete below is still slightly green (within 24-48 hours of pour) for good bond. Application on a dry dusty surface fails within a few years.,Warning,IS 3067; IS 2212,Cement mortar DPC is the standard choice for most residential construction in Karnataka and Tamil Nadu and it works adequately when applied correctly. The most common failure I see is contractors applying it on a dusty dry surface days after the base concrete has cured - the mortar then has no bond and peels away within a few monsoons allowing moisture to wick up the wall. The DPC must go down while the concrete below is still slightly green and the surface must be wetted and cleaned of dust before application. The 1:3 ratio is important - contractors sometimes use 1:4 or 1:5 to save cement and the result is a porous layer that does not stop moisture. For plots in normal rain zones with no flooding risk cement mortar DPC is the correct and economical choice.,Lowest cost|Widely understood by all masons|Adequate for most South India plots|Easy repair if damaged,Shorter lifespan than bituminous or polymer options|Less effective in flood-prone areas|Requires correct application timing for good bond|Degrades if repeatedly saturated,Standard cement mortar DPC. Apply on green concrete within 48 hours. Use 1:3 ratio only. Adequate for most residential plots.,Active,None,AI
DPC-002,Structure,Damp Proof Course,dpc_bituminous_felt,Bituminous Felt DPC,"Damp Proof Course using bitumen-impregnated hessian felt (Type 1 or Type 2 per IS 1322) sandwiched between cement mortar beds at plinth level. Better moisture barrier than plain cement mortar, moderate cost.",South India,Warm-Humid|Hot-Dry|Temperate|Composite,Intermediate,2,8,4,High,2024-Q1,IS 1322 bitumen felt material cost; contractor application rate; Karnataka PWD SOR 2024-25 reference,30,0.6,30,0.6,0,Low,IS 1322; bitumen felt lifespan 25-35 years in embedded condition,5,5,7,High,Class B,0,10,No significant thermal contribution.,20,1,N/A,None,All wall systems|All foundation types,IS 1322 Type 1 or Type 2 bitumen felt|Hot bitumen or cold bitumen adhesive|Cement mortar bed above and below,Good choice for high rainfall areas. For flood-prone plots with regular inundation upgrade to polymer membrane.,None,Overlap felt sheets by minimum 100mm at joints,Bituminous felt sheets must overlap by minimum 100mm at all joints and the joint must be sealed with hot or cold bitumen adhesive. Gaps at joints create moisture entry points that defeat the DPC purpose.,Warning,IS 1322; IS 3067,Bituminous felt DPC is a meaningful upgrade over plain cement mortar and the cost difference is modest - maybe Rs 5-8 per sqft of wall length. The felt creates a genuine continuous impermeable barrier that cement mortar cannot match. The key to installation is overlapping the sheets by at least 100mm at every joint and sealing with bitumen adhesive because any gap will be found by capillary moisture within a few years. I recommend this option for any plot in a coastal or high-rainfall zone or where the finished floor level is less than 600mm above external ground. The typical lifespan is 25-35 years in embedded condition which covers most of the useful life of the building.,Better moisture barrier than cement mortar|30-year lifespan|Moderate cost|Good for high-rainfall zones,Higher cost than cement mortar DPC|Joint lapping and sealing critical|Not suitable for regularly flooded plots|Some fire rating reduction vs cement only,Bituminous felt DPC. Better than cement mortar. Overlap sheets 100mm minimum and seal joints with bitumen. Good for high-rainfall zones.,Active,None,AI
DPC-003,Structure,Damp Proof Course,dpc_polymer_membrane,Polymer-Modified Membrane DPC,"High-performance DPC using polymer-modified bitumen membrane (torch-applied or self-adhesive) at plinth level. Best moisture resistance available. Recommended for flood-prone plots, waterlogged sites, and premium construction.",South India,Warm-Humid|Hot-Dry|Temperate|Composite,Premium,3,18,8,Medium,2024-Q1,STP/Fosroc/Pidilite polymer DPC membrane rates South India 2024; torch-applied; normalized per sqft of wall length,40,0.5,40,0.5,0,Low,Polymer membrane DPC manufacturer warranty 15-25 years; practical lifespan 35-50 years embedded,5,5,9,Very High,Class B,0,10,No significant thermal contribution.,20,1,N/A,None,All wall systems|All foundation types|Basement construction,IS 16210 compliant polymer modified bitumen membrane|Torch or heat gun for application|Primer coat on concrete surface|Trained waterproofing applicator,Essential for flood-prone plots. Best choice for plots adjacent to lakes or rivers or in low-lying areas.,None,Trained applicator required - torch-applied membrane needs certified installer,Torch-applied polymer membranes require a trained and experienced installer. Incorrect torch application causes membrane burning or inadequate bonding. Use a manufacturer-certified applicator.,Warning,IS 16210; manufacturer installation guidelines,Polymer modified membranes are the premium choice for DPC and for any plot that has even a moderate flood or waterlogging risk they are worth every rupee. The torch-applied APP or SBS membranes from brands like STP Fosroc or Pidilite create a seamless monolithic barrier that is genuinely impermeable and has flexibility to handle minor structural movement without cracking. The critical requirement is a trained applicator - this is not something an ordinary mason can do. The torch application temperature must be correct and the membrane must be fully bonded with no air bubbles or the moisture will find the void. For premium construction or any plot in a low-lying area I specify polymer membrane DPC automatically. The extra cost over cement mortar DPC is recovered in the first monsoon when your neighbours have rising damp and you do not.,Best moisture resistance available|40-year lifespan|Essential for flood-prone plots|Handles minor structural movement without cracking|Seamless application,Highest DPC cost|Requires trained torch applicator|Cannot be done by ordinary mason|Primer coat required before application,Polymer membrane DPC. Best protection available. Torch-applied by certified installer. Essential for flood-prone or low-lying plots.,Active,None,AI
PLINTH-001,Structure,Plinth Height,plinth_450mm,450 mm (1.5 ft),Plinth height of 450mm above external ground level. Suitable for gently sloped or well-drained level plots with no flooding history. Minimum typically allowed by most South India municipal codes.,South India,Warm-Humid|Hot-Dry|Temperate|Composite,Basic,1,8,5,High,2024-Q1,Karnataka PWD SOR 2024-25 filling and masonry rates; normalized per sqft of footprint,60,0,0,0,0,Low,Permanent structural element - no replacement cycle,5,5,6,Low,Class A,0,10,No thermal contribution.,20,1,N/A,None,All structural systems,None,Not recommended for high rainfall zones above 1500mm annual precipitation or low-lying areas.,None,Verify no flooding history in last 20 years before accepting 450mm plinth,450mm plinth is only safe if the plot has confirmed good drainage and no flooding history. Check with neighbours and local records about waterlogging during heavy monsoon events.,Warning,NBC 2016; Local municipal building regulations,Four fifty millimetres is the bare minimum I would accept for a plinth and only in very specific conditions - a plot with excellent drainage on gently sloping terrain in a city like Bangalore where the surrounding streets are well above the finished road level. In most South India contexts this height is too low. The problem is not the average monsoon but the extreme monsoon - in 2022 and 2015 Bangalore had rainfall events that flooded areas that had never flooded before and houses with 450mm plinths took water in while 600mm plinths were safe. Before accepting this height walk around your plot during heavy rain and check the drainage direction and ask your neighbours about the worst flooding they have seen.,Lowest construction cost|Easiest access - fewer steps|Minimises filling material quantity,Vulnerable to even moderate flooding|Not suitable for low-lying or high-rainfall areas|Difficult to raise later without major work,450mm plinth - minimum height. Only for well-drained level plots with confirmed no flooding history.,Active,None,AI
PLINTH-002,Structure,Plinth Height,plinth_600mm,600 mm (2 ft),Standard plinth height of 600mm above external ground level. Most common specification across Karnataka and Tamil Nadu for residential construction. Provides adequate protection against normal monsoon runoff and minor surface flooding.,South India,Warm-Humid|Hot-Dry|Temperate|Composite,Intermediate,2,12,7,High,2024-Q1,Karnataka PWD SOR 2024-25; standard residential specification; normalized per sqft,60,0,0,0,0,Low,Permanent structural element - no replacement cycle,5,5,7,Medium,Class A,0,9,No thermal contribution.,20,1,N/A,None,All structural systems,None,Consider 750mm for high-rainfall zones above 2000mm annual precipitation.,None,None,,,NBC 2016; BBMP/TNPCB building bylaws,Six hundred millimetres is the standard I specify for most residential plots in Bangalore Chennai and Hyderabad and it is the right default choice for any plot in a normal residential layout with good surrounding infrastructure. Two feet of clearance above external ground provides good protection against the sheet flow you get during a heavy monsoon hour. The vastu consideration is real - traditional Indian architecture always raised the plinth to symbolically separate the sacred interior from the external ground and practically to keep out insects and moisture. From a purely practical standpoint the 600mm plinth also gives you a useful visual base to the building and allows the DPC to function properly. The only reason to go lower is site access for elderly residents.,Standard height for most South India conditions|Good monsoon protection|Acceptable by most municipal codes|Wide contractor familiarity,Insufficient for flood-prone or low-lying plots|Creates access step for elderly/wheelchair users|More filling material than 450mm,600mm standard plinth. Best default for most South India plots. Upgrade to 750mm for high rainfall or low-lying areas.,Active,None,AI
PLINTH-003,Structure,Plinth Height,plinth_750mm,750 mm (2.5 ft),"Elevated plinth of 750mm above external ground level. Recommended for flood-prone areas, low-lying plots, and zones with annual rainfall above 2000mm. Also specified for plots adjacent to water bodies or in areas with poor municipal drainage.",South India,Warm-Humid|Hot-Dry|Temperate|Composite,Performance,3,16,9,High,2024-Q1,Karnataka PWD SOR 2024-25; elevated plinth filling and masonry; normalized per sqft,60,0,0,0,0,Low,Permanent structural element - no replacement cycle,5,5,8,High,Class A,0,8,No thermal contribution.,20,1,N/A,None,All structural systems,Well-compacted filling material|Steps or ramp for access,"Recommended for plots in Kerala, coastal Karnataka and coastal Tamil Nadu where annual rainfall exceeds 2000mm.",None,Provide steps or access ramp - 750mm requires at least 3 steps at entry,"At 750mm plinth height, at least 3 steps are required at entry points. Design adequate landing areas for safety and consider a ramp for elderly residents.",Warning,NBC 2016; IS 3764 accessibility,Seven fifty millimetres is my recommendation for any plot that shows even a hint of flooding risk or is in a high-rainfall coastal zone. The extra 150mm over the standard 600mm costs very little in absolute terms - maybe Rs 4-5 per sqft of footprint more - but gives you meaningful additional protection against that once-in-ten-years extreme rainfall event. I specifically recommend this for plots in Mangalore Udupi Kochi and the Kerala coast where heavy rain events routinely put 400-500mm of rain down in 24 hours and urban drainage systems cannot handle it. The access steps are a real consideration - three steps at 250mm each means you need a proper landing design. Include a ramp for elderly household members.,Good protection against moderate flooding events|Recommended for coastal and high-rainfall zones|Better vastu compliance - elevated dignified entry|Reduces termite and insect access,Requires 3+ entry steps - access challenge for elderly|More filling material and cost than 600mm|Taller compound wall needed at boundary,"750mm elevated plinth. Recommended for coastal, high-rainfall zones and low-lying plots. Plan 3 access steps and ramp for elderly.",Active,None,AI
PLINTH-004,Structure,Plinth Height,plinth_900mm,900 mm (3 ft),"High plinth of 900mm above external ground level. Required for heavily flood-prone plots, low-lying land near lakes or rivers, or areas with documented extreme flooding history. Maximum practical plinth height for residential construction.",South India,Warm-Humid|Temperate,Premium,4,22,12,Medium,2024-Q1,Karnataka PWD SOR 2024-25; high plinth filling and masonry; normalized per sqft,60,0,0,0,0,Low,Permanent structural element - no replacement cycle,5,5,9,Very High,Class A,0,6,No thermal contribution.,20,1,N/A,None,All structural systems,Well-compacted filling in 150mm lifts with plate compaction|Steps minimum 4|Ramp for wheelchair or elderly access,Primarily relevant for high-rainfall coastal zones and flood-prone areas.,None,Mandatory ramp or step with handrail at all entry points for 900mm plinth,At 900mm (3 feet) a minimum of 4 steps are required. A proper handrail and preferably a ramp are mandatory for safety and elderly access. Design this into the site plan.,Strong-Warning,NBC 2016; IS 3764,Nine hundred millimetres is the maximum practical plinth height for residential construction and I specify it only when the flooding risk is clearly documented and severe - plots adjacent to Bangalore lakes that overflowed in the 2022 floods plots near Chennai rivers in the Adyar basin or low-lying Kerala coastal plots with historical inundation. The practical challenge is access - four steps at 225mm is a significant climb and you absolutely must design a ramp for any elderly household member or future mobility needs. The compaction of filling material at this height is critical - if you fill loosely to 900mm and do not compact in 150mm lifts with a plate compactor the filling will settle over the first two monsoons and you will have a floor that slopes toward the walls causing serious dampness issues.,Maximum flood protection for high-risk sites|Essential for documented flood-prone plots|Reduces all ground-borne moisture and pest risk,Highest cost and filling material|Mandatory ramp for elderly access|Significant access steps|Compaction quality critical to prevent settlement,900mm maximum residential plinth. Only for documented flood-prone plots. Mandatory ramp for elderly. Compaction in 150mm lifts essential.,Active,None,AI
PFILL-001,Structure,Plinth Filling,plinth_fill_murrum,Murrum / Laterite Filling,"Plinth filling using locally sourced murrum (decomposed rock) or laterite material. Available across Karnataka, Tamil Nadu and parts of Andhra Pradesh. Good compaction characteristics, economical, and widely used for residential plinth filling.",South India,Warm-Humid|Hot-Dry|Temperate|Composite,Basic,1,4,3,High,2024-Q1,Local murrum supply South India 2024; transport within 30km; compaction labor; normalized per sqft of plinth area,60,0,0,0,0,Low,Permanent fill - no replacement cycle if properly compacted,5,5,7,Medium,Non-Rated,0,10,No thermal contribution.,20,1,N/A,None,All foundation and plinth systems,Plate compactor|Water for compaction moisture|Compaction test every 300mm lift,In waterlogged areas murrum can become soft when saturated - consider quarry dust or sand for better drainage.,None,Compact in 150mm layers with plate compactor - not by hand tamping alone,Plinth filling must be compacted in maximum 150mm layers using a plate compactor. Hand tamping alone does not achieve adequate compaction and leads to floor settlement.,Strong-Warning,IS 1892; NBC 2016 Part 6,Murrum filling is the right choice for most Karnataka projects because it is the natural decomposed rock material from the same laterite geology and it compacts extremely well when wet. The key word is compaction - I have seen more floor settlement and cracking from badly compacted plinth filling than from any other cause. The fill must go in at maximum 150mm layers and each layer must be compacted with a plate compactor and wetted to optimum moisture content. I always insist on a field density test at every 300mm of fill height before moving to the next layer. The contractor who says plate compaction is not needed and hand tamping is fine is cutting corners - do not accept it. The cost of a plate compactor rental is trivial compared to the cost of relaying a settled floor.,Most economical filling material|Locally available across South India|Good compaction characteristics|Adequate for most residential plinth filling,Can become soft when waterlogged|Requires proper compaction in layers|Transport cost if site far from source|Not ideal for poorly drained sites,Murrum/laterite plinth filling. Economical and widely available. Compact in 150mm lifts with plate compactor - critical to prevent settlement.,Active,None,AI
PFILL-002,Structure,Plinth Filling,plinth_fill_river_sand,River Sand Filling,"Plinth filling using clean river sand (or M-sand). Easier to compact than murrum, drains well, and provides a stable base. Higher cost than murrum due to transport and scarcity. Good choice for areas where good murrum is not locally available.",South India,Warm-Humid|Hot-Dry|Temperate|Composite,Intermediate,2,7,4,Medium,2024-Q1,River sand market rate South India 2024 (scarcity premium); M-sand alternative rate; normalized per sqft,60,0,0,0,0,Low,Permanent fill - no replacement cycle if properly compacted,5,5,7,High,Non-Rated,0,10,No thermal contribution.,20,1,N/A,None,All foundation and plinth systems,Plate compactor|Clean sand free of organic material|Moisture control during compaction,Sand filling settles faster in high-rainfall zones if not well compacted.,None,Use clean washed sand - organic or silty sand compacts poorly and causes settlement,River sand filling must be clean and free of organic material or silt. Test by squeezing a wet handful - if it leaves mud stains it has too much clay/silt and will settle.,Warning,IS 1892; Karnataka Sand Mining Policy,River sand filling is more expensive than murrum because of the ongoing sand scarcity in Karnataka and Tamil Nadu due to mining restrictions. In areas where murrum is not available it is a good second choice because sand compacts well and drains better than clay-heavy murrum. The important caveat is the sand quality - Karnataka has a significant market for inferior silty sand that passes as river sand but has too much clay content. Squeeze a wet handful tightly and look at the residue on your palm - genuine clean river sand leaves almost no stain whereas silty sand leaves a muddy deposit. Clean manufactured sand (M-sand) from a reputable plant is actually a better and more consistent alternative to river sand for plinth filling and I often prefer it. Compact in 150mm layers with the plate compactor as with murrum.,Good drainage characteristics|Easy to compact|Better drainage than murrum in waterlogged areas|M-sand substitute widely available,Higher cost than murrum due to scarcity|Quality variable - silt content must be checked|Environmental concern with river sand extraction|Requires clean material free of organics,River sand plinth filling. Check quality - reject silty sand. M-sand is a good alternative. Compact in 150mm lifts.,Active,None,AI
PFILL-003,Structure,Plinth Filling,plinth_fill_quarry_dust,Quarry Dust (M-Sand) Filling,"Plinth filling using quarry dust or manufactured sand (M-sand) from stone crushing. Widely available in Karnataka and Tamil Nadu from stone quarries. Good drainage, controlled gradation, and consistent quality. Increasingly preferred over river sand due to availability and cost.",South India,Warm-Humid|Hot-Dry|Temperate|Composite,Performance,3,6,4,High,2024-Q1,Quarry dust market rate Karnataka/Tamil Nadu 2024; widely available near stone quarries; normalized per sqft,60,0,0,0,0,Low,Permanent fill - no replacement cycle if properly compacted,5,5,8,High,Non-Rated,0,10,No thermal contribution.,20,1,N/A,None,All foundation and plinth systems,Plate compactor|Water for compaction|IS 383 compliant M-sand from certified plant,None,None,Source from IS 383 certified plant - not all quarry dust has consistent gradation,Quarry dust gradation varies significantly between suppliers. Source from a plant certified to IS 383 for consistent particle size. Poorly graded quarry dust with too many fines can compact poorly.,Warning,IS 1892; IS 383 M-sand specification,"Quarry dust and manufactured M-sand have become my preferred plinth filling material for Karnataka projects because the supply is consistent independent of monsoon-linked river sand availability and the government has been regulating river sand mining heavily. A good IS 383 certified M-sand from a reputable plant has controlled gradation which means it compacts predictably and drains well. The downside is that not all quarry dust operations are equal - some produce dust with too many fine particles that behave more like silt and compact poorly. Always ask for the IS 383 certificate from the M-sand plant. The compaction procedure is the same as for murrum - 150mm layers, plate compactor, optimum moisture. The cost is typically between murrum and river sand making it an excellent middle ground.",Widely available across Karnataka and Tamil Nadu|Consistent quality from certified plants|Good drainage|No environmental mining restrictions|Good compaction characteristics,Quality varies between suppliers - IS 383 certification needed|Dust can be a nuisance on site|Some fine particle content can affect compaction if poorly graded,Quarry dust/M-sand filling. Best availability in Karnataka. Source from IS 383 certified plant. Compact in 150mm lifts.,Active,None,AI
UWT-001,Systems,Underground Water Tank,no_underground_tank,No Underground Sump,"No underground water storage sump. Relies entirely on municipal water supply or overhead tank fed directly from direct supply. Only viable if municipal supply is continuous, reliable and of adequate pressure throughout the day.",South India,Warm-Humid|Hot-Dry|Temperate|Composite,Basic,1,0,0,High,2024-Q1,No capital cost,0,0,0,0,0,Low,No sump - no lifecycle,5,5,5,Medium,Non-Rated,0,10,No thermal contribution.,20,1,N/A,None,All structural systems,Reliable continuous municipal water supply|Direct supply pressure adequate for overhead tank fill,Not recommended anywhere in South India outside premium gated communities with assured 24/7 supply.,None,Not recommended unless municipal supply is confirmed as 24/7 continuous and reliable,No underground sump is a significant risk in most South India cities. BBMP supplies water for 30-45 minutes twice daily in most areas. Without a sump there is no buffer for supply interruptions or tanker water.,Strong-Warning,BWSSB/CMWSSB/HMWSSB supply data,I have never recommended building without an underground sump in any South India location outside a very small number of premium gated communities that have their own borewell and treatment plant with 24-hour supply. In the real world BBMP supplies water for 30-45 minutes twice a day on average and many areas of Bangalore get water on alternate days. Without a sump there is simply no storage buffer. When supply comes you need to be able to capture it all. When supply fails you need reserves. A house without a sump is completely dependent on water tankers when supply is disrupted and tanker water in Bangalore costs Rs 800-1200 per load. The sump is non-negotiable infrastructure for 95 percent of South India plots.,Zero upfront cost|No space consumption below ground,Not viable in 95% of South India locations|No buffer for supply interruption|Cannot store tanker water|Completely dependent on continuous municipal supply,No sump. Only viable with confirmed 24/7 continuous municipal supply. Not recommended for most South India plots.,Active,None,AI
UWT-002,Systems,Underground Water Tank,sump_plastic_sintex,Pre-Moulded Plastic Sump (Sintex),"Factory-manufactured polyethylene or FRP underground water tank. Sintex and similar brands offer 2000-10000 litre capacity below-ground tanks. Quick installation, low cost, but shorter lifespan than RCC. Good for smaller plots or budget-constrained construction.",South India,Warm-Humid|Hot-Dry|Temperate|Composite,Intermediate,2,5,3,High,2024-Q1,Sintex/Penguin underground sump market rate 2024; 5000L standard residential; normalized per sqft,15,0.7,5,0.1,0.005,Low,Sintex underground tank rated lifespan 15 years; UV and pressure degradation,5,5,5,High,Non-Rated,0,10,No thermal contribution.,20,1,N/A,None,All structural systems,Excavation to tank dimensions|Sand bedding below tank|Concrete collar around top|Pump and motor,In high water table areas the empty plastic tank can float upward. Ensure concrete collar anchoring.,None,Concrete collar anchoring mandatory in high water table plots to prevent flotation,An empty plastic sump in a high water table area can float upward displacing the ground above. A reinforced concrete collar anchoring the tank is mandatory in such locations.,Warning,Sintex installation guidelines; IS 12592,The plastic Sintex-style sump is the quick economical solution and it works fine for plots where budget is tight and long-term planning is flexible. The honest limitation is lifespan - the polyethylene material degrades with UV exposure at the exposed top and the tank walls can deform under soil pressure over 10-15 years. I see significant deformation in Sintex underground sumps older than 12 years particularly in sandy soils where the tank has more freedom to move. For a house you plan to live in for 20-30 years I recommend the RCC sump as the first choice. But for a rental property or a budget build where a sump replacement in 15 years is acceptable the plastic sump is a valid choice and the installation is straightforward taking one or two days versus a week for RCC.,Low cost|Fast installation - 1-2 days|Factory manufactured - no quality variation|Easy to clean through manhole|Good for budget construction,15-year lifespan - replacement needed|Can deform under soil pressure|Risk of flotation in high water table|Cannot be expanded later|Less volume per cost than RCC,Plastic Sintex sump. 15-year lifespan. Anchor with concrete collar in high water table areas. Good budget option.,Active,None,AI
UWT-003,Systems,Underground Water Tank,sump_ferro_cement,Ferro-Cement Sump,"Underground water sump constructed using ferro-cement technology (thin cement mortar over wire mesh layers). Lighter than RCC, faster construction, and moderate cost. Lifespan of 20-30 years. Common in Kerala and Tamil Nadu.",South India,Warm-Humid|Hot-Dry|Temperate|Composite,Performance,3,10,6,Medium,2024-Q1,Ferro-cement sump contractor rates Tamil Nadu/Kerala 2024; normalized per sqft,25,0.6,10,0.15,0.005,Medium,ACI 549; ferro-cement water tank performance data; 20-30 year typical lifespan,5,5,7,High,Non-Rated,0,10,No thermal contribution.,20,1,N/A,None,All structural systems,Galvanised wire mesh layers|Cement mortar with waterproofing admixture|Skilled ferro-cement mason|Bitumen coating on exterior|Pump and motor,In high water table areas additional exterior waterproofing critical to prevent seepage into tank.,None,Bitumen exterior coating mandatory to prevent groundwater contamination of stored water,Ferro-cement sump exterior must be coated with bitumen or cementitious waterproofing. Without this groundwater can seep through the thin shell contaminating stored drinking water.,Warning,ACI 549; IS 6509 ferro-cement practice,Ferro-cement sumps are popular in Tamil Nadu and Kerala because there is a tradition of skilled ferro-cement workers there who can produce a good quality tank at lower cost than RCC. The technology is sound - the thin cement mortar over multiple layers of wire mesh produces a strong waterproof shell. The main vulnerability is the exterior - the thin shell needs good bitumen coating on the outside to prevent groundwater from seeping in through the porous mortar and contaminating the stored water. The quality is very dependent on the skill of the mason particularly in the mortar application consistency. If you can find a good experienced ferro-cement mason and you are on a moderate budget this is a better choice than the Sintex plastic tank for longevity.,Better lifespan than plastic sump|Lighter than RCC - faster construction|Lower cost than RCC sump|Custom shapes possible|Good choice for Kerala/Tamil Nadu where skilled workers available,Skill-dependent quality|Exterior waterproofing mandatory|Shorter lifespan than RCC|Less available in Karnataka,Ferro-cement sump. 25-year lifespan. Exterior bitumen coating mandatory. Quality depends on mason skill.,Active,None,AI
UWT-004,Systems,Underground Water Tank,sump_rcc_insitu,RCC Sump (In-Situ Cast),"Underground water sump cast in-situ using M20/M25 reinforced cement concrete with waterproofing admixture. Highest durability, 40+ year lifespan. Standard premium specification for residential construction. Typically 5000-15000 litres capacity.",South India,Warm-Humid|Hot-Dry|Temperate|Composite,Premium,4,18,12,High,2024-Q1,RCC sump construction Bangalore/Chennai contractor rates 2024; M20 concrete + steel + waterproofing admixture; normalized per sqft,45,0.5,15,0.08,0.005,Low,IS 3370 water-retaining structures; RCC sump lifespan data,5,5,9,Very High,Non-Rated,0,10,No thermal contribution.,20,1,N/A,None,All structural systems,M20 or M25 concrete with waterproofing admixture (Fosroc/STP)|Fe500 steel reinforcement|Pump and motor|Manhole cover (CI)|Ventilation pipe,None,None,Waterproofing admixture mandatory in concrete mix - do not skip,RCC sump concrete must include a waterproofing admixture (Crystalline type - Krystol or Xypex preferred) in the mix. This is a water-retaining structure and ordinary RCC will develop hairline cracks that allow water to seep through the slab.,Warning,IS 3370; IS 456; waterproofing admixture manufacturer guidelines,The RCC sump is the first thing I specify and the last thing I am willing to compromise on for any house that the owner plans to live in. A properly built RCC sump with waterproofing admixture in the mix will outlast the house itself. The critical points are the waterproofing admixture - use a crystalline type like Krystol or Xypex added to the concrete mix not a surface coating - and the steel coverage. IS 3370 requires 40mm clear cover for water-retaining structures which is more than the 25mm used for normal structural work because the reinforcement in a sump is exposed to water on one side and soil on the other. I also always specify a CI manhole cover with lock and a ventilation pipe because an unventilated sump can develop anaerobic conditions. Get the sump built before the ground floor slab is cast because accessing the sump location after is very difficult.,40+ year lifespan - outlasts the building|No risk of flotation or deformation|Can be built to any size|Highest water quality protection|Zero maintenance once correctly built,Highest cost|Takes 5-7 days to construct|Must be built before ground floor slab is cast|Requires waterproofing admixture and correct steel coverage,RCC sump. Best choice for 40+ year lifespan. Waterproofing admixture mandatory. Build before ground floor slab is cast.,Active,None,AI
WCFG-001,Envelope,Wall Configuration,wall_single_wythe,Single Wythe Wall,"Standard single thickness wall construction. One layer of masonry units (brick, AAC, or block) bonded with mortar. The most common wall configuration in South India residential construction. Economical and adequate for inland locations with moderate thermal requirements.",South India,Warm-Humid|Hot-Dry|Temperate|Composite,Basic,1,0,0,High,2024-Q1,Configuration modifier - base cost in wall material selection,50,1,20,0.05,0.005,Low,Wall configuration lifespan equals wall material lifespan,4,5,7,Medium,Class A,-0.05,10,Single masonry layer. Moderate thermal mass. Higher heat transmission than cavity configurations.,6,1,N/A,None,All masonry wall materials|RCC frame structures,Wall material (B2 selection)|Appropriate mortar (B4 selection),Not recommended for coastal zones within 5km of sea without additional waterproofing.,None,None,,,NBC 2016; ECBC 2017,Single wythe is the standard for the vast majority of residential buildings across South India and it is the correct choice for most situations. The thermal performance depends almost entirely on the wall material chosen in B2 - an AAC block single wythe performs significantly better than a solid clay brick single wythe. Where single wythe walls become inadequate is in very hot coastal zones like Chennai south or Andhra coast where the combination of high temperatures and salt-laden humid air drives serious heat gain through thin walls. For those locations cavity or insulated configurations make a real difference. For typical Bangalore or Mysore residential construction single wythe is the right call.,Most economical configuration|Widest contractor familiarity|Standard for most South India conditions|Adequate thermal performance with modern wall materials,Lower thermal performance than cavity configurations|Not suitable for high-heat coastal zones|Less acoustic performance than cavity walls,Standard single wythe wall. Correct for most South India inland residential. Performance depends on wall material choice.,Active,None,AI
WCFG-002,Envelope,Wall Configuration,wall_cavity,Cavity Wall (Air Gap),"Double-leaf wall construction with an air gap (50-75mm) between two masonry wythes tied with wall ties. The trapped air significantly reduces heat transmission and provides a moisture break. Recommended for coastal zones, high-humidity regions, and premium thermal performance.",South India,Warm-Humid|Hot-Dry|Temperate|Composite,Performance,2,15,8,Medium,2024-Q1,Additional masonry and wall tie cost over single wythe; Karnataka PWD SOR 2024-25 reference; normalized per sqft,50,1,20,0.05,0.005,Medium,Cavity wall lifespan equals wall material lifespan; cavity must remain clear,7,7,8,High,Class A,0.15,10,Air cavity significantly reduces heat transmission. U-value reduction 25-35% vs single wythe. ECBC 2017.,4,1,N/A,None,Brick masonry|AAC block|RCC frame structures,Stainless steel or galvanised wall ties at 900mm centres|Cavity fill weep holes at base|Cavity clear of mortar droppings,Strongly recommended for coastal zones within 20km of sea. High value in Warm-Humid and Hot-Dry climates.,None,Cavity must be kept clean of mortar droppings during construction to maintain air gap function,The cavity air gap loses its thermal benefit if filled with mortar droppings during construction. A clean cavity board or cover must be used during each masonry course and removed to clean the cavity. Inspect cavity with endoscope before closing the wall.,Warning,NBC 2016; IS 1905; ECBC 2017,Cavity walls are standard practice in the UK and Singapore for good reasons and I strongly recommend them for any construction within 20 kilometres of the South India coast or in zones with high humidity and heat gain. The 50-75mm air gap reduces heat transmission through the wall by 25-35 percent compared to single wythe which translates directly into lower air conditioning loads. The other benefit in coastal areas is the moisture break - salt moisture that penetrates the outer leaf cannot cross the air gap to the inner leaf preventing efflorescence and spalling on internal surfaces. The contractor must use a clean cavity board at each course and pull it up clean to remove mortar droppings. If mortar droppings fill the cavity you get thermal bridging through the solid mortar path and the benefit is lost. This is not difficult to do properly but many contractors are not familiar with the technique and need supervision.,25-35% reduction in heat gain vs single wythe|Moisture break for coastal areas|Better acoustic performance|Reduced AC loads over building life,Higher cost than single wythe|Thicker wall reduces internal floor area|Cavity must be kept clean during construction - supervision needed|Wall tie corrosion over time,Cavity wall with air gap. Best for coastal zones and high-humidity areas. Keep cavity clean of mortar droppings during construction.,Active,None,AI
WCFG-003,Envelope,Wall Configuration,wall_insulated_cavity,Insulated Cavity Wall,"Cavity wall with the air gap partially or fully filled with rigid insulation board (EPS, XPS or Glasswool). Provides maximum thermal resistance. Premium configuration for passive cooling and energy-efficient construction targeting ECBC or IGBC compliance.",South India,Hot-Dry|Warm-Humid,Premium,3,28,12,Medium,2024-Q1,Cavity wall cost plus EPS/XPS board fill; Bangalore insulation contractor rates 2024; normalized per sqft,40,0.8,25,0.1,0.005,Medium,Insulation material lifespan 25-40 years embedded in cavity; outer masonry lifespan 50 years,9,8,8,High,Class B,0.25,10,Insulated cavity reduces wall U-value to ECBC compliant levels. 40-50% heat gain reduction vs single wythe.,4,1,N/A,None,Brick masonry|RCC frame structures|IGBC Green Homes compliance,EPS or XPS rigid insulation boards (50mm)|Stainless steel wall ties|Vapour barrier where required|Specialist insulation contractor,"Highest value in Hot-Dry zones (Andhra, Telangana, interior Tamil Nadu). Good value in Warm-Humid coastal zones.",None,Use closed-cell insulation (XPS or EPS) not open-cell in humid climates,In Warm-Humid zones only use closed-cell insulation (XPS or EPS) in the cavity. Open-cell materials like Glasswool can absorb moisture in humid conditions reducing effectiveness and creating mould risk.,Warning,ECBC 2017; IS 3792; IS 4671,Insulated cavity walls are the specification I recommend for premium energy-efficient homes targeting IGBC Green Homes rating or ECBC compliance because they genuinely deliver passive cooling performance. The combination of the outer masonry thermal mass with the insulation core and the inner masonry leaf produces a wall assembly that keeps indoor temperatures significantly more stable through the day. In a hot-dry zone like Hyderabad or interior Tamil Nadu this can reduce air conditioning run hours by 15-20 percent annually. The installation requires care with the insulation board placement and vapour barrier depending on the climate zone. Use XPS or EPS boards in humid zones - never Glasswool in the cavity because it absorbs moisture and loses its insulating value. This configuration is most cost-effective for houses above 2500 sqft where the AC savings over the building life justify the premium.,Highest thermal performance - 40-50% heat gain reduction|ECBC and IGBC compliance pathway|Significant AC cost savings over building life|Best acoustic performance,Highest cost wall configuration|Thicker wall reduces floor area|Requires specialist installation|Insulation material replacement after 25-40 years|Fire rating slightly reduced,Insulated cavity wall. Premium thermal performance. Use XPS/EPS boards only in humid zones - not Glasswool. Best for IGBC/ECBC compliance.,Active,None,AI
MORT-001,Structure,Mortar Type,mortar_cement_1_6,Cement Mortar 1:6,Standard cement mortar in 1:6 ratio (1 part cement to 6 parts sand). Most common masonry mortar for residential construction. Adequate strength for non-load-bearing walls and general brick/block laying.,South India,Warm-Humid|Hot-Dry|Temperate|Composite,Basic,1,4,3,High,2024-Q1,Karnataka PWD SOR 2024-25 masonry mortar rates; normalized per sqft of wall area,40,0.3,20,0.1,0.005,Low,IS 2250; mortar joint lifespan in protected masonry 30-50 years,5,5,6,Medium,Class A,0,10,No significant thermal contribution beyond wall material.,6,1,N/A,AAC block walls (use thin-bed mortar instead),Clay brick|Fly ash brick|Hollow concrete block|Stone masonry,OPC 43 or 53 cement|Clean river sand or M-sand|Water measured by ratio,In coastal zones add waterproofing admixture to mortar to reduce salt penetration.,None,Do not use 1:6 mortar for AAC blocks - use thin-bed mortar for AAC,"AAC (Autoclaved Aerated Concrete) blocks require thin-bed mortar of 3-5mm thickness, not standard 1:6 cement mortar. Using thick mortar with AAC defeats the thermal advantage of the block.",Warning,IS 2250; IS 6452,"Cement mortar 1:6 is the backbone of South India construction and most masons know how to prepare and use it correctly. The key quality control issue is the sand. River sand with excessive silt or clay weakens the mortar significantly - test by making a ball of wet sand and squeezing it: if it crumbles cleanly it is good quality, if it leaves mud it has too much clay. The other issue is water-cement ratio: adding extra water to make the mortar flow easily reduces strength. Mix it to a stiff consistency that holds its shape on the trowel. For AAC block walls you must switch to thin-bed adhesive mortar instead of this mix - the standard 1:6 mortar bed at 10-15mm thickness creates thermal bridges across the fine-cell AAC structure and eliminates most of the thermal benefit.",Most economical mortar|Widest contractor familiarity|Adequate for all common masonry units except AAC|Good workability,Not suitable for AAC blocks|Weaker than 1:4 mix|Quality depends on sand quality|Degrades faster in high-moisture conditions,Standard 1:6 mortar. Use for all masonry except AAC blocks. Sand quality critical - reject silty sand.,Active,None,AI
MORT-002,Structure,Mortar Type,mortar_cement_1_4,Cement Mortar 1:4 (Stronger Mix),"Stronger cement mortar in 1:4 ratio (1 part cement to 4 parts sand). Used for load-bearing walls, exposed locations, parapet walls, and areas subject to water or structural stress. Higher cement content improves strength and durability.",South India,Warm-Humid|Hot-Dry|Temperate|Composite,Intermediate,2,5,3,High,2024-Q1,Karnataka PWD SOR 2024-25 masonry rates; 1:4 mix cement premium; normalized per sqft,50,0.3,25,0.08,0.003,Low,IS 2250; stronger mortar lifespan data,5,5,7,Medium,Class A,0,10,No significant thermal contribution beyond wall material.,6,1,N/A,AAC block walls,Load-bearing brick masonry|Exposed parapet walls|Water tank masonry|Retaining walls,OPC 53 grade cement preferred|Clean sand|Measured water,Use in all coastal and high-rainfall areas for exterior wall courses.,None,None,,,IS 2250; IS 1905 load-bearing masonry,"The 1:4 mortar is my specification for all load-bearing courses, parapet walls, and any masonry that is exposed to weathering or structural load. The additional cement content meaningfully improves compressive strength and reduces water permeability. At the site level the practical difference is visible - 1:4 mortar is stiffer and harder to work with which is why masons often try to use 1:6 everywhere to make their job easier. For load-bearing walls specify 1:4 and check that the contractor is actually making the correct ratio by watching the batching. A simple check is measuring the proportions by volume using a standard gauge box. The additional cost is trivial compared to the structural importance.",Higher strength for load-bearing applications|Better durability and moisture resistance than 1:6|Appropriate for exposed locations and parapet walls|Modest cost premium,Stiffer mix - slightly harder to work|Higher cement cost than 1:6|Not needed for non-load-bearing interior walls|Still not suitable for AAC blocks,1:4 stronger mortar for load-bearing walls and exposed locations. Use OPC 53 cement. Check contractor is batching correctly.,Active,None,AI
MORT-003,Structure,Mortar Type,mortar_thin_bed_aac,Thin-Bed Mortar (for AAC Blocks),"Specialist thin-bed adhesive mortar for AAC (Autoclaved Aerated Concrete) block laying. Applied 3-5mm thick versus 10-15mm for standard mortar. Reduces thermal bridging across block joints, key to realising AAC thermal performance. Brands: Ytong Multipor, Weber, Ultratech.",South India,Warm-Humid|Hot-Dry|Temperate|Composite,Performance,3,9,4,High,2024-Q1,Ytong/Weber thin-bed mortar market rate South India 2024; normalized per sqft of AAC wall area,50,0.2,30,0.05,0.002,Low,DIN 18550; AAC thin-bed mortar performance data,7,6,8,Medium,Class A,0.1,10,3-5mm bed reduces thermal bridging at joints by 60-70% versus standard mortar. Key to AAC thermal performance.,6,1,N/A,Clay brick|Fly ash brick|Hollow concrete block|Any non-AAC masonry unit,AAC block (Ytong|Aerocon|Magicrete|Ultratech),Notched trowel for uniform bed thickness|AAC block system from same manufacturer|Water measured per bag instructions,None,Only use with AAC blocks. Do not use on clay brick or other masonry - bond will fail.,None,,,AAC manufacturer installation guidelines; DIN 18550,Thin-bed mortar is non-negotiable if you choose AAC blocks. The entire thermal performance advantage of AAC - the lightweight aerated concrete that acts as a natural insulator - is dramatically reduced if you use standard 10-15mm cement mortar at the joints because the mortar has a much higher conductivity than the AAC block and creates a thermal bypass path at every course. Thin-bed adhesive mortar at 3-5mm thickness reduces this joint thermal bridging by 60-70 percent. Buy the mortar from the same manufacturer as your AAC blocks because the adhesive is formulated for the specific block porosity and surface texture. Use the manufacturer-supplied notched trowel to ensure consistent 3-5mm bed thickness. The cost is higher per bag than cement mortar but you use far less material because of the thin application.,Essential for AAC thermal performance - eliminates joint thermal bridging|Faster laying than standard mortar|Precise 3-5mm joint reduces material consumption|Manufacturer system warranty when used correctly,More expensive per sqft than cement mortar|Only works with AAC - wrong choice for other masonry|Requires notched trowel and trained mason|AAC first course levelling critical before thin-bed can be used,Thin-bed mortar for AAC blocks only. 3-5mm joint essential for AAC thermal performance. Buy from same manufacturer as blocks.,Active,None,AI
MORT-004,Structure,Mortar Type,mortar_polymer_modified,Polymer-Modified Mortar,"Cement mortar with polymer additive (SBR latex or acrylic polymer) mixed in. Better adhesion, flexibility, and water resistance than plain cement mortar. Used for stone cladding, exterior exposed masonry, and areas subject to movement or severe weather.",South India,Warm-Humid|Hot-Dry|Temperate|Composite,Premium,4,14,5,Medium,2024-Q1,SBR latex polymer additive cost; Fosroc/Pidilite/STP market rate 2024; normalized per sqft,50,0.2,25,0.05,0.002,Low,BS EN 998-2; polymer mortar performance data,5,5,9,High,Class A,0,10,No significant thermal contribution beyond wall material.,6,1,N/A,None,Stone cladding|Exterior exposed masonry|High-movement joints|Coastal construction,SBR latex or acrylic polymer (Fosroc Renderoc|Pidilite Dr Fixit)|OPC cement|Clean sand,Recommended for all coastal construction and high-rainfall zones above 2000mm annual.,None,Mix polymer additive at manufacturer-specified ratio - do not reduce to save cost,Polymer-modified mortar only achieves its performance benefit at the correct polymer-to-cement ratio specified by the manufacturer. Reducing the polymer dose to save cost produces ordinary mortar with higher cost.,Warning,BS EN 998-2; manufacturer product data sheets,"Polymer-modified mortar is the specification for stone cladding jobs and any exterior masonry in coastal zones where the combination of salt moisture and thermal cycling requires greater adhesion and flexibility than standard cement mortar can provide. The polymer additive improves tensile bond strength by 50-100 percent over plain mortar and adds flexibility that prevents cracking at movement joints. The critical quality control issue is the polymer dosage - the temptation to reduce the additive quantity to save money is real and the result is a mortar with slightly better than ordinary performance at significantly higher cost, which defeats the purpose. I measure the polymer quantity by bucket and add it before the mixing water so both I and the contractor can see the correct dose has been used.",Best adhesion for stone cladding and exposed masonry|Flexible - resists cracking at movement|Higher moisture resistance|Essential for coastal construction|Long service life,Highest mortar cost|Polymer dosage must be correctly maintained|Not needed for interior protected masonry|Requires correct mixing sequence,Polymer-modified mortar for stone cladding and coastal exposed masonry. Maintain correct polymer dosage - do not reduce to save cost.,Active,None,AI
LINT-001,Envelope,Lintel & Sunshade,lintel_rcc_only,RCC Lintel Only,Standard RCC lintel beam above all window and door openings. Structural minimum requirement - transfers load around openings to adjacent wall panels. No solar shading element included.,South India,Warm-Humid|Hot-Dry|Temperate|Composite,Basic,1,5,3,High,2024-Q1,Karnataka PWD SOR 2024-25 RCC lintel rates; normalized per sqft of built-up area,60,0,0,0,0,Low,RCC lintel permanent structural element - same lifespan as structure,5,5,8,Medium,Class A,-0.05,10,No solar shading. Windows receive full direct solar radiation. Increases cooling load.,20,1,N/A,None,All wall systems,M20 concrete|Fe500 steel|Formwork,Not recommended as sole treatment in Hot-Dry or Warm-Humid climates - solar shading via chajja strongly advised.,None,Add chajja (sunshade) for south and west facing windows in all South India climates,South and west facing windows without a chajja receive direct afternoon sun. This can increase indoor temperatures by 3-5°C and significantly increases AC loads in South Indian conditions.,Warning,IS 875 Part 3; ECBC 2017,RCC lintel is the structural minimum and every opening needs one regardless of what else you decide. But stopping at the lintel without a chajja in South India is a missed opportunity that you will pay for in AC bills for the life of the house. A window without a chajja on the south or west face in Bangalore receives approximately 4 hours of direct afternoon sun in summer. The glass conducts this heat directly into the living space. A 750mm chajja projection above the window blocks this direct sun while allowing diffuse daylight in. The payback on the additional chajja cost through AC savings is typically 4-6 years. I only accept lintel-only when the opening faces north where there is no direct solar gain problem.,Lowest cost|Structural minimum requirement|Standard contractor knowledge,No solar protection - maximum solar heat gain through windows|Higher cooling loads especially on west and south faces|Not recommended for energy-conscious design in South India,RCC lintel only. No solar shading. Add chajja for south and west facing windows to reduce cooling loads.,Active,None,AI
LINT-002,Envelope,Lintel & Sunshade,lintel_with_chajja,Lintel + Sunshade (Chajja),RCC lintel beam with integral or separately cast chajja (sunshade) projecting 450-750mm above the window. Reduces direct solar radiation through glass on south and west faces. Standard recommended specification for South India construction.,South India,Warm-Humid|Hot-Dry|Temperate|Composite,Intermediate,2,10,6,High,2024-Q1,Karnataka PWD SOR 2024-25 RCC lintel + chajja rates; 600mm projection standard; normalized per sqft,60,0,0,0,0.002,Low,RCC chajja permanent element - same lifespan as structure with minimal maintenance,6,5,8,High,Class A,0.1,10,600mm chajja projection blocks direct summer sun on south face. Reduces solar heat gain by 15-25% for south-facing windows.,20,1,N/A,None,All wall systems|All window types,M20 concrete|Fe500 steel|Waterproofing on top surface of chajja|Drip groove at tip,Recommended for all South India climates. Most important for south and west facing openings.,None,Drip groove at chajja tip mandatory to prevent water tracking back under chajja to wall,A chajja without a drip groove (notch) at the tip will allow rain water to track back along the soffit to the wall surface causing dampness and staining below the opening.,Warning,IS 875 Part 3; ECBC 2017; NBC 2016,The chajja is one of the most cost-effective passive cooling elements in South India architecture and it has been used for centuries for exactly this reason. A 600mm projection above a south-facing window blocks the high summer sun angle completely while allowing diffuse skylight in through the full window. The detail that every contractor gets wrong is the drip groove - you need a 10-15mm V-groove cut on the underside of the chajja approximately 50mm from the tip so that rain water hitting the top of the chajja drips cleanly to the ground rather than tracking back along the soffit and staining the wall below the window. Also waterproof the top surface of the chajja with two coats of polymer cementitious waterproofing because it is a horizontal slab fully exposed to rain and the standing water will penetrate unprotected concrete and cause spalling within 5-10 years.,15-25% solar heat gain reduction on south/west faces|Protects window from direct rain reducing weathering|Traditional South India climate-appropriate design|Good payback through reduced AC loads|Permanent no-maintenance element,Additional cost over lintel only|Slightly increases shadow on garden in winter|Poor installation common - enforce drip groove and waterproofing|Wrong orientation gives little benefit,Lintel + chajja sunshade. Standard South India specification. Drip groove mandatory. Waterproof top surface.,Active,None,AI
LINT-003,Envelope,Lintel & Sunshade,lintel_band_deep_chajja,Band Beam + Deep Extended Chajja,"Continuous horizontal RCC band beam at sill or lintel level combined with extended 900mm+ chajja projection. Provides maximum solar shading, structural rigidity, and a distinctive horizontal banding aesthetic. Used in energy-efficient and architect-designed construction.",South India,Hot-Dry|Warm-Humid,Premium,3,18,10,Medium,2024-Q1,RCC band beam + extended chajja contractor rates Bangalore 2024; normalized per sqft,60,0,0,0,0.002,Low,RCC band and chajja permanent element - lifespan equals structure,8,5,9,High,Class A,0.2,10,900mm+ chajja eliminates direct solar gain through windows in all South India latitudes for 80% of daylight hours in summer. Best passive cooling element for facades.,20,1,N/A,None,All wall systems|Energy-efficient design|IGBC Green Homes compliance,M20+ concrete|Fe500D steel|Waterproofing on chajja top|Drip groove|Structural engineer approval for cantilever,Highest value in Hot-Dry zones. Also very effective in Warm-Humid coastal zones.,None,Structural engineer must verify cantilever design for deep chajja projection beyond 750mm,"A chajja projecting more than 750mm requires structural engineer verification of the cantilever design, reinforcement sizing, and connection to the band beam. Do not rely on rule of thumb for projections beyond this.",Warning,IS 456; IS 875 Part 3; ECBC 2017,The continuous band beam with deep chajja is the element I specify for any architect-designed energy-efficient house in South India and it serves double duty - structural and environmental. As a structural element the continuous band beam ties the masonry together at window lintel level significantly improving seismic performance of the wall by creating a stiff horizontal diaphragm. As an environmental element a 900mm+ chajja projection essentially eliminates direct solar gain through the window for most of the day in summer at South India latitudes between 8 and 18 degrees north. The shade angle calculation confirms that a 900mm projection on a wall at 12 degrees north latitude blocks the sun for approximately 8 out of 10 hours of peak summer radiation. The structural engineer must verify the cantilever design for projections beyond 750mm - the reinforcement at the root of the chajja carries high bending moment and this is not something to leave to the contractor to figure out.,Maximum solar shading - eliminates direct solar gain|Structural benefit of continuous band beam|Improved seismic performance|Distinctive horizontal banding aesthetic|Best passive cooling element available|IGBC and ECBC compliance pathway,Highest cost|Structural engineer design required for deep projection|Reduces visible sky from inside|Some perceived loss of view through window|More complex formwork,Band beam + 900mm+ chajja. Maximum solar protection. Structural engineer required for cantilever. Best passive cooling element.,Active,None,AI
PARA-001,Envelope,Parapet,parapet_brick_masonry,Brick Masonry Parapet,"Traditional brick masonry parapet wall at roof edge, typically 600-900mm high, plastered and painted. Economical, durable, and maintenance-free. Most common parapet in South India residential construction.",South India,Warm-Humid|Hot-Dry|Temperate|Composite,Basic,1,6,4,High,2024-Q1,Karnataka PWD SOR 2024-25 parapet masonry rates; normalized per sqft of roof perimeter per metre height,40,0.5,15,0.15,0.01,Low,IS 1905; masonry parapet lifespan data,5,5,7,Medium,Class A,0,10,Parapet provides minimal thermal benefit but shades roof edge.,20,1,N/A,None,Flat RCC roof|All roof systems with flat section,Coping slab or coping tile on top of parapet|Waterproofing at parapet-roof junction|Movement joint at parapet-roof slab connection,In high-rainfall zones coping slab with 40mm overhang essential to prevent water ingress at parapet base.,None,Coping slab with drip groove mandatory on top of parapet and waterproofing at parapet-slab junction,The junction between parapet and roof slab is the most common source of roof leaks in South India. This junction must have flexible waterproofing that can accommodate thermal movement and the parapet top must have a coping slab with drip groove.,Strong-Warning,IS 1905; NBC 2016,Brick masonry parapets are the default and they work well when two critical details are done correctly. First the coping - the top of the parapet is fully exposed to sun and rain and must have a RCC or stone coping slab with a 40mm overhang and drip groove on each side to prevent water from running down the parapet face and soaking into the joint between parapet and roof. Second the junction waterproofing - the right angle between the parapet base and the roof slab is under high thermal stress and cracks within a few years without a flexible waterproofing membrane that bridges this joint with a 150mm fillet. Both details are routinely skipped by contractors and both cause the majority of roof leaks I am called to investigate. Specify these details clearly in your drawings and check that they are done.,Most economical parapet|Maintenance-free once plastered|Familiar to all masons|Privacy screen function,Junction waterproofing critical - often poorly done|Coping slab detail important|Adds dead load to roof slab|Blocks rooftop views,Brick parapet. Coping slab and parapet-slab junction waterproofing are critical details - most common source of roof leaks.,Active,None,AI
PARA-002,Envelope,Parapet,parapet_rcc,RCC Parapet,Reinforced concrete parapet cast as continuation of roof slab edge. Stronger and more durable than brick masonry parapet. Better resistance to seismic loads and wind. Standard for premium construction and multi-storey buildings.,South India,Warm-Humid|Hot-Dry|Temperate|Composite,Intermediate,2,10,6,High,2024-Q1,RCC parapet contractor rates Bangalore/Chennai 2024; normalized per sqft of roof perimeter,60,0.3,25,0.08,0.005,Low,IS 456; RCC parapet lifespan equals structure,5,5,9,High,Class A,0,10,Dense RCC parapet has high thermal mass - minor benefit.,20,1,N/A,None,Flat RCC roof|All roof systems with flat section,M20 concrete|Fe500 steel|Waterproofing at parapet-slab junction|Expansion joint at corners,None,None,Expansion joint at parapet corners and mid-span mandatory to prevent cracking,RCC parapets experience significant thermal expansion and must have expansion joints at corners and at not more than 6m spacing. Without these joints cracks develop at the corners within 2-3 monsoon seasons.,Warning,IS 456; NBC 2016,RCC parapets are my specification for premium construction because they are monolithic with the roof slab edge making waterproofing at the junction far easier to achieve than with brick masonry which has an inherent bond line at the slab surface. The critical detail that is almost universally skipped is the expansion joint. An RCC parapet running 10-15 metres without an expansion joint will crack at the corners every time because concrete expands and contracts significantly with the 40-50 degree temperature swings a Bangalore or Chennai roof experiences between winter night and summer afternoon. Place a 10-12mm expansion joint with flexible sealant at every corner and at mid-span of runs longer than 6 metres. Waterproof the junction between parapet and roof with the same treatment as the rest of the roof - this is now a seamless concrete joint rather than a brick-to-slab interface which is a significant advantage.,Stronger than brick parapet|Better seismic and wind resistance|Monolithic with roof slab - easier waterproofing|60-year lifespan|Clean modern aesthetic,Higher cost than brick parapet|Expansion joints at corners mandatory|More complex formwork|Cracking at corners if expansion joints omitted,RCC parapet. Stronger and more durable. Expansion joints at corners mandatory. Monolithic waterproofing advantage over brick.,Active,None,AI
PARA-003,Envelope,Parapet,parapet_metal_railing,Metal Railing (Open Parapet),Fabricated metal railing at roof edge instead of solid masonry parapet. MS or stainless steel posts with horizontal rails or glass infill. Open and modern aesthetic. Requires RCC edge beam as base. Standard for contemporary and architect-designed construction.,South India,Warm-Humid|Hot-Dry|Temperate|Composite,Performance,3,14,7,Medium,2024-Q1,MS railing fabrication rates Bangalore 2024; powder coat finish; normalized per sqft of roof perimeter,25,0.8,8,0.3,0.02,Medium,MS railing coating lifespan 8-12 years; SS railing 25+ years,5,3,6,Medium,Class A,0,10,Open railing allows free air circulation over roof - minor cooling benefit.,20,1,N/A,None,Flat RCC roof|RCC edge beam|Contemporary architecture,RCC edge beam at roof perimeter (mandatory structural base)|MS or SS posts with anchor bolts into edge beam|Powder coat or galvanising for MS|Edge waterproofing detail,In coastal zones within 5km of sea use 316-grade stainless steel only - MS railings corrode within 5 years in salt air.,None,Use SS 316 railing within 10km of coastline - MS corrodes in salt air within 5 years,MS railings in coastal zones corrode rapidly due to salt air. Use 316-grade stainless steel for any railing within 10km of the coast. The cost premium over MS is significant but replacement cost is far higher.,Warning,NBC 2016 Section 2 safety; IS 1161 structural tubes,Metal railings give a contemporary open look and are popular in architect-designed homes but they require much more maintenance than solid parapets. Powder-coated MS railing starts to show corrosion at the welds and base plates within 5-8 years in a typical South India climate and needs repainting. In coastal areas it is useless within 3 years unless you use marine-grade 316 stainless steel which is very expensive. The structural base is critical - the railing posts must anchor into a properly designed RCC edge beam not just drilled into the roof slab. I also always require a solid masonry kickboard at the base minimum 200mm high because the open railing allows objects to slide off the roof edge which is a serious safety hazard especially for children. If you choose this aesthetic understand the ongoing maintenance commitment - it is not a set-and-forget specification.,Open modern aesthetic|Better natural ventilation over roof|Clear views from rooftop|Lighter than solid parapet,Highest maintenance requirement - repainting every 5-8 years|Corrosion in coastal zones - SS 316 required|Less privacy than solid parapet|Objects can fall through - safety concern|RCC edge beam mandatory,Metal railing parapet. Modern aesthetic but highest maintenance. Use SS 316 near coast. RCC edge beam mandatory base.,Active,None,AI
CTOP-001,Finishes,Kitchen Countertop,countertop_ceramic_tile,Ceramic Tile Countertop,Kitchen countertop finished with ceramic or vitrified tiles on a masonry or concrete base. Economical option with wide variety of colours and patterns. Grout joints require regular maintenance to prevent staining and bacterial growth.,South India,Warm-Humid|Hot-Dry|Temperate|Composite,Basic,1,25,10,High,2024-Q1,Tile + masonry base + epoxy grout contractor rates Bangalore 2024; normalized per sqft of countertop area,15,0.7,5,0.15,0.02,Medium,Tile countertop lifespan limited by grout staining and tile edge chipping,5,5,5,Medium,Class A,0,10,No thermal contribution.,20,1,N/A,None,All kitchen configurations,Vitrified tiles (anti-bacterial glaze preferred)|Epoxy grout (not regular cement grout)|Masonry or concrete base|Edge tiles or trim,None,None,Use epoxy grout not cement grout - cement grout stains permanently within 1-2 years,Standard cement grout on kitchen countertop joints absorbs oil and food stains permanently within one to two years. Use only epoxy grout for kitchen countertop tile joints.,Warning,Tile manufacturer guidelines,Tile countertops are the economy option and they come with the caveat that grout maintenance is an ongoing commitment. The most critical choice is the grout - if the contractor uses standard cement grout on your kitchen counter it will be permanently stained with oil and turmeric within one monsoon season. Insist on epoxy grout which is more expensive but is stain-proof and non-porous. The other issue is edge tiles which chip over time especially at corners. A preferable detail is a bull-nose edge tile or a stainless steel edge trim that protects the vulnerable tile corner. For a rental property or a budget build where replacement is planned within 15 years the tile counter is a pragmatic choice. For your own home I would push towards granite.,Lowest cost|Wide colour and pattern range|Easy local repair of damaged tiles|Adequate for rental or budget builds,Grout joints stain and harbour bacteria|Tile edges chip at corners|Shorter lifespan than stone or quartz|Cement grout must be replaced with epoxy grout|Not ideal for high-use kitchens,Tile countertop. Use epoxy grout only - cement grout stains permanently. Vitrified tile preferred over ceramic.,Active,None,AI
CTOP-002,Finishes,Kitchen Countertop,countertop_granite,Granite Countertop,"Natural granite stone slab countertop, typically 18-20mm thick. Most popular premium kitchen countertop in South India. Extremely durable, heat-resistant, and hygienic when sealed. Available in a wide range of South Indian granite varieties at competitive prices.",South India,Warm-Humid|Hot-Dry|Temperate|Composite,Intermediate,2,55,18,High,2024-Q1,South India granite market rate 2024; Indian granite varieties; polished 18mm slab; normalized per sqft,30,0.6,10,0.05,0.005,Low,Granite countertop lasts 25-30+ years with proper sealing; sealing required every 2-3 years,5,5,9,High,Class A,0,10,High thermal mass - stays cool. Good for South India kitchens.,20,1,N/A,None,All kitchen configurations,Granite sealer (applied before and after installation)|Stainless steel sink cutout|Silicone sealant at wall joint|RCC or masonry counter base,None,None,Seal granite before installation and after installation - unsealed granite absorbs oil stains,Unsealed granite absorbs oil and turmeric stains readily. Apply stone sealer before installation and after installation when dry. Reseal every 2-3 years.,Warning,Natural Stone Institute sealing guidelines,Granite is my recommendation for the vast majority of South India kitchen countertops and the reason is simple - it is extremely hard wearing heat resistant and the price of good quality Indian granite is very competitive because we quarry it right here in Karnataka Tamil Nadu and Andhra. A Krishna White or Steel Grey or Tan Brown granite counter will last 25-30 years with minimal maintenance. The important detail is sealing - all granite must be sealed before it goes in and again after installation because unsealed granite will absorb turmeric and cooking oil stains. Apply the sealer let it penetrate and wipe off the excess. Reseal every 2-3 years. The other thing to insist on is that the underside of the granite is properly supported - unsupported granite over sink cutouts more than 400mm wide can crack. Your fabricator should provide stainless steel or granite support bars.,Best durability for South India use - 30 year lifespan|Heat resistant|Competitive price for Indian granite varieties|Hygienic when sealed|Wide range of South India granite patterns|Adds property value,Requires sealing every 2-3 years|Heavy - counter structure must be adequate|Cracks if unsupported over large cutouts|Porous if unsealed,Granite countertop. Best value for South India. Seal before and after installation. Reseal every 2-3 years.,Active,None,AI
CTOP-003,Finishes,Kitchen Countertop,countertop_solid_surface,Solid Surface (Corian/HI-MACS),"Homogeneous acrylic or polyester solid surface material (Corian, HI-MACS, Staron). Non-porous, seamless at joints, and surface scratches can be sanded out. Good for island countertops and modern aesthetic. Moderate heat resistance - requires trivets.",South India,Warm-Humid|Hot-Dry|Temperate|Composite,Performance,3,90,22,Medium,2024-Q1,Corian/HI-MACS dealer rates Bangalore/Chennai 2024; thermoforming + install; normalized per sqft,20,0.7,10,0.1,0.01,Medium,Solid surface lifespan 15-25 years; surface renewal possible by sanding,5,5,7,Very High,Class B,0,10,No thermal contribution.,20,1,N/A,None,All kitchen configurations|Island countertops|Modern minimalist kitchens,Certified solid surface fabricator|Trivet policy for hot pans|Special adhesive for seams,None,None,Always use trivets for hot pans - solid surface has lower heat resistance than granite,Solid surface materials have a maximum continuous heat exposure of around 175°C. Direct contact with hot cookware can cause whitening or warping. Always use trivets or hot pads.,Warning,Corian/HI-MACS product technical data,Solid surface is the right choice when you want a seamless countertop particularly for island kitchens where an integrated undermount sink without a joint is aesthetically important and hygienic. The non-porous nature means zero maintenance for stains - just wipe down. The limitation that most clients do not realise until they have it installed is the heat sensitivity. In a South India kitchen where you are handling a pressure cooker or kadai you must always use a trivet. A single contact with a hot stainless steel vessel can cause permanent whitening of the surface. The surface scratch renewal feature is real - a certified fabricator can sand out surface marks with an orbital sander and bring it back to new condition which is genuinely useful after 8-10 years of use.,Seamless non-porous surface - no staining|Integrated sink possible with no visible joint|Surface scratches sandable - renewable|Modern minimal aesthetic|Easy to clean,Lower heat resistance than granite - trivets mandatory|Higher cost than granite|Certified fabricator required for good seams|Shorter lifespan than granite|Repair requires specialist,Solid surface countertop. Non-porous and seamless. Always use trivets - lower heat resistance than granite.,Active,None,AI
CTOP-004,Finishes,Kitchen Countertop,countertop_engineered_quartz,Engineered Quartz (Silestone/Caesarstone),"Engineered stone countertop made from 90-95% quartz crystals bound with polymer resin. Non-porous, consistent colour, extremely hard, and does not require sealing. Premium choice combining stone durability with consistent aesthetics.",South India,Warm-Humid|Hot-Dry|Temperate|Composite,Premium,4,120,28,Medium,2024-Q1,Silestone/Caesarstone/Quantra dealer rates South India 2024; normalized per sqft,25,0.6,15,0.03,0.003,Low,Quartz countertop manufacturer lifespan data; 20-25 year typical lifespan,5,5,10,Very High,Class B,0,10,No thermal contribution.,20,1,N/A,None,All kitchen configurations|Modern premium kitchens,Certified fabricator with water-jet cutter|Trivet policy for hot pans|Silicone at wall joint,None,None,Trivets required - engineered quartz is heat sensitive despite high hardness,Despite being harder than granite engineered quartz is sensitive to high heat due to the polymer resin binder. Thermal shock from hot cookware can cause cracking or discolouration. Always use trivets.,Warning,Quartz manufacturer technical data,Engineered quartz is the premium choice I recommend when the client wants zero maintenance and consistent aesthetics because unlike natural granite it requires no sealing and has completely consistent colour and pattern without the natural variation of stone. The 90+ percent quartz content makes it the hardest countertop material available and it is completely non-porous so there is literally nothing to maintain beyond wiping it down. The limitation shared with solid surface is heat sensitivity - the polymer resin that binds the quartz crystals can crack or discolour under thermal shock from a hot kadai. This is a significant limitation in a South Indian kitchen where high-temperature cooking is standard. Always use trivets. The price premium over granite is substantial but for a client who wants a showpiece kitchen that remains pristine with zero maintenance effort it is justified.,Hardest countertop material available|Zero maintenance - no sealing required|Completely non-porous|Consistent colour and pattern|Best stain resistance|25-year lifespan,Highest cost|Heat sensitive - trivets mandatory|Not suitable for direct contact with Indian high-heat cooking|Certified fabricator required|Heavier than solid surface,Engineered quartz. Hardest and lowest maintenance. Heat sensitive - trivets mandatory for Indian cooking. Premium cost.,Active,None,AI
BATH-001,Finishes,Bathroom Fixtures,bath_economy_grade,Economy Grade Fixtures,"Economy-tier sanitaryware and bathroom fittings. Brands: Hindware Ace series, Cera Standard, Johnson Tiles economy range. Basic functionality with adequate quality for rental properties or budget builds. CP fittings (taps, showers) from Indian economy range.",South India,Warm-Humid|Hot-Dry|Temperate|Composite,Basic,1,12,6,High,2024-Q1,Economy sanitaryware market rate South India 2024; normalized per sqft of bathroom area,10,0.8,5,0.2,0.03,Medium,Economy fixtures typical lifespan 8-12 years before replacement or major maintenance,5,5,5,Medium,Non-Rated,0,7,No thermal contribution.,20,1,N/A,None,All bathroom configurations,IS 2556 compliant sanitaryware|IS 1795 compliant CP fittings,None,None,Check BIS mark on CP fittings - uncertified economy fittings fail within 2-3 years,Many economy-grade CP fittings lack BIS certification and use thin chrome plating that peels within 2-3 years. Always check for IS 1795 BIS mark on taps and showers.,Warning,IS 2556; IS 1795,Economy fixtures make sense for rental properties and budget builds where replacement every 8-10 years is factored into the financial model. The critical quality filter even at economy grade is the BIS mark on CP fittings - taps showers and shower heads from uncertified manufacturers use chrome plating that is 2-3 microns thick versus the 8+ microns required by IS 1795 and it peels within two monsoon seasons leaving corroded brass exposed. This is particularly visible in South India where the chlorinated municipal water attacks thin plating aggressively. Stick to Hindware Cera or Parryware economy range which are certified even at entry level. For a house you plan to live in for 20 years the mid-range fixtures are worth the extra outlay.,Lowest cost|Adequate for rental properties|Wide availability|Reasonable functionality for basic use,8-10 year lifespan|CP fittings prone to peeling if uncertified|Less water-efficient|Limited design options|Not recommended for owner-occupied homes,Economy fixtures for rental/budget builds. Check BIS mark on CP fittings. 8-10 year lifespan.,Active,None,AI
BATH-002,Finishes,Bathroom Fixtures,bath_mid_range_grade,Mid-Range Grade Fixtures,"Mid-range sanitaryware and bathroom fittings. Brands: Jaquar Solo/Opal series, Parryware T-Connect, Hindware Italian Collection, Cera Prima. Good quality, water-efficient, and better aesthetics. Suitable for owner-occupied residential construction.",South India,Warm-Humid|Hot-Dry|Temperate|Composite,Intermediate,2,25,10,High,2024-Q1,Jaquar/Parryware mid-range dealer rates South India 2024; normalized per sqft of bathroom area,20,0.6,10,0.1,0.015,Low,Mid-range fixture lifespan 15-20 years with normal maintenance,5,5,7,High,Non-Rated,0.05,8,No thermal contribution.,20,1,N/A,None,All bathroom configurations,IS 2556 sanitaryware|IS 1795 CP fittings|WELS water efficiency label preferred,None,None,None,,,IS 2556; IS 1795; BIS certification,Mid-range from Jaquar or Parryware is my standard recommendation for any owner-occupied home in South India. Jaquar in particular has excellent quality control at their mid-range Solo and Opal series and the CP fittings use proper 8-10 micron chrome plating that holds up well in South India water conditions. The water efficiency is meaningfully better than economy grade - Jaquar mid-range taps typically have aerators that restrict flow to 6 litres per minute versus 12+ for economy grade which makes a real difference in water bills over 20 years. The aesthetic quality is also significantly better with more consistent colour glazing on the sanitaryware. This is the range where you get genuinely good quality without paying the premium brand surcharge.,Good quality for 20-year lifespan|Water-efficient CP fittings|BIS certified|Better aesthetics than economy|Jaquar/Parryware service network across South India|Best value tier,Higher cost than economy|Not as durable as premium brands|Service required every 10 years,Mid-range fixtures - best value for owner-occupied homes. Jaquar/Parryware recommended. 20-year lifespan.,Active,None,AI
BATH-003,Finishes,Bathroom Fixtures,bath_premium_grade,Premium Grade Fixtures,"Premium sanitaryware and bathroom fittings. Brands: Kohler, TOTO, Duravit, Grohe, American Standard. Highest build quality, water efficiency, and aesthetic design. Concealed cistern systems, wall-hung WCs, rain showers. For premium construction and luxury bathrooms.",South India,Warm-Humid|Hot-Dry|Temperate|Composite,Premium,3,60,18,Medium,2024-Q1,Kohler/TOTO/Duravit dealer rates Bangalore/Chennai 2024; normalized per sqft of bathroom area,25,0.5,15,0.05,0.008,Low,Premium fixture lifespan 20-30 years; spare parts availability key,5,5,9,Very High,Non-Rated,0.1,9,No thermal contribution.,20,1,N/A,None,All bathroom configurations|Premium and luxury residential construction,Trained plumber familiar with brand-specific installation|Concealed cistern framing if wall-hung WC|Manufacturer-specified accessories,None,None,Verify local service and spare parts availability before specifying niche international brands,Some international premium brands have limited service network in Tier 2 South India cities. Verify that the brand has authorised service and spare parts availability in your city before specifying.,Warning,Manufacturer warranty terms,Premium fixtures from Kohler or TOTO are genuinely excellent products with build quality that is meaningfully superior to mid-range. The glazing quality on Kohler and TOTO sanitaryware is better which means less staining and easier cleaning over 20+ years. The TOTO Washlet integrated bidet-seat is a particularly good product for South India given the water usage habits and hygiene preferences. The concern I raise with clients is service - Kohler has a reasonable service network in Bangalore Chennai and Hyderabad but if you are building in a Tier 2 city like Mysore or Trichy confirm that a certified service technician and spare parts are available locally before you commit. A concealed cistern that needs a specific TOTO part from Mumbai with a 2-week lead time is a significant inconvenience.,"Highest quality and durability|Best water efficiency ratings|Superior aesthetics|25+ year lifespan|Advanced features (concealed cisterns, wall-hung WC, integrated bidets)",Highest cost|Service and spare parts availability must be verified locally|Wall-hung WC requires frame installation|Over-specified for most residential builds,Premium fixtures (Kohler/TOTO/Duravit). 25+ year lifespan. Verify local service network before specifying.,Active,None,AI
ELOAD-001,Systems,Electrical Load,load_5kw_single_phase,5 kW Single Phase,"5 kW single phase BESCOM/TNEB service connection. Adequate for 1-2 BHK apartments or small houses with basic appliances, no air conditioning or minimal ceiling fan + 1 small AC.",South India,Warm-Humid|Hot-Dry|Temperate|Composite,Basic,1,8,5,High,2024-Q1,Electrical contractor rate; panel + wiring + connection charges normalized per sqft,25,0.5,10,0.1,0.005,Low,Electrical system lifespan 20-30 years with proper maintenance,5,5,7,Medium,Class A,0,10,No thermal contribution.,20,1,N/A,3-phase appliances|Multiple ACs|EV charging,Residential 1-2BHK|Basic appliance load,25A main MCB|4-6 way distribution board|2.5 sqmm copper wiring,None,None,Upgrade to 3-phase if more than 2 ACs planned at any point in future,Single phase 5kW is severely limited. Any future addition of a second AC or EV charging will require a costly panel upgrade and BESCOM/TNEB re-connection process.,Warning,BESCOM/TNEB service connection regulations; IS 732,A 5 kW single phase connection is genuinely undersized for any 3 BHK house in South India in 2024. Even if you only have one split AC today you will add more within 5-10 years as climate gets hotter. A 1.5 ton AC alone draws 1.5-2 kW so two ACs plus a refrigerator plus a washing machine plus kitchen appliances easily exceeds 5 kW simultaneously. When you trip the main MCB repeatedly because of load you will have to apply for a load extension from BESCOM which involves significant paperwork fees and delays. Upgrading to three phase from the start costs Rs 15000-25000 more now versus Rs 80000-150000 for a connection upgrade later including the BESCOM application fee wiring changes and transformer load addition. Spend the money now.,Lowest connection cost|Adequate for very basic 1-2 BHK|Simple single phase wiring,Insufficient for most 3 BHK residences with AC|Cannot add EV charging|Costly upgrade later|Trips frequently under load|Not future-ready,5kW single phase. Only for small 1-2 BHK with minimal AC. Upgrade cost is 5x later - invest in 3-phase now.,Active,None,AI
ELOAD-002,Systems,Electrical Load,load_10kw_three_phase,10 kW Three Phase,"10 kW three phase BESCOM/TNEB service connection. Standard for 3 BHK residential with 2-3 split ACs, all household appliances, washing machine, water heater. Three phase allows balanced load distribution and supports larger individual appliances.",South India,Warm-Humid|Hot-Dry|Temperate|Composite,Intermediate,2,14,8,High,2024-Q1,Three phase BESCOM connection charges; electrician rates; normalized per sqft,25,0.5,10,0.08,0.005,Low,Electrical system lifespan 20-30 years,5,5,8,Medium,Class A,0,10,No thermal contribution.,20,1,N/A,None,3 BHK residential|2-3 split ACs|All standard appliances,3-phase 40A main RCCB|12-16 way distribution board|4 sqmm copper wiring on AC circuits|Earth leakage protection,None,None,Plan conduit provision for future EV charging circuit even if not installing charger now,Laying an empty conduit from the DB to the parking area during construction costs Rs 500. Adding an EV charging circuit later without pre-laid conduit costs Rs 8000-15000 including wall chasing.,Warning,BESCOM/TNEB regulations; IS 732; NBC 2016,"Ten kilowatts three phase is the right specification for the standard 3-4 BHK South India home and most BESCOM consumers in residential layouts have this connection. Three phase means you can balance the AC loads across the three phases which prevents the voltage sag you get on a single phase circuit when multiple large loads are running simultaneously. The practical things to get right are the main RCCB rating (40A minimum for 10 kW three phase), earth leakage protection on every circuit, and dedicated circuits for each AC rather than sharing with lighting. An electrician who wants to put all your ACs on one circuit or skip earth leakage circuit breakers is cutting corners. Also insist on 4 sqmm copper wire on all AC circuits - the 2.5 sqmm wire used for light points is undersized for split AC current draw and will overheat under sustained use.",Standard specification for 3-4 BHK|Supports 2-3 ACs comfortably|Balanced three phase load|Future-ready for most appliances|Wide contractor knowledge,Not sufficient for EV charging and solar inverter simultaneously|Upgrade to 15kW needed for EV home charging|Higher connection fee than single phase,10kW 3-phase. Standard for 3 BHK with 2-3 ACs. Lay EV conduit during construction. 4sqmm wire on AC circuits.,Active,None,AI
ELOAD-003,Systems,Electrical Load,load_15kw_three_phase_ev,15 kW Three Phase + EV Ready,"15 kW three phase BESCOM/TNEB service connection with pre-provisioned EV charging circuit and conduit to parking. Future-ready specification for solar inverter, EV charging, home office equipment, and large ACs. Best long-term investment for 2024 construction.",South India,Warm-Humid|Hot-Dry|Temperate|Composite,Premium,3,22,12,Medium,2024-Q1,15kW BESCOM connection; EV conduit and circuit provision; enhanced wiring; normalized per sqft,25,0.4,10,0.05,0.003,Low,Electrical system lifespan 20-30 years; future-proof for EV and solar,5,5,9,Medium,Class A,0.1,10,No thermal contribution.,20,1,N/A,None,All residential configurations|Solar grid-tied inverter|EV home charging|Home office equipment,15kW three phase BESCOM meter|16-20 way distribution board|Dedicated EV circuit conduit to parking|4-6 sqmm copper wiring on power circuits|Bidirectional meter provision for solar,None,None,None,,,BESCOM/TNEB solar net metering regulations; IS 732,Fifteen kilowatts three phase with EV provisioning is the specification I am recommending to every new build client in 2024 and the reason is simply the trajectory of EV adoption. BESCOM statistics show that EV registrations in Bangalore grew by 80 percent in 2023. If you are building a house today that you plan to live in for 20 years there is a high probability that you will own an electric vehicle within that period. A 7.2 kW home EV charger draws 32A on a dedicated circuit - this cannot be accommodated on a 10 kW connection that is already carrying 2-3 ACs and household loads. The incremental cost of going from 10 kW to 15 kW at construction time is Rs 15000-20000 more. The cost of upgrading later is Rs 80000-120000 including BESCOM fees connection upgrade and wiring changes. The EV circuit conduit alone - just the plastic pipe from the DB to the parking - costs Rs 500 during construction and Rs 8000-12000 after plastering.,Future-ready for EV charging and solar inverter|Handles simultaneous high loads|BESCOM bidirectional meter provision for solar net metering|Best long-term value|Marginal cost premium over 10kW,Higher connection fee than 10kW|Slightly higher installation cost|Over-specified if no EV or solar planned|BESCOM approval time for 15kW may be longer,15kW 3-phase + EV ready. Best future-proof specification for 2024 construction. EV conduit to parking costs Rs 500 now vs Rs 12000 later.,Active,None,AI
EPOINTS-001,Systems,Electrical Points,points_basic,Basic Point Density,"Basic electrical outlet density. 1-2 power sockets per room, single light point per room, no dedicated data or USB points. Adequate for very minimal usage or rental construction. NBC minimum compliance.",South India,Warm-Humid|Hot-Dry|Temperate|Composite,Basic,1,4,3,High,2024-Q1,Electrical contractor per-point rate; basic density normalized per sqft,20,0.4,10,0.1,0.01,Medium,Wiring lifespan 20-30 years; switch and socket replacement at 10 years,5,5,6,Medium,Class A,0,7,No thermal contribution.,20,1,N/A,None,All residential configurations,Modular switches (Legrand/Anchor/Havells)|2.5 sqmm copper concealed wiring,None,None,Not recommended for owner-occupied homes - extension cords become permanent fixtures,Basic point density leads to permanent use of extension cords and power strips which are a fire risk. Adding points later requires wall chasing through finished plaster at Rs 2000-4000 per point.,Warning,IS 732; NBC 2016,Basic point density was adequate when a bedroom had a light a fan and a clock. In 2024 a typical South India bedroom has a phone charger tablet charger laptop AC unit TV point and reading lamp. Two sockets for all of this means permanent multi-socket extension cords which are the leading cause of residential electrical fires. I see this mistake repeatedly in rental construction where the landlord minimises upfront cost and the tenant lives with extension cord tangles for 10 years. Adding a socket point later requires chasing a channel in a plastered finished wall routing conduit connecting to the distribution board and replastering - total cost Rs 2500-4000 per point. Planning adequate points costs maybe Rs 500-800 per point during construction. The math is obvious.,Lowest electrical installation cost|Meets NBC minimum requirements,Insufficient for modern home usage|Leads to permanent extension cord use - fire risk|Adding points later costs 4-6x more|Not recommended for owner-occupied homes,Basic points - 1-2 sockets per room. Not recommended for owner-occupied homes. Extension cord dependency is a fire risk.,Active,None,AI
EPOINTS-002,Systems,Electrical Points,points_standard,Standard Point Density,"Standard electrical outlet density for residential use. 3-4 power sockets per bedroom, TV point, 1 data/LAN point per room, dedicated kitchen appliance points, 2 sockets per bathroom. Adequate for comfortable modern residential use.",South India,Warm-Humid|Hot-Dry|Temperate|Composite,Intermediate,2,8,5,High,2024-Q1,Electrical contractor per-point rate; standard density normalized per sqft,20,0.4,10,0.08,0.008,Low,Wiring lifespan 20-30 years,5,5,7,Medium,Class A,0,9,No thermal contribution.,20,1,N/A,None,All residential configurations,Legrand/Havells/Anchor modular switches|2.5-4 sqmm copper wiring|LAN conduit in each room,None,None,None,,,IS 732; NBC 2016,Standard point density is the minimum I recommend for any owner-occupied home and it covers most needs without over-engineering. Three to four sockets per bedroom means you can have the AC phone charger bedside lamp and one additional device without extension cords. The LAN data point in each room is increasingly important even in an era of WiFi because wired connections are more reliable for work-from-home setups and smart TV streaming. Run cat6 conduit in every room even if you only connect data points in the study initially - the incremental cost of the conduit is trivial and it saves the disruption of adding it later. Include dedicated kitchen appliance circuits - microwave mixer grinder and dishwasher on separate circuits prevents tripping when multiple appliances run simultaneously.,Adequate for comfortable modern residential use|No extension cords needed|LAN points future-proof|Good balance of cost and functionality|Standard for most contractor quotations,Insufficient for home office or home automation|No USB charging points built in|Data conduit may be omitted if not specified clearly,Standard density - 3-4 sockets/room plus TV and LAN points. Best default for owner-occupied homes.,Active,None,AI
EPOINTS-003,Systems,Electrical Points,points_premium,Premium Point Density,"Premium electrical outlet density with home automation provision. 5+ power sockets per room, USB charging outlets, LAN and TV points in all rooms, dedicated home office circuits, EV conduit to parking, provisions for home automation control switches, and outdoor weatherproof points.",South India,Warm-Humid|Hot-Dry|Temperate|Composite,Premium,3,16,9,Medium,2024-Q1,Premium point density electrician rates Bangalore 2024; Legrand Arteor/Schneider range; normalized per sqft,20,0.3,10,0.05,0.005,Low,Premium modular switches 15-20 year lifespan; wiring 25+ years,5,5,8,Medium,Class A,0.05,10,No thermal contribution.,20,1,N/A,None,All residential configurations|Home automation systems|Home office setups,Legrand Arteor or Schneider Vivace premium modular switches|Cat6 LAN outlets|USB charging outlets|Home automation conduit (4-way corrugated)|EV conduit to parking,None,None,Plan home automation conduit separately from power conduit for future KNX/Modbus control,"If home automation is planned, route a separate 4-way corrugated conduit from each switch box back to a central control panel location. Mixing automation wiring in power conduit causes interference.",Warning,IS 732; KNX Association guidelines,Premium point density pays for itself in lifestyle quality and in the complete elimination of the wire management problem that plagues Indian homes. When every bedroom has 5-6 sockets plus built-in USB outlets plus a LAN point there is simply no need for extension cords anywhere and the visual cleanliness of the space is dramatically better. The home automation conduit provision is the element most commonly forgotten - if you ever want smart switches smart lighting or a KNX home automation system in the future you need a separate conduit from each switch position back to a central location for the control wiring. This conduit costs Rs 8000-12000 to lay during construction and Rs 80000+ to add later through finished walls. Even if you have no immediate plans for home automation lay the conduit - it costs almost nothing as part of the overall electrical work.,Maximum convenience - no extension cords anywhere|Future-ready for EV and home automation|USB outlets built in|Premium switch aesthetics|Home office and work-from-home ready|Best for premium construction,Highest electrical installation cost|Requires detailed planning before construction|Home automation conduit often forgotten - specify clearly|Over-specified for basic residential,"Premium points - 5+ sockets/room plus USB, LAN, home automation conduit. Lay home automation conduit separately from power.",Active,None,AI
RWPL-001,Systems,Rainwater Plumbing,rainwater_plumbing_combined,Combined Roof + Waste Pipes,Single drainage system combining roof rainwater discharge with household wastewater. Simplest and cheapest plumbing approach. Cannot be used with rainwater harvesting systems as collected water would be contaminated with grey water.,South India,Warm-Humid|Hot-Dry|Temperate|Composite,Basic,1,2,1,High,2024-Q1,Combined drain plumbing normalized per sqft; Karnataka PWD SOR 2024-25 reference,25,0.5,10,0.08,0.005,Low,SWR PVC pipe lifespan 25-30 years,5,5,6,High,Non-Rated,0,10,No thermal contribution.,20,1,N/A,Rainwater harvesting systems (C6)|Grey water reuse,Plots without RWH requirement,SWR PVC pipes|Gully traps|Inspection chambers,Not acceptable for plots where BBMP mandates RWH (above 1200 sqft in most Bangalore layouts).,None,Not compatible with any rainwater harvesting system - incompatible with C6 RWH decisions,"If you have selected a rainwater harvesting system (C6), you cannot use combined plumbing. Separate roof drain pipes are required to collect clean rainwater separately from grey water.",Warning,BBMP Rainwater Harvesting Bye-laws; TNPCB regulations,Combined plumbing made sense when rainwater harvesting was not mandatory and water was not scarce but that is no longer the situation in most South India cities. BBMP has made rainwater harvesting mandatory for all plots above 1200 sqft in Bangalore and a combined drainage system makes it technically impossible to implement RWH because the rooftop water is mixed with wastewater. If you know that you will eventually do RWH - and you should because the BBMP occupancy certificate increasingly requires it - then installing separate pipes from the start costs a few thousand rupees more whereas retrofitting separate downpipes after construction requires extensive work breaking out plastered walls. I recommend separate pipes for all new construction regardless of current RWH plans.,Lowest drainage cost|Simple installation|No maintenance of separate systems,Cannot be used with any RWH system|Not BBMP compliant for plots above 1200 sqft|Wastes rooftop rainwater to sewer|Retrofit is expensive and disruptive,Combined rainwater and waste pipes. Cheapest but incompatible with any rainwater harvesting. Not BBMP compliant for large plots.,Active,None,AI
RWPL-002,Systems,Rainwater Plumbing,rainwater_plumbing_separate,Separate Roof Drain Pipes,"Dedicated SWR PVC downpipes from roof to ground for rainwater, completely separate from the household wastewater drainage system. Enables rainwater harvesting by routing clean roof water to sump or recharge pit. Standard specification for BBMP compliance.",South India,Warm-Humid|Hot-Dry|Temperate|Composite,Intermediate,2,5,3,High,2024-Q1,Separate SWR downpipe addition cost; Bangalore plumber rates 2024; normalized per sqft,25,0.5,10,0.06,0.005,Low,SWR PVC pipe lifespan 25-30 years,5,5,7,High,Non-Rated,0.1,10,No thermal contribution.,20,1,N/A,None,Rainwater harvesting systems (C6)|Recharge pit|Collection tank,110-160mm SWR PVC downpipes|First flush diverter|Gutter or parapet spout at roof|Inspection chamber at base,In high rainfall areas above 1500mm annual size drainpipes adequately for peak monsoon flow.,None,First flush diverter mandatory to exclude initial dirty runoff from storage,"The first 1-2mm of rainfall after a dry period washes dust, bird droppings and pollutants from the roof surface. A first flush diverter valve automatically discards this initial flow and then routes clean water to storage.",Warning,BBMP RWH Bye-laws; IS 15797,Separate downpipes are the standard I recommend for all new construction in Bangalore regardless of current RWH plans because once the plaster goes on adding separate downpipes requires breaking channel tracks in finished walls which is expensive and messy. The 110mm SWR pipes run from the roof outlets down the external wall face typically tucked into the plinth junction and terminate at an inspection chamber at ground level from where they go to the recharge pit or sump. The first flush diverter is a cheap but important accessory - it is a simple valve that diverts the first 20-30 litres of roof runoff to waste because this water contains the accumulated dust and bird droppings from the dry period. After the initial flush is diverted the valve closes and clean water flows to your storage. Without this the first heavy rain after summer puts a very dirty load into your sump.,BBMP compliant for plots above 1200 sqft|Enables rainwater harvesting|Clean water separation|Marginal cost over combined system|First flush diverter improves harvested water quality,Higher cost than combined system|Slightly more complex installation|Requires first flush diverter for clean harvesting|Separate inspection chambers needed,Separate roof drainpipes. Standard for BBMP compliance and RWH. Install first flush diverter. Do during construction not after.,Active,None,AI
RWPL-003,Systems,Rainwater Plumbing,rainwater_plumbing_dual_greywater,Dual System with Grey Water Reuse,"Full dual-pipe drainage system separating roof rainwater, bathroom grey water (washbasin, shower), and blackwater (WC). Grey water is treated and reused for toilet flushing and garden irrigation. Full BBMP compliance. Maximum water conservation system.",South India,Warm-Humid|Hot-Dry|Temperate|Composite,Premium,3,12,8,Medium,2024-Q1,Dual drain system plus grey water treatment unit; South India specialist plumber rates 2024; normalized per sqft,20,0.6,5,0.15,0.015,High,Grey water treatment system lifespan 15-20 years; pipe system 25 years,5,5,7,High,Non-Rated,0.2,10,No thermal contribution.,20,1,N/A,None,Full RWH system (C6 RWH-004)|IGBC Green Homes compliance,Separate grey water collection pipes|Grey water treatment unit (biofilter or constructed wetland)|Treated water storage|Garden or flushing reuse connection|BBMP discharge approval,"Most valuable in water-scarce cities (Bangalore, Hyderabad). Less critical in high-rainfall zones with abundant groundwater.",None,Grey water treatment system requires regular maintenance - not suitable for low-maintenance households,A grey water reuse system requires monthly maintenance of filter media and annual inspection of the treatment unit. This system is not suitable for households that cannot commit to this maintenance schedule.,Warning,BBMP grey water regulations; IS 16095; CPHEEO Manual,Dual drainage with grey water reuse is the gold standard for water conservation in South India and makes particularly good sense in Bangalore where water scarcity is acute and BWSSB has been rationing supply in many areas. A typical South India household generates 80-100 litres per person per day of grey water from showers washbasins and kitchen sinks. Treated and reused for toilet flushing and garden irrigation this eliminates 30-40 percent of total water demand. The system requires a grey water treatment unit - either a biofilter or a constructed wetland filter bed - and separate collection pipes that must be installed during construction since retrofitting is essentially impossible without major disruption. The ongoing maintenance requirement is real: the filter media needs cleaning and replacement every 3-6 months and the treatment unit needs an annual inspection. If your household will not commit to this maintenance the system will smell and fail within a year.,Maximum water conservation - 30-40% demand reduction|Full BBMP and IGBC compliance|Reduces BWSSB water bill significantly|Environmental responsibility|Good for water-scarce locations,Highest cost and complexity|Must be installed during construction - retrofitting not practical|Regular maintenance mandatory - monthly filter cleaning|Requires household commitment to maintenance|Complex plumbing requires specialist installer,Dual grey water reuse system. Maximum water saving but requires monthly maintenance commitment. Install during construction only.,Active,None,AI
WH-001,Systems,Water Heating,water_heating_electric_geyser,Electric Storage Geyser,"Electric resistance water heater (storage geyser) of 15-25 litre capacity per bathroom. Most common water heating solution in India. Low upfront cost, high running cost. Energy efficiency depends on BEE star rating.",South India,Warm-Humid|Hot-Dry|Temperate|Composite,Basic,1,3,2,High,2024-Q1,Racold/Havells/AO Smith geyser market rate 2024; normalized per sqft built-up area,8,0.9,3,0.15,0.02,Low,Geyser heating element lifespan 6-10 years; tank lifespan 10-15 years,5,5,5,Medium,Non-Rated,-0.2,10,2-3 kWh electricity per day per bathroom. Highest energy consumption of all heating options.,20,1,N/A,None,All bathroom configurations,15A socket with ISI mark|Separate MCB for each geyser|Earth leakage protection (ELCB/RCCB),None,None,Mandatory ELCB (Earth Leakage Circuit Breaker) for all bathroom geyser circuits,Geyser without ELCB protection is a serious electrical safety risk in wet bathroom conditions. Every geyser circuit must have ELCB/RCCB protection. This is a legal requirement under NBC.,Strong-Warning,NBC 2016; IS 8884; BEE star rating,Electric geysers are the default because they are cheapest upfront and every electrician and plumber knows how to install them but the running cost story is poor. A 15-litre geyser draws 2 kW and takes 15-20 minutes to heat a tank - that is 0.5 kWh per hot bath. For a family of 4 taking daily hot baths that is 2 kWh per day or roughly Rs 12-16 per day at BESCOM rates totalling Rs 4500-5500 per year just for water heating. Over 20 years that is Rs 90000-110000 in electricity costs. A solar water heater at Rs 25000 upfront pays back in 4-5 years and then provides effectively free hot water for 20+ years. The only advantage of the electric geyser in South India is that it is the backup for cloudy monsoon periods. I recommend electric geysers only as backup to solar or heat pump systems not as the primary water heating choice.,Lowest upfront cost|Simple installation|Wide availability and service|No weather dependency|Instant hot water after heat-up period,Highest running cost of all options|2 kW power draw per unit|Safety risk without ELCB protection|8-10 year lifespan|Not suitable as primary heater for South India,"Electric geyser. Lowest upfront cost, highest running cost. ELCB mandatory. Use as backup to solar, not primary heating.",Active,None,AI
WH-002,Systems,Water Heating,water_heating_gas_geyser,Gas Geyser (LPG/PNG),Instantaneous gas water heater using LPG or Piped Natural Gas (PNG). Provides continuous hot water without storage. Lower running cost than electric geyser. Suitable where PNG connection is available (expanding in Bangalore and Chennai).,South India,Warm-Humid|Hot-Dry|Temperate|Composite,Intermediate,2,5,3,Medium,2024-Q1,Gas geyser market rate 2024; normalized per sqft,12,0.8,5,0.1,0.01,Medium,Gas geyser heat exchanger lifespan 10-15 years,5,5,6,Medium,Non-Rated,-0.1,9,Lower carbon emission per unit heat than electric geyser where grid is coal-powered.,20,1,N/A,None,All bathroom configurations|PNG or LPG connection,PNG connection (preferred) or LPG cylinder|Gas pipe with ball valve|Flue vent to outside|CO detector,None,None,Gas geyser must be installed with external flue and never in an enclosed bathroom without ventilation,Gas geysers produce combustion gases including CO. Installation in an enclosed bathroom without proper external flue ventilation is a fatal risk. External wall installation with flue mandatory.,Strong-Warning,IS 6993; BIS gas appliance safety; NBC 2016,Gas geysers make sense in areas where Piped Natural Gas connection is available and the running cost advantage over electric is real - PNG at current rates gives hot water at roughly 40-50 percent the cost of electric heating. The PNG network is expanding in Bangalore through GAIL and in Chennai through IGL. The safety requirement that cannot be compromised is the external flue - gas combustion produces carbon monoxide and a gas geyser in an enclosed bathroom without a proper outside flue has killed people. The geyser must be mounted on an external wall with the flue pipe going directly outside. Never install in a bathroom with no external wall. Install a CO detector as well. For LPG operation the running cost advantage narrows considerably because LPG is significantly more expensive than PNG.,Lower running cost than electric (PNG)|Instant continuous hot water - no storage needed|No electricity dependency|Better than electric for large families|Faster flow rate,PNG connection required for cost advantage|Safety risk without external flue - fatal if incorrectly installed|CO detector mandatory|LPG variant loses cost advantage|Not suitable for enclosed bathrooms,Gas geyser. Lower cost with PNG. External flue and CO detector mandatory. Never install in enclosed bathroom.,Active,None,AI
WH-003,Systems,Water Heating,water_heating_solar,Solar Water Heater,"Flat plate or evacuated tube solar water heater system. 100-200 litre capacity on rooftop. Best suited for South India where annual solar radiation is very high (5.5-6.5 kWh/sqm/day). 4-5 year payback, effective for 20+ years.",South India,Warm-Humid|Hot-Dry|Temperate,Performance,3,12,6,High,2024-Q1,Racold/AO Smith/V-Guard solar system market rate Bangalore/Chennai 2024; 150L ETC system; normalized per sqft,20,0.6,5,0.1,0.005,Low,MNRE solar water heater performance data; 20-25 year system lifespan; collector 15 years,5,5,8,High,Non-Rated,0.2,9,Provides 70-80% of annual water heating from solar. Backup geyser needed for monsoon months only.,20,1,N/A,None,All bathroom configurations|Backup electric geyser,Rooftop space (2-3 sqm per 100L)|Insulated storage tank|Backup electric element for monsoon|MNRE approved system,Best performance in Hot-Dry and Warm-Humid zones. Evacuated tube collector performs better in cloudy conditions than flat plate.,None,Use evacuated tube collector (ETC) not flat plate in high-humidity zones for better monsoon performance,In high-humidity zones like coastal Karnataka and Kerala evacuated tube collectors perform significantly better on partly cloudy days than flat plate collectors. Specify ETC type for coastal and high-rainfall locations.,Warning,MNRE JNNSM guidelines; IS 12933,Solar water heating is the best financial decision you can make for water heating in South India. Bangalore gets 300+ sunny days a year and solar radiation is excellent even in the so-called rainy season because it is rarely fully overcast for more than 2-3 consecutive days. A 150 litre ETC solar water heater system from Racold or AO Smith costs around Rs 18000-22000 installed and eliminates 70-80 percent of your water heating electricity bill. The payback is 4-5 years and then you have free hot water for 15-20 more years. The only maintenance needed is an annual cleaning of the collector tubes which takes 30 minutes. The backup electric element in the tank handles the monsoon cloudy periods. Get an MNRE approved system to be eligible for the BESCOM solar subsidy. Install it before your roof is finished because routing the pipes is much easier before the false ceiling is done.,4-5 year payback then free hot water|Best for South India solar radiation|20 year system lifespan|70-80% energy saving|MNRE subsidy eligible|ECBC compliance pathway,Requires rooftop space and structural capacity|Performance reduced in cloudy monsoon periods (backup needed)|Roof plumbing must be planned early|Slightly less effective in very high rainfall zones,Solar water heater. Best choice for South India. 4-5 year payback. Use ETC type. Install before roof finishing.,Active,None,AI
WH-004,Systems,Water Heating,water_heating_heat_pump,Heat Pump Water Heater,Heat pump water heater using ambient air as heat source. COP (Coefficient of Performance) of 3-4 meaning 3-4 kWh of heat for every 1 kWh of electricity. 60-70% energy saving versus electric geyser. Premium upfront cost with 5-7 year payback.,South India,Warm-Humid|Hot-Dry|Temperate|Composite,Premium,4,20,10,Medium,2024-Q1,Daikin/Racold heat pump market rate South India 2024; normalized per sqft,15,0.7,3,0.12,0.01,Medium,Heat pump compressor lifespan 12-18 years; tank 15-20 years,5,4,7,Medium,Non-Rated,0.3,9,COP 3-4: delivers 3-4 kWh heat per kWh electricity consumed. 60-70% saving vs resistive geyser.,20,1,N/A,None,All bathroom configurations,Outdoor unit location with good air circulation|Condensate drain|15A dedicated circuit|Annual refrigerant check service,Performance reduces below 10°C ambient - not an issue for most South India locations. Best in warm humid conditions.,None,Install in location with good air circulation - enclosed spaces reduce performance significantly,Heat pump water heaters need good ambient air flow around the unit. Installing in an enclosed utility room or store restricts airflow and significantly reduces efficiency. Place in a ventilated external location.,Warning,IS 15195; heat pump manufacturer installation guidelines,Heat pump water heaters are the premium technology choice and they make particularly good sense in South India because the warm ambient temperatures year-round give the heat pump excellent operating conditions. A heat pump extracts heat from the ambient air and transfers it to water rather than generating heat from electricity directly - this gives a COP of 3 to 4 meaning you get 3 to 4 kilowatts of heat for every kilowatt of electricity. Compared to a 2 kW resistive geyser a heat pump does the same job using 500-700 watts. Over 20 years this difference pays back the premium cost approximately 5 times. The downside is that it requires annual maintenance of the refrigerant circuit - you need a trained HVAC technician similar to what you use for a split AC. Also the unit makes a sound similar to a small AC outdoor unit so it cannot be placed directly outside a bedroom window. For premium construction where energy efficiency is a priority and the owner wants to reduce both electricity bills and carbon footprint the heat pump is the clear choice.,60-70% energy saving versus electric geyser|Best for warm South India ambient conditions|Works at all hours unlike solar|Premium eco-friendly choice|Long lifespan|ECBC compliance pathway,Highest upfront cost|Annual refrigerant maintenance needed|Makes noise like AC outdoor unit|Enclosed installation reduces performance|5-7 year payback longer than solar,Heat pump water heater. 60-70% energy saving. Place in ventilated location. Annual refrigerant service needed. 5-7 year payback.,Active,None,AI
UPS-001,Systems,UPS Provision,ups_no_provision,No UPS Provision,No dedicated inverter or UPS circuit wiring. All circuits powered from BESCOM/TNEB grid only. Only suitable for areas with fully reliable 24/7 power supply and no planned inverter or home battery system.,South India,Warm-Humid|Hot-Dry|Temperate|Composite,Basic,1,0,0,High,2024-Q1,No additional cost,25,0.5,0,0,0,Low,No UPS wiring - standard electrical lifespan applies,5,5,6,Medium,Class A,0,10,No thermal contribution.,20,1,N/A,Future inverter installation without rewiring,All electrical systems,None,None,None,Not recommended for most South India locations - power cuts of 2-6 hours common in many areas,Without UPS wiring provision any future inverter installation requires partial rewiring of the distribution board and dedicated circuit routing - adding Rs 15000-25000 to future installation cost.,Warning,BESCOM/TNEB outage data,No UPS provision made sense when inverters were expensive luxury items and South India power supply was more reliable. In 2024 Bangalore areas outside the CBD still experience 2-4 hour scheduled power cuts in summer and unscheduled outages during monsoon. Without any UPS wiring the inverter can only power the circuits it is hardwired to which requires partial rewiring of the distribution board after construction. The DB board rewiring alone costs Rs 8000-12000 and if separate UPS circuit conduits are needed through plastered walls the total can reach Rs 20000-30000. The pre-provision cost during construction is Rs 2000-3000 for an extra conduit and changeover switch position in the DB. This is a straightforward economic decision.,No upfront cost|Simplest electrical installation,No power backup for any circuit|Future inverter addition requires DB rewiring and conduit work|Not suitable for most South India locations with power cuts|Rs 15000-25000 additional cost to add later,No UPS wiring. Not recommended for most South India areas. Adding later costs Rs 15000-25000 in rewiring.,Active,None,AI
UPS-002,Systems,UPS Provision,ups_essentials_circuit,Essentials Circuit (Lights + Fans),"Dedicated UPS/inverter circuit for essential loads: all lights, ceiling fans, router, and one TV point per floor. Separate wiring from a changeover switch in the distribution board. Covers 80% of household inconvenience from power cuts at 20% of whole-house backup cost.",South India,Warm-Humid|Hot-Dry|Temperate|Composite,Intermediate,2,4,3,High,2024-Q1,Dedicated UPS circuit wiring + changeover switch; Bangalore electrician rates 2024; normalized per sqft,20,0.4,5,0.05,0.005,Low,UPS circuit wiring lifespan 20-25 years; inverter battery replacement every 3-5 years (separate cost),5,5,7,Medium,Class A,0,10,No thermal contribution.,20,1,N/A,None,All residential configurations|Tubular/Li-ion inverter battery,Changeover switch or ATS in distribution board|Separate 2.5 sqmm copper circuit for lights and fans|Inverter battery space in utility area (minimum 1 sqm),None,None,Reserve space for inverter battery (minimum 1sqm ventilated area) in utility or store room,Lead-acid inverter batteries must be placed in ventilated locations away from living areas as they emit hydrogen gas during charging. Lithium-ion batteries are safer but require adequate space and ventilation. Plan for this space.,Warning,IS 1651; inverter manufacturer installation guidelines,"The essentials circuit with a 4-hour battery backup for lights fans and router covers 80 percent of the practical inconvenience from power cuts at 20 percent of the cost of a whole-house backup system. During a typical South India power cut what you actually need to be comfortable is functioning ceiling fans, lights to see by and a working internet router. The AC can wait - running fans makes a significant difference in comfort. The changeover switch in the distribution board is a simple manual or automatic transfer switch that takes 5 minutes to install during the electrical work and costs Rs 800-1500. The conduit for the separate UPS circuit needs to run parallel to the main circuit conduit. Plan the inverter battery location carefully - lead acid batteries emit hydrogen gas during charging and need ventilation away from sleeping areas. A small store room or utility area corner with a 1 sqm footprint is ideal.",Covers 80% of power cut inconvenience at low cost|Simple standard installation|All contractors understand this|Easy to scale up battery capacity later|Lights + fans + router - the essential comfort needs,Does not support AC or other high-power loads|Battery needs replacement every 3-5 years|Lead acid battery needs ventilated location|Cannot support EV charging,"Essentials circuit for lights, fans, router. Best value UPS provision. Reserve ventilated 1sqm space for battery.",Active,None,AI
UPS-003,Systems,UPS Provision,ups_whole_house_backup,Whole-House Backup (All Circuits),"All household circuits connected to inverter/battery backup through automatic transfer switch. Includes AC circuits, kitchen appliances, and all power sockets. Premium lithium-ion battery system or large inverter bank. For areas with severe and frequent power cuts.",South India,Warm-Humid|Hot-Dry|Temperate|Composite,Premium,3,10,7,Medium,2024-Q1,Full ATS + high-capacity wiring + large battery system; Bangalore specialist rates 2024; normalized per sqft,15,0.7,3,0.2,0.015,High,Li-ion battery 10-15 year lifespan; lead acid 5-7 years for high-cycle whole house use,5,5,8,Medium,Class A,0.05,10,No thermal contribution.,20,1,N/A,None,All residential configurations|Solar grid-tied system|Li-ion home battery,High-capacity ATS or automatic changeover|Heavy gauge wiring for AC circuits|Lithium-ion battery system (preferred)|Dedicated battery room or large utility space|Annual inspection,None,None,Use lithium-ion battery for whole-house backup - lead acid loses capacity rapidly under AC load cycles,Whole-house backup with AC inclusion requires Li-ion batteries. Lead-acid batteries lose 30-40% capacity within 2 years when regularly discharged deeply by AC loads. The economics work only with Li-ion.,Warning,IS 1651; Li-ion battery safety standards; installer guidelines,Whole house backup makes genuine sense for plots in areas that have 4-6 hour cuts on a daily basis during summer particularly in some parts of Tamil Nadu and Andhra Pradesh where scheduled load shedding is still a reality. For Bangalore it is generally over-specified as grid reliability has improved significantly in most layouts. The critical technology decision is the battery. If you put lead-acid batteries in a whole-house backup system that regularly runs your 1.5 ton AC for 3-4 hours daily the batteries will be at 60 percent capacity within 18 months and need replacement within 3 years. Lithium-ion batteries handle deep cycling gracefully and last 10-15 years. The upfront cost is 3-4x more than lead acid but the lifecycle cost is lower. If you are also considering solar this system integrates naturally as a home battery storage system combining the backup benefit with solar self-consumption optimisation.,Complete backup including AC - no lifestyle change during cuts|Integrates with solar battery storage|Automatic transfer - no manual intervention|Li-ion system lasts 10-15 years,Highest cost|Li-ion battery essential (3-4x lead acid cost)|Requires dedicated battery space|Annual maintenance|Overkill for most Bangalore locations with good grid reliability,Whole-house backup including AC. Use Li-ion batteries only - lead acid fails rapidly under AC load. High cost but necessary for high-cut areas.,Active,None,AI
CWALL-001,External,Compound Wall,compound_wall_live_hedge,Live Hedge Boundary,"Planted live hedge as boundary demarcation using species like Bougainvillea, Duranta, Ixora or Bamboo. Permeable, green, and low-cost. Requires regular trimming. Only provides soft boundary - not a security barrier.",South India,Warm-Humid|Hot-Dry|Temperate|Composite,Basic,1,5,3,Medium,2024-Q1,Nursery plant + soil preparation + labour; normalized per sqft of boundary length,20,0.4,0,0,0.05,Medium,Live hedge requires annual trimming and periodic replacement of dead sections,5,5,4,High,Non-Rated,0.05,10,Green hedge provides shade - minor thermal benefit on adjacent walls.,20,1,N/A,None,All residential configurations,Hardy hedge species selection|Irrigation provision|Trimming schedule,Select drought-tolerant species for Hot-Dry zones.,None,Not a security boundary - animals and people can pass through easily,A live hedge provides no meaningful security boundary. It is suitable only as an aesthetic demarcation for plots that rely on other security measures or where a formal wall is not required.,Warning,Local municipal building regulations,A live hedge is a beautiful boundary treatment that is common in bungalow layouts and civil station type residential areas but it is not a serious security boundary. It works best as a front garden demarcation combined with a vehicular gate where actual security is provided by the gate and the enclosed compound. For rear and side boundaries where security matters a hedge alone is inadequate. The maintenance requirement is real - an untrimmed Bougainvillea hedge becomes an impenetrable thorny mass that blocks the footpath and irritates neighbours. If you choose a hedge boundary plan for quarterly trimming and a person to do it. Bamboo is my favourite choice for side boundaries as it grows quickly creates a solid visual screen and is very low maintenance once established.,Most economical boundary|Green aesthetic - improves neighbourhood appearance|Permeable - allows air flow|Low initial cost|Environmental benefit,No security function|Requires regular trimming maintenance|Takes 2-3 years to fully establish|Dead sections need replacement|Cannot support security cameras or lights easily,Live hedge boundary. Green and economical. Not a security barrier. Quarterly trimming required.,Active,None,AI
CWALL-002,External,Compound Wall,compound_wall_metal_palisade,Metal Palisade / Grille Wall,"Metal palisade or ornamental grille fabricated from MS or tubular steel sections, powder coated. Provides visual boundary and partial security while maintaining visibility. Good modern aesthetic for front boundaries of independent houses.",South India,Warm-Humid|Hot-Dry|Temperate|Composite,Intermediate,2,18,8,Medium,2024-Q1,MS palisade fabrication + powder coat; contractor rate Bangalore 2024; normalized per sqft,15,0.7,5,0.15,0.02,Medium,MS palisade powder coat lifespan 8-12 years; repainting every 5-8 years,5,3,6,Medium,Non-Rated,0,10,Open boundary - no thermal mass.,20,1,N/A,None,All residential configurations|RCC plinth beam base,RCC plinth beam as base (150mm minimum)|Post anchor bolts|Powder coat finish|Annual rust inspection,In coastal zones use hot-dip galvanised + powder coat or use SS instead of plain MS.,None,Mount on RCC plinth beam - never directly in soil,Metal palisade posts set directly in soil corrode at the buried section within 3-5 years. All posts must be mounted on a concrete plinth beam minimum 150mm above ground with proper anchor bolts.,Warning,IS 1161; NBC 2016,Metal palisade boundaries are popular for front-of-house aesthetics particularly combined with a solid gate because they give visibility and an open feel while still demarcating the property clearly. The corrosion issue is the main challenge - MS steel in South India humidity needs a good quality powder coat finish and in coastal areas you need hot-dip galvanising underneath the powder coat. Never allow the contractor to set palisade posts directly in soil because the buried section corrodes in 3-5 years leaving the posts wobbly and requiring expensive replacement. All posts must sit on a RCC plinth beam with anchor bolts. Budget for repainting every 5-8 years as a maintenance requirement.,Modern open aesthetic|Good visibility|Moderate cost|Deters casual trespassers|Allows natural air flow,Moderate security - can be climbed|Requires repainting every 5-8 years|Coastal corrosion risk without galvanising|Posts must be on RCC plinth - not in soil,Metal palisade. Mount on RCC plinth beam - never in soil. Repaint every 5-8 years. Galvanise before powder coat for coastal areas.,Active,None,AI
CWALL-003,External,Compound Wall,compound_wall_precast,Precast Concrete Panel Wall,"Precast concrete compound wall panels installed between RCC columns. Faster construction than brick masonry. Consistent quality, good durability, and economical at scale. Growing adoption across South India residential and commercial.",South India,Warm-Humid|Hot-Dry|Temperate|Composite,Standard,3,25,10,Medium,2024-Q1,Precast panel supply and erection; South India precast manufacturer rates 2024; normalized per sqft,30,0.5,15,0.08,0.005,Low,Precast concrete panel lifespan 25-35 years; painting every 10 years,5,6,7,High,Class A,0,10,Concrete panels provide moderate thermal mass and privacy.,20,1,N/A,None,All residential configurations,RCC column posts at 2.5-3m centres|Foundation for columns|Panel transport and erection crane or manual,None,None,None,,,IS 15917; precast concrete specification,Precast concrete panel walls have become the go-to choice for compound walls in new layouts across Bangalore and Hyderabad because erection is fast - a 30-metre compound wall goes up in one day compared to a week for brick masonry and the quality is consistent because the panels are factory manufactured. The RCC column spacing determines the panel size - typically 2.5-3 metre spans. The aesthetic is clean and modern and can be painted in any colour. The main limitation is the relatively plain visual appearance compared to stone or brick which some clients find too industrial for a residential frontage.,Fast installation - 1-2 days for typical compound wall|Factory quality consistency|Good durability - 30 year lifespan|Economical|Maintenance-free except painting,Plain industrial aesthetic|Fixed panel sizes - less design flexibility|Requires crane or equipment for larger panels|Less premium appearance than stone or brick,Precast concrete panels. Fast installation. 30-year lifespan. Good economical choice with modern appearance.,Active,None,AI
CWALL-004,External,Compound Wall,compound_wall_stone,Random Rubble Stone Wall,"Traditional compound wall built with locally sourced granite or laterite rubble stone. Distinctive vernacular aesthetic characteristic of South India. Moderate cost, good durability, and excellent visual character for heritage-style and architect-designed homes.",South India,Warm-Humid|Hot-Dry|Temperate|Composite,Performance,4,35,18,Medium,2024-Q1,Rubble stone supply + skilled mason rate; Karnataka 2024; normalized per sqft,50,0.3,25,0.05,0.002,Low,Stone masonry lifespan 40-60 years with minimal maintenance,5,7,8,High,Class A,0,10,High thermal mass stone wall. Good acoustic barrier.,20,1,N/A,None,All residential configurations|Heritage and architect-designed homes,Skilled stone mason|Local granite or laterite rubble|Cement mortar 1:4 for bedding|Coping stone at top,None,None,Skilled stone mason required - random rubble quality is very workmanship-dependent,Random rubble stone walling quality depends entirely on mason skill. Stones must be well-packed with minimal mortar joints for stability. Inspect ongoing work - poorly laid rubble with large mortar-filled voids is weak and ugly.,Warning,IS 1597 Part 1; NBC 2016,Rubble stone compound walls are my recommendation for any client who wants a house that looks like it belongs in South India rather than a generic apartment complex. Granite rubble laid by a skilled mason with Bangalore blue or Tumkur grey stone creates a wall that looks more beautiful as it ages and has genuine character. The skill requirement is real - random rubble walling done by an unskilled mason with oversized mortar beds and poorly fitting stones is both ugly and weak. Spend time to find a mason who has done good stone work before and look at examples of his prior jobs. The stone should be laid with minimal mortar at joints with good contact between stones. The top coping is critical - install a proper stone coping or RCC coping to prevent water from penetrating the wall through the top.,Most distinctive South India vernacular aesthetic|50-year lifespan with minimal maintenance|Good acoustic and thermal mass|Ages beautifully|Locally sourced materials,Higher cost than precast or metal|Skilled mason required - quality varies greatly|Slower construction than precast|Stone supply logistics from quarry,Rubble stone compound wall. Best aesthetic for South India homes. Skilled mason essential - inspect ongoing work for quality.,Active,None,AI
CWALL-005,External,Compound Wall,compound_wall_brick_masonry,Brick Masonry Compound Wall,"Traditional brick masonry compound wall, typically 230mm (one brick) thick, plastered and painted. Standard specification across South India. Good security, privacy, and durability. Most widely built compound wall type.",South India,Warm-Humid|Hot-Dry|Temperate|Composite,Premium,5,45,22,High,2024-Q1,Karnataka PWD SOR 2024-25 brick masonry; plastering + painting; normalized per sqft,40,0.4,10,0.08,0.008,Low,Brick masonry compound wall lifespan 35-50 years with periodic painting,5,8,9,High,Class A,0,10,Solid brick wall provides good acoustic barrier and thermal mass.,20,1,N/A,None,All residential configurations,Wire cut or burnt clay brick|Cement mortar 1:4|Plaster coat|Exterior paint|Coping at top|Pilasters at 3m centres for walls above 1.5m,In high rainfall zones use water-repellent exterior paint.,None,Pilasters (vertical RCC columns) mandatory at 3m centres for compound walls above 1.5m height,Brick compound walls above 1.5m height without vertical pilasters are structurally unstable and can topple in storms or seismic events. Pilasters at 3m spacing are mandatory as per NBC 2016.,Strong-Warning,IS 1905; NBC 2016 Part 6,Brick masonry compound walls are the gold standard for South India residential construction and for good reason - they are strong durable private and adaptable for CCTV cameras and lighting attachments. The structural detail that is routinely skipped is the vertical pilaster or buttress at 3 metre intervals. A 2.2 metre high compound wall spanning 30 metres without pilasters is a long thin unreinforced panel that will develop cracks and can topple during strong winds or an earth tremor. The pilasters are 230mm x 230mm RCC columns anchored in the ground below and cast before the brick work begins. They add Rs 1500-2000 per pilaster to the wall cost but are non-negotiable structurally. The coping at the top of the wall is the other detail that gets skipped - without a coping tile or RCC coping the top course of bricks absorbs rain water and the cycle of wetting and drying destroys the mortar joint within 5-8 years.,"Best security and privacy|40-year lifespan|Strong and durable|Easy to attach cameras, lights, and decorative elements|Standard South India specification|Good acoustic barrier",Highest cost compound wall|Slower construction|Requires pilasters for walls above 1.5m|Regular painting maintenance|Coping detail important,Brick masonry compound wall. Best security and durability. Pilasters at 3m centres mandatory for walls above 1.5m. Coping tile at top.,Active,None,AI
GATE-001,External,Gate & Entry,gate_wooden,Wooden Gate,"Timber gate using teak, sal or engineered wood frame and panels. Traditional aesthetic. Requires termite treatment and regular oiling/painting. Highest maintenance of all gate types in South India conditions.",South India,Warm-Humid|Hot-Dry|Temperate|Composite,Basic,1,15,8,Medium,2024-Q1,Teak/sal gate market rate 2024; normalized per sqft,15,0.8,3,0.2,0.03,High,Timber gate lifespan 12-20 years with regular treatment; less in high humidity,5,5,5,Low,Class C,0,9,No thermal contribution.,20,1,N/A,None,All residential configurations,Pre-construction termite treatment|Annual teak oil application|Anti-rust hinges and hardware|Gate post in concrete,"Not recommended in coastal zones (Mangalore, Kochi) due to extreme humidity accelerating wood decay.",None,Pre-treat with termicide before installation and apply teak oil annually,Untreated timber gates in South India develop termite infestation within 3-5 years and require full replacement. Pre-treatment and annual maintenance are mandatory for acceptable lifespan.,Warning,IS 6313 termite protection; IS 4873,Wooden gates have a traditional appeal and look beautiful when new but in South India conditions they require significant ongoing maintenance commitment. South India humidity is extremely aggressive on untreated timber - termites will find untreated wood within 5 years and high moisture causes warping and paint failure. A properly treated teak gate with annual oiling and 3-yearly painting can last 15+ years but requires this discipline. If the household will not maintain the gate it will look shabby within 5 years. For clients who want a warm natural material aesthetic I recommend teak with pre-bore termite treatment and a proper schedule of annual oiling. For clients who want low maintenance go to MS powder coat or aluminium.,Traditional warm aesthetic|Natural material feel|Customisable to any design|Repairable locally,Highest maintenance requirement|Termite risk without treatment|Warps in high humidity|Not recommended for coastal areas|Fire risk compared to metal,Wooden gate. Pre-treat for termites. Annual oiling mandatory. Not suitable for coastal areas or low-maintenance households.,Active,None,AI
GATE-002,External,Gate & Entry,gate_ms_fabricated,MS Fabricated Gate (Powder Coated),"Mild steel flat section or tube fabricated gate with powder coat finish. Most common residential gate in South India. Economical, strong, and can be designed in any pattern. Good balance of cost and durability.",South India,Warm-Humid|Hot-Dry|Temperate|Composite,Intermediate,2,25,10,High,2024-Q1,MS gate fabrication + powder coat; Bangalore/Chennai contractor rates 2024; normalized per sqft,20,0.7,5,0.1,0.01,Low,Powder coat MS gate lifespan 15-25 years with repainting at 7-10 years,5,5,7,Medium,Class A,0,10,No thermal contribution.,20,1,N/A,None,All residential configurations,Galvanised and powder coated finish|Stainless steel hinges for coastal areas|Gate post anchors in concrete|Gate closer for pedestrian gate,In coastal zones add hot-dip galvanising before powder coat or specify SS hinges and hardware.,None,Inspect hinge weld joints annually - weld failure at hinges is the most common MS gate failure,The weakest point of MS gates is the weld at the hinge connection. Inspect annually and repaint touch-up any rust spots before they spread. The hinge welds bear the full gate weight and movement stress.,Warning,IS 1161; NBC 2016,The MS powder coated gate is the standard for South India residential construction and it is the right default choice for 90 percent of residential properties. The design flexibility is good - any pattern from simple flat bars to ornamental scroll work can be fabricated to order by a local blacksmith. The quality control issue is the powder coat thickness and the hinge weld quality. Cheap fabricators use very thin powder coat that chips within 3 years exposing the MS to rusting. Insist on minimum 70 micron powder coat thickness and check by scraping a hidden corner. The hinge welds carry the full dynamic load of the gate swinging and must be properly welded and ground smooth - rough porous welds are a stress concentration point. For coastal locations within 10km of the sea the MS will rust through within 5-8 years without hot-dip galvanising under the powder coat - specify this explicitly.,Most economical durable gate|Widely available fabricators|Design flexibility|20-year lifespan with maintenance|Standard South India specification|Good security,Requires repainting every 7-10 years|Coastal corrosion without galvanising|Hinge welds require annual inspection|Heavy for manual operation in large gates,MS powder coat gate. Standard and economical. Galvanise before powder coat for coastal areas. Check 70+ micron coat thickness.,Active,None,AI
GATE-003,External,Gate & Entry,gate_aluminium,Aluminium Gate,"Extruded aluminium section gate with anodised or powder coated finish. Rust-free, lightweight, and low maintenance. Higher upfront cost than MS but much lower lifecycle cost due to zero corrosion. Good for coastal areas.",South India,Warm-Humid|Hot-Dry|Temperate|Composite,Performance,3,35,12,Medium,2024-Q1,Aluminium gate fabrication + anodising; South India market 2024; normalized per sqft,30,0.5,15,0.05,0.003,Low,Aluminium gate lifespan 25-40 years; anodising lasts entire life,5,5,8,Very High,Class A,0,10,No thermal contribution.,20,1,N/A,None,All residential configurations|Coastal construction,6063-T5 architectural aluminium sections|Anodised or powder coated finish|Aluminium-compatible fixings (not steel bolts)|Spring closer for pedestrian gate,Strongly recommended for coastal zones within 20km of sea. No corrosion regardless of proximity to sea.,None,Use aluminium-compatible stainless steel fixings - steel bolts cause galvanic corrosion at contact with aluminium,"Steel bolts and fixings in contact with aluminium cause galvanic corrosion that damages both materials. All fixings, hinges and hardware must be stainless steel or aluminium alloy.",Warning,IS 733; aluminium design guides,Aluminium gates are my specification for any coastal property and increasingly my recommendation for premium residential construction because the zero-rust zero-maintenance story is compelling over a 20-30 year period. A good anodised aluminium gate on a coastal Mangalore or Kochi property will look new after 20 years while an equivalent MS gate will have been repainted 3 times and still show corrosion at welds and joints. The hardware specification is critical - if anyone installs mild steel hinges or steel bolts into an aluminium gate you get galvanic corrosion at every contact point that destroys both materials. Specify stainless steel or aluminium alloy hardware throughout. The lower weight compared to MS also means the gate is easier to open and puts less stress on the hinge posts.,Zero corrosion - excellent for coastal and humid zones|30-year lifespan with no painting|Lightweight and easy to operate|Zero maintenance once installed|Premium appearance,Higher upfront cost than MS|Fewer fabricators available|Must use compatible SS hardware - galvanic corrosion risk|Less design flexibility than MS for intricate patterns,Aluminium gate. Rust-free for 30 years. Best for coastal zones. Use SS hardware only - steel bolts cause galvanic corrosion.,Active,None,AI
GATE-004,External,Gate & Entry,gate_wrought_iron,Wrought Iron Gate,"Traditional decorative wrought iron gate with scroll work and ornamental elements. Heavy, strong, and classically aesthetic. Higher maintenance requirement than MS powder coat. Preferred for heritage-style bungalows and traditional architecture.",South India,Warm-Humid|Hot-Dry|Temperate|Composite,Standard,4,45,18,Medium,2024-Q1,Wrought iron gate fabrication; specialist blacksmith rate Bangalore 2024; normalized per sqft,40,0.3,5,0.12,0.02,High,Wrought iron lifespan 30-50 years with proper painting maintenance,5,5,9,Medium,Class A,0,8,No thermal contribution.,20,1,N/A,None,Heritage and colonial-style homes|Traditional bungalows,Rust-inhibiting primer|Oil-based gloss paint|Solid gate post anchors in concrete|Heavy-duty hinges,Not recommended for coastal zones without excellent ongoing maintenance.,None,Repaint with rust-inhibiting primer every 3-5 years without exception,Wrought iron gates that miss even one maintenance cycle will show rust penetrating through the paint within 6-12 months of neglect. The repainting cycle of every 3-5 years with rust-inhibiting primer is non-negotiable for the South India climate.,Warning,IS 2932; painting standards,Wrought iron gates are the right choice for heritage bungalows and civil station type homes where the architectural character of the house calls for a traditional ornamental gate. There is no substitute for the aesthetic quality of good wrought iron scroll work - powder-coated MS looks thin and industrial by comparison. The weight is significant - a large double-leaf wrought iron gate can weigh 200-300 kg and the gate posts and hinges must be proportioned for this load. The maintenance commitment is real: the smallest nick in the paint film becomes a rust spot within one monsoon and the rust then works under the paint laterally. At every repaint (every 3-5 years) wire brush all rust spots back to bare metal and apply two coats of rust-inhibiting primer before the topcoat. For clients who maintain their homes well and have authentic traditional architecture this is a wonderful choice.,Exceptional traditional aesthetic|40-year lifespan with maintenance|Strong and heavy - good security|Highly decorative scroll work possible|Heritage character,Highest maintenance requirement - repainting every 3-5 years|Heavy - requires strong gate posts and hinges|Expensive specialist fabrication|Not for coastal zones|High weight,Wrought iron gate. Traditional aesthetic. Repaint with rust-inhibiting primer every 3-5 years. Heavy - size gate posts accordingly.,Active,None,AI
GATE-005,External,Gate & Entry,gate_automated_sliding,Automated Sliding Gate,Motor-driven sliding gate on ground track with remote control and optional intercom. Premium convenience for vehicle access. MS or aluminium gate leaf on galvanised steel track. Standard for premium residential construction.,South India,Warm-Humid|Hot-Dry|Temperate|Composite,Premium,5,80,30,Medium,2024-Q1,Gate motor + track + gate leaf + intercom; standard residential; Bangalore 2024; normalized per sqft,15,0.7,3,0.2,0.02,High,Gate motor lifespan 8-15 years; gate leaf 20+ years; track 20+ years,5,5,7,Medium,Class A,0,10,No thermal contribution.,20,1,N/A,None,All residential configurations,Gate motor (CAME/BFT/Nice brand preferred)|Ground track (galvanised steel)|Manual release mechanism for power failure|Remote controls|Intercom|UPS for gate motor,Track drainage must be maintained in high-rainfall zones to prevent motor flooding.,None,Manual release mechanism mandatory for power failure operation,An automated gate without a manual release mechanism traps vehicles inside during power failure. A manual release key override mechanism on the motor is mandatory.,Strong-Warning,Gate motor manufacturer safety requirements,Automated sliding gates are the premium specification that makes genuine practical sense for households where the car comes and goes multiple times per day. The convenience of pressing a remote and having the gate open is significant. The specification points that matter most are the motor brand and the manual release. Cheap motors from unknown brands fail within 3-5 years in South India heat and humidity. Specify a CAME BFT or Nice motor which are European brands with genuine service network in Bangalore Chennai and Hyderabad. The manual release is non-negotiable safety equipment - a gate that will not open manually when the power is out has trapped many cars in Indian layouts during load shedding. Also specify a UPS specifically for the gate motor so power cuts do not affect gate operation. Maintain the ground track quarterly - monsoon silt accumulation in the track causes the gate to jam and damages the motor.,Maximum convenience - remote operation|No manual effort for vehicle entry|Integration with CCTV and intercom|Prestigious appearance|Good for households with frequent vehicle movement,Highest cost|Motor requires annual maintenance|Manual release mandatory|Motor lifespan 8-15 years|Track maintenance in monsoon|UPS needed for power cut operation,Automated sliding gate. Manual release mandatory. Use CAME/BFT/Nice motor. UPS for gate motor. Quarterly track cleaning.,Active,None,AI
DRIVE-001,External,Driveway Paving,driveway_gravel,Gravel / Crushed Stone Driveway,"Loose gravel or crushed granite chips as driveway surface. Permeable, lowest cost, and quick to install. Requires periodic top-up as material disperses. Suitable for secondary access paths and low-use driveways.",South India,Warm-Humid|Hot-Dry|Temperate|Composite,Basic,1,5,2,High,2024-Q1,Crushed granite chips supply + spreading; Karnataka 2024; normalized per sqft,5,0.8,2,0.3,0.05,Low,Gravel top-up needed every 2-3 years as material disperses,5,5,3,Very High,Non-Rated,0.05,6,Permeable - no heat island effect.,20,1,N/A,Wheelchair or walker access,Car driveways|Garden paths|Secondary access,Geotextile membrane below gravel|Edging restraint on sides,None,None,Geotextile fabric below gravel prevents mixing with soil and extends life,Without geotextile fabric below gravel the stone mixes with soil within 1-2 monsoons creating a muddy surface. Lay geotextile before spreading gravel.,Warning,None,Gravel driveways are practical for secondary access and garden paths but they have real limitations for a primary vehicle driveway in South India conditions. The main issue is that the gravel migrates over time especially during heavy monsoon runoff and needs annual or biannual top-up. The other limitation is wheel track ruts - vehicle tyres compress and displace gravel creating ruts that collect water. For a car driveway used daily the PCC or paver option is significantly more practical. Gravel works well as a permeable filler between paving sections and for garden paths where foot traffic rather than vehicle load is the concern.,Lowest cost|Fully permeable - excellent drainage|Quick installation|Easy to add or top up|No heat island effect,Needs top-up every 2-3 years|Disperses to garden and street|Not suitable for wheelchair access|Ruts under vehicle tyres|Muddy without geotextile base,Gravel driveway. Permeable and cheapest. Lay geotextile underneath. Needs top-up every 2-3 years.,Active,None,AI
DRIVE-002,External,Driveway Paving,driveway_pcc,Plain Cement Concrete (PCC) Driveway,"M20 grade plain cement concrete driveway slab, typically 100-125mm thick. Durable, low maintenance, and handles heavy vehicle loads. Standard residential driveway in South India. Better vehicle handling than gravel or pavers.",South India,Warm-Humid|Hot-Dry|Temperate|Composite,Intermediate,2,18,8,High,2024-Q1,M20 PCC driveway slab; Karnataka PWD SOR 2024-25; normalized per sqft,25,0.6,10,0.08,0.005,Low,PCC driveway lifespan 20-30 years with expansion joints,5,5,8,High,Class A,-0.05,10,Impermeable surface - contributes to heat island. Light colour reduces this.,20,1,N/A,None,All vehicle types|Wheelchair access,M20 concrete|Expansion joints at 3m centres|Textured broom finish for non-slip|Steel mesh for reinforcement of vehicle area,In high rainfall areas slope minimum 1:80 for drainage.,None,Expansion joints at 3m centres mandatory to prevent slab cracking,PCC driveway without expansion joints will crack at irregular intervals within 3-5 years due to thermal expansion and contraction. Saw-cut or insert expansion joints at maximum 3m centres.,Warning,IS 456; NBC 2016,PCC driveways are the standard because they are durable maintenance-free and handle any vehicle including heavy trucks and tankers. The expansion joint is the detail that separates a good PCC driveway from one that cracks within a few years. The joint must be at maximum 3 metre centres in both directions - for a typical 10 metre long driveway that means at least 3 joints. They can be saw-cut after the concrete has cured for 24-48 hours or formed with a plastic insert before casting. Also insist on a broom finish rather than steel trowel smooth - smooth concrete becomes dangerously slippery when wet which is a safety hazard in a driveway. Minimum 1:80 slope toward the street or a drain to prevent water ponding.,Durable 25-year lifespan|Low maintenance|Handles all vehicle loads|Smooth for wheelchair|Widely understood by contractors,Impermeable - no groundwater recharge|Heat island contribution|Cracks without proper expansion joints|Monolithic - localised repairs visible|Slippery if over-trowelled,PCC driveway. Expansion joints at 3m centres mandatory. Broom finish for non-slip. Slope 1:80 for drainage.,Active,None,AI
DRIVE-003,External,Driveway Paving,driveway_interlocking_pavers,Interlocking Paver Blocks,"Concrete interlocking paver blocks (60-80mm thick) on compacted sand bed. Permeable through joints, individually replaceable, attractive range of patterns and colours. Popular for premium residential driveways and pathways in South India.",South India,Warm-Humid|Hot-Dry|Temperate|Composite,Performance,3,28,12,High,2024-Q1,Paver blocks + sand bed + compaction; Bangalore/Chennai contractor rates 2024; normalized per sqft,30,0.5,10,0.05,0.005,Low,Paver block lifespan 30+ years; individual blocks replaceable,5,5,8,High,Class A,0.05,9,Permeable joints allow partial groundwater recharge. Less heat island than solid PCC.,20,1,N/A,None,All vehicle types|Attractive garden areas|Premium residential driveways,80mm thick paver blocks (10N/mm2 minimum)|50mm compacted sand bed|Geotextile below sand|Edge restraint kerb|Plate compactor for settlement,In high-rainfall areas use jointing sand stabilised with polymer additive to prevent washout.,None,Edge kerb restraint mandatory - pavers migrate laterally without restraint,Interlocking pavers without a rigid edge kerb or restraint will spread laterally over time leaving gaps at edges. A concrete kerb or steel edge restraint is mandatory around the perimeter.,Warning,IS 15658; IS 1237; paver block specification,Interlocking paver blocks are my recommendation for premium residential driveways because the result looks beautiful and they have a significant practical advantage over monolithic PCC - individual blocks can be lifted and reset to access underground pipes without cutting or patching concrete. The permeable joints also allow meaningful groundwater recharge which is increasingly important in Bangalore where groundwater is being depleted. The installation quality matters significantly - the sand bed must be precisely 50mm thick and plate compacted before paving begins. The edge kerb is mandatory because without a restraint the pavers migrate outward at the edges within one monsoon season. In high rainfall areas use polymer stabilised jointing sand rather than plain sand which washes out of the joints repeatedly.,Permeable - groundwater recharge|Individual blocks replaceable for plumbing access|Attractive patterns and colours|30-year lifespan|Premium aesthetic,Higher cost than PCC|Edge restraint mandatory|Jointing sand needs polymer stabiliser in high rainfall|Settlement if sand bed not properly compacted|Slightly uneven surface for wheelchairs,Interlocking paver blocks. 30-year lifespan. Edge kerb restraint mandatory. Use polymer jointing sand in high rainfall areas.,Active,None,AI
DRIVE-004,External,Driveway Paving,driveway_exposed_aggregate,Exposed Aggregate Concrete,Concrete driveway with surface aggregate exposed by washing before full cure. Creates textured non-slip surface with decorative appearance. Combination of durability of PCC with improved aesthetics. Good for premium entrance driveways.,South India,Warm-Humid|Hot-Dry|Temperate|Composite,Premium,4,35,15,Medium,2024-Q1,Exposed aggregate concrete; specialist contractor Bangalore 2024; normalized per sqft,25,0.6,10,0.06,0.003,Low,Exposed aggregate lifespan same as PCC base; surface texture wears gradually,5,5,8,High,Class A,-0.03,9,Textured surface - slight reduction in heat absorption vs smooth PCC.,20,1,N/A,None,Premium residential driveways|Entrance plaza areas,Selected aggregate for surface (pea gravel or crushed granite)|Surface retarder application|Water washing 4-8 hours after pour|Expansion joints|Sealer after 28-day cure,None,None,"Timing of wash is critical - wash too early loses aggregate retention, too late aggregate cannot be removed",The surface wash that exposes aggregate must be done 4-8 hours after concrete pour when the retarder has softened the surface cement but the base concrete is still firm. Timing depends on temperature and humidity. Test a small corner before washing entire area.,Warning,ACI 308; concrete finishing practice,"Exposed aggregate concrete is the premium choice for a distinctive entrance driveway that has more visual character than plain PCC while maintaining the same structural durability. The technique involves applying a surface retarder chemical that prevents the top few millimetres of cement from curing, then washing with water 4-8 hours later to expose the aggregate below. The timing is the most critical skill element - in South India summer at 35 degrees the retarder works faster than in cool monsoon conditions and the contractor must test a corner before washing the whole area. The aggregate selection is a design choice - red Bangalore granite chips give a traditional appearance while river pebble aggregate gives a contemporary look. Apply a penetrating sealer after 28 days of curing to protect the surface and deepen the colour.",Best aesthetic of all concrete driveways|Non-slip texture - safety advantage|Same durability as PCC base|Distinctive premium appearance|Design flexibility in aggregate choice,Specialist contractor required - timing is critical|Higher cost than plain PCC|Timing failure ruins entire pour|Must be sealed after curing|Impermeable like PCC,Exposed aggregate concrete. Best-looking driveway option. Timing of wash is critical - use specialist contractor.,Active,None,AI
GARD-001,External,Garden Landscape,garden_no_landscaping,No Landscaping (Full Hardscape),"No planted garden areas. All external space is paved, concreted, or gravelled. Minimal maintenance. Preferred where domestic help is not available for garden upkeep or where full car parking coverage is the priority.",South India,Warm-Humid|Hot-Dry|Temperate|Composite,Basic,1,0,0,High,2024-Q1,No landscaping cost,0,0,0,0,0,Low,No landscape - no lifecycle,2,3,10,High,Non-Rated,-0.1,10,Full hardscape maximum heat island effect. Increases ambient temperature around building 1-2 degrees.,20,1,N/A,None,All residential configurations,None,None,None,Full hardscape increases ambient temperature and AC load - consider at least 20% soft landscaping,A fully paved external area increases the ambient temperature around the building by 1-2°C due to heat island effect. This increases cooling loads. Even a 20% soft landscape area significantly reduces this.,Warning,ECBC 2017; heat island effect literature,Full hardscape is a legitimate choice for plots where maintenance help is not available or where the site is used predominantly for vehicle parking. The thermal consequence is real - a fully paved external area in Bangalore summer can reach 55-60 degrees at noon and radiates this heat to the adjacent walls increasing cooling loads meaningfully. Even a single large shade tree or a 3-4 metre planted strip can reduce this significantly. If maintenance is the concern consider planting a few large shade trees in the setback area - mature trees require almost no maintenance and provide genuinely significant cooling through shade and evapotranspiration.,Zero maintenance|Maximum parking area|No irrigation needed|Clean minimal aesthetic,Maximum heat island effect - increases cooling loads|No biodiversity benefit|Reduced rainwater infiltration|Reduces neighbourhood greenery|Bare industrial appearance,Full hardscape. Zero maintenance but increases cooling loads. Even one large tree makes a significant difference.,Active,None,AI
GARD-002,External,Garden Landscape,garden_basic_lawn,Basic Lawn + Border Planting,"Simple lawn grass (Doob/Korea/Manila grass) with border planting of seasonal flowers and shrubs. Low-cost, pleasant appearance, and easy maintenance. Most common residential garden in South India.",South India,Warm-Humid|Hot-Dry|Temperate|Composite,Intermediate,2,8,4,High,2024-Q1,Lawn grass sodding + border plant material; Bangalore nursery rates 2024; normalized per sqft,20,0.4,5,0.15,0.03,Medium,Lawn requires ongoing maintenance - mowing irrigation weeding,5,5,6,Medium,Non-Rated,0.05,9,Lawn reduces heat island versus hardscape. Evapotranspiration cools surrounding air by 1-2 degrees.,20,1,N/A,None,All residential configurations,Korea or Manila grass (lower water requirement than Doob)|Drip irrigation provision|Lawn mower|Seasonal planting budget,Korea grass recommended over Doob for Hot-Dry zones as lower water requirement.,None,Provide drip irrigation from the start - watering by hose wastes 3x more water,Hand watering or hose watering of lawn uses 3-4 times more water than drip or sprinkler irrigation. Install irrigation system during construction when pipes can be laid under the lawn.,Warning,None,"A simple lawn and border garden is the right choice for most South India residential plots and the key to getting it right is water management. A Doob grass lawn in Bangalore summer needs watering every day without drip irrigation which is time consuming and wasteful. Switch to Korea or Manila grass which are significantly more drought tolerant and can skip a day of watering. Better still install a simple drip irrigation or pop-up sprinkler system during construction when the ground is open - running the pipe under the lawn afterwards requires digging through established grass. The border planting with seasonal flowers like marigold, portulaca and bougainvillea gives continuous colour with minimal effort and the bougainvillea can double as a natural security barrier on the boundary.",Pleasant green environment|Reduces heat island vs hardscape|Low cost to establish|Flexible - can be changed over time|Good for children to play on,Weekly lawn mowing required|Regular watering needed|Weed management|Seasonal plants need replacement|Dog or heavy foot traffic damages lawn,Basic lawn and borders. Install drip irrigation during construction. Korea grass better than Doob for drought tolerance.,Active,None,AI
GARD-003,External,Garden Landscape,garden_designed_landscape,Designed Landscape with Shade Trees,"Professionally designed landscape with shade trees, feature planting, paved paths, and lawn areas. Includes large-canopy shade trees (Raintree, Neem, Jamun, Pongamia) for long-term cooling benefit. Trees reduce AC load more effectively than most insulation options over 20+ years.",South India,Warm-Humid|Hot-Dry|Temperate|Composite,Performance,3,20,10,Medium,2024-Q1,Landscape design fee + plant material + planting; Bangalore landscape contractor 2024; normalized per sqft,30,0.3,10,0.1,0.03,Medium,Mature trees provide increasing benefit over 20-30 year period; low maintenance once established,7,6,7,Medium,Non-Rated,0.15,8,Mature shade tree canopy reduces solar radiation on walls and roof by 30-60%. Better long-term cooling than most insulation.,20,1,N/A,None,All residential configurations|Energy-efficient homes|IGBC Green Homes compliance,"Landscape architect plan|Shade tree species selected for climate (Neem, Pongamia, Jamun)|Drip irrigation|Soil improvement for tree planting pits",None,None,Plant shade trees in first year of occupancy - 10-year establishment time for effective shade,Shade trees take 8-15 years to provide effective canopy coverage. Plant them in the first year of occupancy for cooling benefits within the first decade of living in the house.,Warning,GRIHA landscape guidelines; urban forestry literature,"A properly designed landscape with shade trees is the most effective passive cooling investment you can make for a South India house and the most chronically undervalued. A mature Neem or Pongamia tree with a 10-metre canopy casting shade on your west wall from 2pm to sunset reduces the solar radiation hitting that wall by 60-80 percent. Compare this to the 25-35 percent reduction a cavity wall gives you. Trees win and they get better every year. The critical point is timing - you must plant trees in the first year of occupancy because they need 8-15 years to provide meaningful shade. A 40-foot Neem tree that a previous resident planted on a Bangalore plot is worth lakhs in cooling benefit. Choose native South India species: Neem, Pongamia, Jamun, and Raintree are all fast growing, provide excellent shade, and are completely adapted to the climate requiring minimal water once established.",Best long-term cooling benefit of any external investment|Increasing benefit over 20-30 years|Biodiversity and bird habitat|Good acoustic buffer from street noise|Improves property aesthetics and value|Low maintenance once established,10-15 year establishment time before full benefit|Initial professional landscape cost|Root systems can affect foundations if planted too close|Some trees drop leaves and fruit requiring sweeping|Professional landscape plan cost,"Designed landscape with shade trees. Best long-term cooling investment. Plant trees in first year. Neem, Pongamia, Jamun recommended.",Active,None,AI
GARD-004,External,Garden Landscape,garden_terrace_rooftop,Terrace / Rooftop Garden,"Green roof or rooftop garden on flat RCC roof using lightweight growing medium, waterproof root barrier membrane, and appropriate drought-tolerant plants. Reduces roof surface temperature by 15-25°C, improves waterproofing protection, and provides productive or ornamental garden space.",South India,Warm-Humid|Hot-Dry|Temperate|Composite,Premium,4,35,18,Medium,2024-Q1,Root barrier membrane + lightweight substrate + plants + drip irrigation; Bangalore 2024; normalized per sqft of roof area,20,0.6,5,0.15,0.04,High,Root barrier 20-25 years; plant material ongoing; substrate top-up every 5 years,8,7,7,Very High,Non-Rated,0.2,7,Green roof reduces roof surface temperature by 15-25 degrees C. Reduces heat transfer into building significantly.,20,1,N/A,None,Flat RCC roof|IGBC Green Homes compliance|Urban agriculture,Root barrier and waterproof membrane (torch-applied APP)|Drainage layer (drainage cells)|Lightweight growing substrate (perlite mix)|Drip irrigation|Structural engineer check for additional load|Access staircase,None,None,Structural engineer must confirm roof slab can carry additional loading (50-100 kg/sqm) before terrace garden,A terrace garden with growing medium adds 50-100 kg per sqm to the roof slab load. The structural engineer must confirm the slab design can accommodate this before proceeding. Overloading causes slab cracking.,Strong-Warning,IS 456 structural loading; green roof specifications,Terrace gardens are one of the most effective thermal interventions available for a South India flat-roof house. An unprotected RCC roof slab in Bangalore peaks at 65-70 degrees on a May afternoon and radiates this heat downward into the top floor living space all evening. A terrace garden with even 100-150mm of growing medium and dense plant coverage keeps the roof surface below 30-35 degrees because the plants shade the membrane and the evapotranspiration provides cooling. This translates directly into cooler top-floor bedrooms and lower AC run hours. The root barrier and waterproofing must be done correctly - a quality torch-applied APP membrane with a root-resistant barrier is essential before any substrate goes down because plant roots will find and penetrate any weakness in the waterproofing. Have the structural engineer confirm the slab design before loading the roof - a typical South India 125mm RCC slab is designed for 200 kg/sqm imposed load and 100mm of substrate adds about 80 kg/sqm which is within capacity but must be verified.,Reduces roof temperature by 15-25 degrees - significant cooling benefit|Improves waterproofing protection life|Productive space for kitchen garden or ornamental plants|Urban biodiversity|Stormwater management|IGBC compliance,Structural load check mandatory|Waterproofing root barrier installation quality critical|High maintenance - regular watering weeding|Limited weight means shallow substrate|Professional installation required,Terrace/rooftop garden. Structural engineer check for load capacity mandatory. Root barrier waterproofing critical. Reduces top floor temperature significantly.,Active,None,AI
